ligando,proteina,y_ligando_proteina,MolWt,ExactMolWt,MolLogP,TPSA,NumHDonors,NumHAcceptors,NumRotatableBonds,NumHeavyAtoms,NumAtoms,FractionCSP3,NumRings,FormalCharge,Chi0n,Chi1n,Kappa1,Kappa2,LabuteASA,Asphericity,Eccentricity,InertialShapeFactor,NPR1,NPR2,PMI1,PMI2,PMI3,RadiusOfGyration,SpherocityIndex,n_layerposition,mem_distribution_mean,mem_distribution_min,mem_distribution_max,mem_distribution_center,mem_distribution_argmax_depth,mem_distribution_argmin_depth,mem_free_energy_mean,mem_free_energy_min,mem_free_energy_max,mem_free_energy_center,mem_free_energy_argmax_depth,mem_free_energy_argmin_depth,mem_meanentropy_mean,mem_meanentropy_min,mem_meanentropy_max,mem_meanentropy_center,mem_meanentropy_argmax_depth,mem_meanentropy_argmin_depth,mem_distribution_sum,mem_distribution_nonzero_center,mem_free_energy_barrier,mem_logP,mem_logP_kg_l,mem_logPerm,mem_diffusion_E9_mean,mem_diffusion_E9_min,mem_diffusion_E9_max,mem_diffusion_E9_center,mem_diffusion_E9_argmax_depth,mem_diffusion_E9_argmin_depth,nanoparticula,E_nano_proteina,n_energias_detectadas,archivo_dlg_nano_proteina,z_ligando_proteina,score_ligando_proteina,z_nano_proteina,score_nano_proteina,score_contextual,score_contextual_medio
1-Butanethiol,1ao6,-3.07,90.19099999999996,90.05032132,1.7163,0.0,1,1,3,5,15,1.0,0,0,12.408248290463863,5.862372435695795,0.4916188129029124,4.349999999999999,52.719744903903525,0.5846479433929394,0.9862456555791664,0.0164685181983824,0.1652861362946694,0.904700283613982,54.93513579763599,300.68966490867587,332.3638450819523,1.952963094911496,0.2961851744192379,30.0,0.0333333333333333,0.0008218197547278,0.093684199711615,0.056819065228031,10.81,33.58,-1.6789951885559613,-2.919045460321,0.0,-2.610844346709,33.58,10.81,7.84726583660364,5.30541954e-05,30.0,1.0,,,1.0000000000000009,1.0,2.919045460321,1.95159551,1.84699003,-0.64454488,0.3431049821203533,0.0001186961341826,1.312787859363,0.21087186632638,33.58,16.51,Ag_13,-2.24,22.0,Ag_13_1ao6.dlg,1.1575402605489231,-1.1575402605489231,0.7264062428081293,-0.7264062428081293,-1.8839465033570524,-0.9419732516785262
1-Butanethiol,1ao6,-3.07,90.19099999999996,90.05032132,1.7163,0.0,1,1,3,5,15,1.0,0,0,12.408248290463863,5.862372435695795,0.4916188129029124,4.349999999999999,52.719744903903525,0.5846479433929394,0.9862456555791664,0.0164685181983824,0.1652861362946694,0.904700283613982,54.93513579763599,300.68966490867587,332.3638450819523,1.952963094911496,0.2961851744192379,30.0,0.0333333333333333,0.0008218197547278,0.093684199711615,0.056819065228031,10.81,33.58,-1.6789951885559613,-2.919045460321,0.0,-2.610844346709,33.58,10.81,7.84726583660364,5.30541954e-05,30.0,1.0,,,1.0000000000000009,1.0,2.919045460321,1.95159551,1.84699003,-0.64454488,0.3431049821203533,0.0001186961341826,1.312787859363,0.21087186632638,33.58,16.51,Au_13,-2.34,22.0,Au_13_1ao6.dlg,1.1575402605489231,-1.1575402605489231,0.6876301088504001,-0.6876301088504001,-1.845170369399323,-0.9225851846996616
1-Butanethiol,1ao6,-3.07,90.19099999999996,90.05032132,1.7163,0.0,1,1,3,5,15,1.0,0,0,12.408248290463863,5.862372435695795,0.4916188129029124,4.349999999999999,52.719744903903525,0.5846479433929394,0.9862456555791664,0.0164685181983824,0.1652861362946694,0.904700283613982,54.93513579763599,300.68966490867587,332.3638450819523,1.952963094911496,0.2961851744192379,30.0,0.0333333333333333,0.0008218197547278,0.093684199711615,0.056819065228031,10.81,33.58,-1.6789951885559613,-2.919045460321,0.0,-2.610844346709,33.58,10.81,7.84726583660364,5.30541954e-05,30.0,1.0,,,1.0000000000000009,1.0,2.919045460321,1.95159551,1.84699003,-0.64454488,0.3431049821203533,0.0001186961341826,1.312787859363,0.21087186632638,33.58,16.51,ZnO_12_0,-7.76,22.0,ZnO_12_0_1ao6.dlg,1.1575402605489231,-1.1575402605489231,-1.4140363516585295,1.4140363516585295,0.25649609110960636,0.12824804555480318
1-Butanethiol,1hzh,-2.759,90.19099999999996,90.05032132,1.7163,0.0,1,1,3,5,15,1.0,0,0,12.408248290463863,5.862372435695795,0.4916188129029124,4.349999999999999,52.719744903903525,0.5846479433929394,0.9862456555791664,0.0164685181983824,0.1652861362946694,0.904700283613982,54.93513579763599,300.68966490867587,332.3638450819523,1.952963094911496,0.2961851744192379,30.0,0.0333333333333333,0.0008218197547278,0.093684199711615,0.056819065228031,10.81,33.58,-1.6789951885559613,-2.919045460321,0.0,-2.610844346709,33.58,10.81,7.84726583660364,5.30541954e-05,30.0,1.0,,,1.0000000000000009,1.0,2.919045460321,1.95159551,1.84699003,-0.64454488,0.3431049821203533,0.0001186961341826,1.312787859363,0.21087186632638,33.58,16.51,Ag_13,-2.13,20.0,Ag_13_1hzh.dlg,1.3541049447307802,-1.3541049447307802,0.7050874408894409,-0.7050874408894409,-2.059192385620221,-1.0295961928101105
1-Butanethiol,1hzh,-2.759,90.19099999999996,90.05032132,1.7163,0.0,1,1,3,5,15,1.0,0,0,12.408248290463863,5.862372435695795,0.4916188129029124,4.349999999999999,52.719744903903525,0.5846479433929394,0.9862456555791664,0.0164685181983824,0.1652861362946694,0.904700283613982,54.93513579763599,300.68966490867587,332.3638450819523,1.952963094911496,0.2961851744192379,30.0,0.0333333333333333,0.0008218197547278,0.093684199711615,0.056819065228031,10.81,33.58,-1.6789951885559613,-2.919045460321,0.0,-2.610844346709,33.58,10.81,7.84726583660364,5.30541954e-05,30.0,1.0,,,1.0000000000000009,1.0,2.919045460321,1.95159551,1.84699003,-0.64454488,0.3431049821203533,0.0001186961341826,1.312787859363,0.21087186632638,33.58,16.51,Au_13,-2.12,19.0,Au_13_1hzh.dlg,1.3541049447307802,-1.3541049447307802,0.7091242010472047,-0.7091242010472047,-2.063229145777985,-1.0316145728889925
1-Butanethiol,1hzh,-2.759,90.19099999999996,90.05032132,1.7163,0.0,1,1,3,5,15,1.0,0,0,12.408248290463863,5.862372435695795,0.4916188129029124,4.349999999999999,52.719744903903525,0.5846479433929394,0.9862456555791664,0.0164685181983824,0.1652861362946694,0.904700283613982,54.93513579763599,300.68966490867587,332.3638450819523,1.952963094911496,0.2961851744192379,30.0,0.0333333333333333,0.0008218197547278,0.093684199711615,0.056819065228031,10.81,33.58,-1.6789951885559613,-2.919045460321,0.0,-2.610844346709,33.58,10.81,7.84726583660364,5.30541954e-05,30.0,1.0,,,1.0000000000000009,1.0,2.919045460321,1.95159551,1.84699003,-0.64454488,0.3431049821203533,0.0001186961341826,1.312787859363,0.21087186632638,33.58,16.51,ZnO_12_0,-7.38,22.0,ZnO_12_0_1hzh.dlg,1.3541049447307802,-1.3541049447307802,-1.4142116419366457,1.4142116419366457,0.06010669720586548,0.03005334860293274
1-Butanethiol,2hav,-2.821,90.19099999999996,90.05032132,1.7163,0.0,1,1,3,5,15,1.0,0,0,12.408248290463863,5.862372435695795,0.4916188129029124,4.349999999999999,52.719744903903525,0.5846479433929394,0.9862456555791664,0.0164685181983824,0.1652861362946694,0.904700283613982,54.93513579763599,300.68966490867587,332.3638450819523,1.952963094911496,0.2961851744192379,30.0,0.0333333333333333,0.0008218197547278,0.093684199711615,0.056819065228031,10.81,33.58,-1.6789951885559613,-2.919045460321,0.0,-2.610844346709,33.58,10.81,7.84726583660364,5.30541954e-05,30.0,1.0,,,1.0000000000000009,1.0,2.919045460321,1.95159551,1.84699003,-0.64454488,0.3431049821203533,0.0001186961341826,1.312787859363,0.21087186632638,33.58,16.51,Ag_13,-2.17,23.0,Ag_13_2hav.dlg,1.3953415099210635,-1.3953415099210635,0.7360514352688697,-0.7360514352688697,-2.1313929451899334,-1.0656964725949667
1-Butanethiol,2hav,-2.821,90.19099999999996,90.05032132,1.7163,0.0,1,1,3,5,15,1.0,0,0,12.408248290463863,5.862372435695795,0.4916188129029124,4.349999999999999,52.719744903903525,0.5846479433929394,0.9862456555791664,0.0164685181983824,0.1652861362946694,0.904700283613982,54.93513579763599,300.68966490867587,332.3638450819523,1.952963094911496,0.2961851744192379,30.0,0.0333333333333333,0.0008218197547278,0.093684199711615,0.056819065228031,10.81,33.58,-1.6789951885559613,-2.919045460321,0.0,-2.610844346709,33.58,10.81,7.84726583660364,5.30541954e-05,30.0,1.0,,,1.0000000000000009,1.0,2.919045460321,1.95159551,1.84699003,-0.64454488,0.3431049821203533,0.0001186961341826,1.312787859363,0.21087186632638,33.58,16.51,Au_13,-2.34,21.0,Au_13_2hav.dlg,1.3953415099210635,-1.3953415099210635,0.6777616476932294,-0.6777616476932294,-2.073103157614293,-1.0365515788071464
1-Butanethiol,2hav,-2.821,90.19099999999996,90.05032132,1.7163,0.0,1,1,3,5,15,1.0,0,0,12.408248290463863,5.862372435695795,0.4916188129029124,4.349999999999999,52.719744903903525,0.5846479433929394,0.9862456555791664,0.0164685181983824,0.1652861362946694,0.904700283613982,54.93513579763599,300.68966490867587,332.3638450819523,1.952963094911496,0.2961851744192379,30.0,0.0333333333333333,0.0008218197547278,0.093684199711615,0.056819065228031,10.81,33.58,-1.6789951885559613,-2.919045460321,0.0,-2.610844346709,33.58,10.81,7.84726583660364,5.30541954e-05,30.0,1.0,,,1.0000000000000009,1.0,2.919045460321,1.95159551,1.84699003,-0.64454488,0.3431049821203533,0.0001186961341826,1.312787859363,0.21087186632638,33.58,16.51,ZnO_12_0,-8.44,21.0,ZnO_12_0_2hav.dlg,1.3953415099210635,-1.3953415099210635,-1.4138130829620992,1.4138130829620992,0.018471573041035638,0.009235786520517819
1-Butanethiol,3ghg,-2.861,90.19099999999996,90.05032132,1.7163,0.0,1,1,3,5,15,1.0,0,0,12.408248290463863,5.862372435695795,0.4916188129029124,4.349999999999999,52.719744903903525,0.5846479433929394,0.9862456555791664,0.0164685181983824,0.1652861362946694,0.904700283613982,54.93513579763599,300.68966490867587,332.3638450819523,1.952963094911496,0.2961851744192379,30.0,0.0333333333333333,0.0008218197547278,0.093684199711615,0.056819065228031,10.81,33.58,-1.6789951885559613,-2.919045460321,0.0,-2.610844346709,33.58,10.81,7.84726583660364,5.30541954e-05,30.0,1.0,,,1.0000000000000009,1.0,2.919045460321,1.95159551,1.84699003,-0.64454488,0.3431049821203533,0.0001186961341826,1.312787859363,0.21087186632638,33.58,16.51,,,,,1.1319964625098948,-1.1319964625098948,,,,
1-Dodecanethiol,1ao6,-4.709,202.40700000000024,202.175521832,4.837100000000006,0.0,1,1,11,13,39,1.0,0,0,32.40824829046386,15.862372435695796,1.384472852628555,12.35,126.11880982176126,0.5792845441229384,0.9858366265632472,0.0018200658839408,0.167708514173837,0.8849369646590651,486.2115006204973,2565.561633295746,2899.146194310197,3.8341073610708274,0.1893095371039852,30.0,0.0333333333333333,3.4883144241109e-07,0.094874235143882,0.094874235143882,0.57,33.58,-4.651673689996757,-7.7124443404214,0.0,-7.7124443404214,33.58,0.57,8.250922537017667,0.0012815373,30.0,1.0,,,1.0000000000000009,1.0,7.7124443404214,5.32858249,5.22397701,1.15922845,0.1815281656026248,6.3803254279407e-05,0.69033227599378,0.11493478539179,33.58,16.51,Ag_13,-2.24,22.0,Ag_13_1ao6.dlg,0.061640945942279854,-0.061640945942279854,0.7264062428081293,-0.7264062428081293,-0.7880471887504091,-0.39402359437520457
1-Dodecanethiol,1ao6,-4.709,202.40700000000024,202.175521832,4.837100000000006,0.0,1,1,11,13,39,1.0,0,0,32.40824829046386,15.862372435695796,1.384472852628555,12.35,126.11880982176126,0.5792845441229384,0.9858366265632472,0.0018200658839408,0.167708514173837,0.8849369646590651,486.2115006204973,2565.561633295746,2899.146194310197,3.8341073610708274,0.1893095371039852,30.0,0.0333333333333333,3.4883144241109e-07,0.094874235143882,0.094874235143882,0.57,33.58,-4.651673689996757,-7.7124443404214,0.0,-7.7124443404214,33.58,0.57,8.250922537017667,0.0012815373,30.0,1.0,,,1.0000000000000009,1.0,7.7124443404214,5.32858249,5.22397701,1.15922845,0.1815281656026248,6.3803254279407e-05,0.69033227599378,0.11493478539179,33.58,16.51,Au_13,-2.34,22.0,Au_13_1ao6.dlg,0.061640945942279854,-0.061640945942279854,0.6876301088504001,-0.6876301088504001,-0.74927105479268,-0.37463552739634
1-Dodecanethiol,1ao6,-4.709,202.40700000000024,202.175521832,4.837100000000006,0.0,1,1,11,13,39,1.0,0,0,32.40824829046386,15.862372435695796,1.384472852628555,12.35,126.11880982176126,0.5792845441229384,0.9858366265632472,0.0018200658839408,0.167708514173837,0.8849369646590651,486.2115006204973,2565.561633295746,2899.146194310197,3.8341073610708274,0.1893095371039852,30.0,0.0333333333333333,3.4883144241109e-07,0.094874235143882,0.094874235143882,0.57,33.58,-4.651673689996757,-7.7124443404214,0.0,-7.7124443404214,33.58,0.57,8.250922537017667,0.0012815373,30.0,1.0,,,1.0000000000000009,1.0,7.7124443404214,5.32858249,5.22397701,1.15922845,0.1815281656026248,6.3803254279407e-05,0.69033227599378,0.11493478539179,33.58,16.51,ZnO_12_0,-7.76,22.0,ZnO_12_0_1ao6.dlg,0.061640945942279854,-0.061640945942279854,-1.4140363516585295,1.4140363516585295,1.3523954057162497,0.6761977028581249
1-Dodecanethiol,1hzh,-4.525,202.40700000000024,202.175521832,4.837100000000006,0.0,1,1,11,13,39,1.0,0,0,32.40824829046386,15.862372435695796,1.384472852628555,12.35,126.11880982176126,0.5792845441229384,0.9858366265632472,0.0018200658839408,0.167708514173837,0.8849369646590651,486.2115006204973,2565.561633295746,2899.146194310197,3.8341073610708274,0.1893095371039852,30.0,0.0333333333333333,3.4883144241109e-07,0.094874235143882,0.094874235143882,0.57,33.58,-4.651673689996757,-7.7124443404214,0.0,-7.7124443404214,33.58,0.57,8.250922537017667,0.0012815373,30.0,1.0,,,1.0000000000000009,1.0,7.7124443404214,5.32858249,5.22397701,1.15922845,0.1815281656026248,6.3803254279407e-05,0.69033227599378,0.11493478539179,33.58,16.51,Ag_13,-2.13,20.0,Ag_13_1hzh.dlg,0.1260370925456756,-0.1260370925456756,0.7050874408894409,-0.7050874408894409,-0.8311245334351165,-0.41556226671755825
1-Dodecanethiol,1hzh,-4.525,202.40700000000024,202.175521832,4.837100000000006,0.0,1,1,11,13,39,1.0,0,0,32.40824829046386,15.862372435695796,1.384472852628555,12.35,126.11880982176126,0.5792845441229384,0.9858366265632472,0.0018200658839408,0.167708514173837,0.8849369646590651,486.2115006204973,2565.561633295746,2899.146194310197,3.8341073610708274,0.1893095371039852,30.0,0.0333333333333333,3.4883144241109e-07,0.094874235143882,0.094874235143882,0.57,33.58,-4.651673689996757,-7.7124443404214,0.0,-7.7124443404214,33.58,0.57,8.250922537017667,0.0012815373,30.0,1.0,,,1.0000000000000009,1.0,7.7124443404214,5.32858249,5.22397701,1.15922845,0.1815281656026248,6.3803254279407e-05,0.69033227599378,0.11493478539179,33.58,16.51,Au_13,-2.12,19.0,Au_13_1hzh.dlg,0.1260370925456756,-0.1260370925456756,0.7091242010472047,-0.7091242010472047,-0.8351612935928804,-0.4175806467964402
1-Dodecanethiol,1hzh,-4.525,202.40700000000024,202.175521832,4.837100000000006,0.0,1,1,11,13,39,1.0,0,0,32.40824829046386,15.862372435695796,1.384472852628555,12.35,126.11880982176126,0.5792845441229384,0.9858366265632472,0.0018200658839408,0.167708514173837,0.8849369646590651,486.2115006204973,2565.561633295746,2899.146194310197,3.8341073610708274,0.1893095371039852,30.0,0.0333333333333333,3.4883144241109e-07,0.094874235143882,0.094874235143882,0.57,33.58,-4.651673689996757,-7.7124443404214,0.0,-7.7124443404214,33.58,0.57,8.250922537017667,0.0012815373,30.0,1.0,,,1.0000000000000009,1.0,7.7124443404214,5.32858249,5.22397701,1.15922845,0.1815281656026248,6.3803254279407e-05,0.69033227599378,0.11493478539179,33.58,16.51,ZnO_12_0,-7.38,22.0,ZnO_12_0_1hzh.dlg,0.1260370925456756,-0.1260370925456756,-1.4142116419366457,1.4142116419366457,1.2881745493909702,0.6440872746954851
1-Dodecanethiol,2hav,-4.842,202.40700000000024,202.175521832,4.837100000000006,0.0,1,1,11,13,39,1.0,0,0,32.40824829046386,15.862372435695796,1.384472852628555,12.35,126.11880982176126,0.5792845441229384,0.9858366265632472,0.0018200658839408,0.167708514173837,0.8849369646590651,486.2115006204973,2565.561633295746,2899.146194310197,3.8341073610708274,0.1893095371039852,30.0,0.0333333333333333,3.4883144241109e-07,0.094874235143882,0.094874235143882,0.57,33.58,-4.651673689996757,-7.7124443404214,0.0,-7.7124443404214,33.58,0.57,8.250922537017667,0.0012815373,30.0,1.0,,,1.0000000000000009,1.0,7.7124443404214,5.32858249,5.22397701,1.15922845,0.1815281656026248,6.3803254279407e-05,0.69033227599378,0.11493478539179,33.58,16.51,Ag_13,-2.17,23.0,Ag_13_2hav.dlg,0.18466508646418675,-0.18466508646418675,0.7360514352688697,-0.7360514352688697,-0.9207165217330565,-0.46035826086652826
1-Dodecanethiol,2hav,-4.842,202.40700000000024,202.175521832,4.837100000000006,0.0,1,1,11,13,39,1.0,0,0,32.40824829046386,15.862372435695796,1.384472852628555,12.35,126.11880982176126,0.5792845441229384,0.9858366265632472,0.0018200658839408,0.167708514173837,0.8849369646590651,486.2115006204973,2565.561633295746,2899.146194310197,3.8341073610708274,0.1893095371039852,30.0,0.0333333333333333,3.4883144241109e-07,0.094874235143882,0.094874235143882,0.57,33.58,-4.651673689996757,-7.7124443404214,0.0,-7.7124443404214,33.58,0.57,8.250922537017667,0.0012815373,30.0,1.0,,,1.0000000000000009,1.0,7.7124443404214,5.32858249,5.22397701,1.15922845,0.1815281656026248,6.3803254279407e-05,0.69033227599378,0.11493478539179,33.58,16.51,Au_13,-2.34,21.0,Au_13_2hav.dlg,0.18466508646418675,-0.18466508646418675,0.6777616476932294,-0.6777616476932294,-0.8624267341574162,-0.4312133670787081
1-Dodecanethiol,2hav,-4.842,202.40700000000024,202.175521832,4.837100000000006,0.0,1,1,11,13,39,1.0,0,0,32.40824829046386,15.862372435695796,1.384472852628555,12.35,126.11880982176126,0.5792845441229384,0.9858366265632472,0.0018200658839408,0.167708514173837,0.8849369646590651,486.2115006204973,2565.561633295746,2899.146194310197,3.8341073610708274,0.1893095371039852,30.0,0.0333333333333333,3.4883144241109e-07,0.094874235143882,0.094874235143882,0.57,33.58,-4.651673689996757,-7.7124443404214,0.0,-7.7124443404214,33.58,0.57,8.250922537017667,0.0012815373,30.0,1.0,,,1.0000000000000009,1.0,7.7124443404214,5.32858249,5.22397701,1.15922845,0.1815281656026248,6.3803254279407e-05,0.69033227599378,0.11493478539179,33.58,16.51,ZnO_12_0,-8.44,21.0,ZnO_12_0_2hav.dlg,0.18466508646418675,-0.18466508646418675,-1.4138130829620992,1.4138130829620992,1.2291479964979124,0.6145739982489562
1-Dodecanethiol,3ghg,-4.179,202.40700000000024,202.175521832,4.837100000000006,0.0,1,1,11,13,39,1.0,0,0,32.40824829046386,15.862372435695796,1.384472852628555,12.35,126.11880982176126,0.5792845441229384,0.9858366265632472,0.0018200658839408,0.167708514173837,0.8849369646590651,486.2115006204973,2565.561633295746,2899.146194310197,3.8341073610708274,0.1893095371039852,30.0,0.0333333333333333,3.4883144241109e-07,0.094874235143882,0.094874235143882,0.57,33.58,-4.651673689996757,-7.7124443404214,0.0,-7.7124443404214,33.58,0.57,8.250922537017667,0.0012815373,30.0,1.0,,,1.0000000000000009,1.0,7.7124443404214,5.32858249,5.22397701,1.15922845,0.1815281656026248,6.3803254279407e-05,0.69033227599378,0.11493478539179,33.58,16.51,,,,,0.1731459884815903,-0.1731459884815903,,,,
1-Hexanethiol,1ao6,-3.657,118.24499999999992,118.081621448,2.496500000000001,0.0,1,1,5,7,21,1.0,0,0,17.408248290463863,8.362372435695795,0.7156587120960582,6.35,71.06951113336798,0.7377993100359836,0.995297736904022,0.0114703252484954,0.0968628665368295,0.9449953079741276,82.38609520667977,803.7597502136693,850.5436412554919,2.7099089354898807,0.1978727753085032,30.0,0.0333333333333333,6.386337050601e-05,0.089920764451426,0.075593838836187,9.68,33.58,-2.64256957486075,-4.4683630857812,0.0,-4.3613962768519,33.58,9.68,7.958929707688433,4.7851475e-05,30.0,1.0,,,1.000000000000001,1.0,4.4683630857812,3.06557504,2.96096956,-0.02658546,0.2854021214275508,9.9178697219645e-05,1.0901510367579,0.17686918841061,33.58,16.51,Ag_13,-2.24,22.0,Ag_13_1ao6.dlg,0.7650491698386731,-0.7650491698386731,0.7264062428081293,-0.7264062428081293,-1.4914554126468023,-0.7457277063234011
1-Hexanethiol,1ao6,-3.657,118.24499999999992,118.081621448,2.496500000000001,0.0,1,1,5,7,21,1.0,0,0,17.408248290463863,8.362372435695795,0.7156587120960582,6.35,71.06951113336798,0.7377993100359836,0.995297736904022,0.0114703252484954,0.0968628665368295,0.9449953079741276,82.38609520667977,803.7597502136693,850.5436412554919,2.7099089354898807,0.1978727753085032,30.0,0.0333333333333333,6.386337050601e-05,0.089920764451426,0.075593838836187,9.68,33.58,-2.64256957486075,-4.4683630857812,0.0,-4.3613962768519,33.58,9.68,7.958929707688433,4.7851475e-05,30.0,1.0,,,1.000000000000001,1.0,4.4683630857812,3.06557504,2.96096956,-0.02658546,0.2854021214275508,9.9178697219645e-05,1.0901510367579,0.17686918841061,33.58,16.51,Au_13,-2.34,22.0,Au_13_1ao6.dlg,0.7650491698386731,-0.7650491698386731,0.6876301088504001,-0.6876301088504001,-1.4526792786890732,-0.7263396393445366
1-Hexanethiol,1ao6,-3.657,118.24499999999992,118.081621448,2.496500000000001,0.0,1,1,5,7,21,1.0,0,0,17.408248290463863,8.362372435695795,0.7156587120960582,6.35,71.06951113336798,0.7377993100359836,0.995297736904022,0.0114703252484954,0.0968628665368295,0.9449953079741276,82.38609520667977,803.7597502136693,850.5436412554919,2.7099089354898807,0.1978727753085032,30.0,0.0333333333333333,6.386337050601e-05,0.089920764451426,0.075593838836187,9.68,33.58,-2.64256957486075,-4.4683630857812,0.0,-4.3613962768519,33.58,9.68,7.958929707688433,4.7851475e-05,30.0,1.0,,,1.000000000000001,1.0,4.4683630857812,3.06557504,2.96096956,-0.02658546,0.2854021214275508,9.9178697219645e-05,1.0901510367579,0.17686918841061,33.58,16.51,ZnO_12_0,-7.76,22.0,ZnO_12_0_1ao6.dlg,0.7650491698386731,-0.7650491698386731,-1.4140363516585295,1.4140363516585295,0.6489871818198564,0.3244935909099282
1-Hexanethiol,1hzh,-3.382,118.24499999999992,118.081621448,2.496500000000001,0.0,1,1,5,7,21,1.0,0,0,17.408248290463863,8.362372435695795,0.7156587120960582,6.35,71.06951113336798,0.7377993100359836,0.995297736904022,0.0114703252484954,0.0968628665368295,0.9449953079741276,82.38609520667977,803.7597502136693,850.5436412554919,2.7099089354898807,0.1978727753085032,30.0,0.0333333333333333,6.386337050601e-05,0.089920764451426,0.075593838836187,9.68,33.58,-2.64256957486075,-4.4683630857812,0.0,-4.3613962768519,33.58,9.68,7.958929707688433,4.7851475e-05,30.0,1.0,,,1.000000000000001,1.0,4.4683630857812,3.06557504,2.96096956,-0.02658546,0.2854021214275508,9.9178697219645e-05,1.0901510367579,0.17686918841061,33.58,16.51,Ag_13,-2.13,20.0,Ag_13_1hzh.dlg,0.9208737601830337,-0.9208737601830337,0.7050874408894409,-0.7050874408894409,-1.6259612010724744,-0.8129806005362372
1-Hexanethiol,1hzh,-3.382,118.24499999999992,118.081621448,2.496500000000001,0.0,1,1,5,7,21,1.0,0,0,17.408248290463863,8.362372435695795,0.7156587120960582,6.35,71.06951113336798,0.7377993100359836,0.995297736904022,0.0114703252484954,0.0968628665368295,0.9449953079741276,82.38609520667977,803.7597502136693,850.5436412554919,2.7099089354898807,0.1978727753085032,30.0,0.0333333333333333,6.386337050601e-05,0.089920764451426,0.075593838836187,9.68,33.58,-2.64256957486075,-4.4683630857812,0.0,-4.3613962768519,33.58,9.68,7.958929707688433,4.7851475e-05,30.0,1.0,,,1.000000000000001,1.0,4.4683630857812,3.06557504,2.96096956,-0.02658546,0.2854021214275508,9.9178697219645e-05,1.0901510367579,0.17686918841061,33.58,16.51,Au_13,-2.12,19.0,Au_13_1hzh.dlg,0.9208737601830337,-0.9208737601830337,0.7091242010472047,-0.7091242010472047,-1.6299979612302384,-0.8149989806151192
1-Hexanethiol,1hzh,-3.382,118.24499999999992,118.081621448,2.496500000000001,0.0,1,1,5,7,21,1.0,0,0,17.408248290463863,8.362372435695795,0.7156587120960582,6.35,71.06951113336798,0.7377993100359836,0.995297736904022,0.0114703252484954,0.0968628665368295,0.9449953079741276,82.38609520667977,803.7597502136693,850.5436412554919,2.7099089354898807,0.1978727753085032,30.0,0.0333333333333333,6.386337050601e-05,0.089920764451426,0.075593838836187,9.68,33.58,-2.64256957486075,-4.4683630857812,0.0,-4.3613962768519,33.58,9.68,7.958929707688433,4.7851475e-05,30.0,1.0,,,1.000000000000001,1.0,4.4683630857812,3.06557504,2.96096956,-0.02658546,0.2854021214275508,9.9178697219645e-05,1.0901510367579,0.17686918841061,33.58,16.51,ZnO_12_0,-7.38,22.0,ZnO_12_0_1hzh.dlg,0.9208737601830337,-0.9208737601830337,-1.4142116419366457,1.4142116419366457,0.49333788175361204,0.24666894087680602
1-Hexanethiol,2hav,-3.479,118.24499999999992,118.081621448,2.496500000000001,0.0,1,1,5,7,21,1.0,0,0,17.408248290463863,8.362372435695795,0.7156587120960582,6.35,71.06951113336798,0.7377993100359836,0.995297736904022,0.0114703252484954,0.0968628665368295,0.9449953079741276,82.38609520667977,803.7597502136693,850.5436412554919,2.7099089354898807,0.1978727753085032,30.0,0.0333333333333333,6.386337050601e-05,0.089920764451426,0.075593838836187,9.68,33.58,-2.64256957486075,-4.4683630857812,0.0,-4.3613962768519,33.58,9.68,7.958929707688433,4.7851475e-05,30.0,1.0,,,1.000000000000001,1.0,4.4683630857812,3.06557504,2.96096956,-0.02658546,0.2854021214275508,9.9178697219645e-05,1.0901510367579,0.17686918841061,33.58,16.51,Ag_13,-2.17,23.0,Ag_13_2hav.dlg,1.001167790656034,-1.001167790656034,0.7360514352688697,-0.7360514352688697,-1.7372192259249037,-0.8686096129624519
1-Hexanethiol,2hav,-3.479,118.24499999999992,118.081621448,2.496500000000001,0.0,1,1,5,7,21,1.0,0,0,17.408248290463863,8.362372435695795,0.7156587120960582,6.35,71.06951113336798,0.7377993100359836,0.995297736904022,0.0114703252484954,0.0968628665368295,0.9449953079741276,82.38609520667977,803.7597502136693,850.5436412554919,2.7099089354898807,0.1978727753085032,30.0,0.0333333333333333,6.386337050601e-05,0.089920764451426,0.075593838836187,9.68,33.58,-2.64256957486075,-4.4683630857812,0.0,-4.3613962768519,33.58,9.68,7.958929707688433,4.7851475e-05,30.0,1.0,,,1.000000000000001,1.0,4.4683630857812,3.06557504,2.96096956,-0.02658546,0.2854021214275508,9.9178697219645e-05,1.0901510367579,0.17686918841061,33.58,16.51,Au_13,-2.34,21.0,Au_13_2hav.dlg,1.001167790656034,-1.001167790656034,0.6777616476932294,-0.6777616476932294,-1.6789294383492632,-0.8394647191746316
1-Hexanethiol,2hav,-3.479,118.24499999999992,118.081621448,2.496500000000001,0.0,1,1,5,7,21,1.0,0,0,17.408248290463863,8.362372435695795,0.7156587120960582,6.35,71.06951113336798,0.7377993100359836,0.995297736904022,0.0114703252484954,0.0968628665368295,0.9449953079741276,82.38609520667977,803.7597502136693,850.5436412554919,2.7099089354898807,0.1978727753085032,30.0,0.0333333333333333,6.386337050601e-05,0.089920764451426,0.075593838836187,9.68,33.58,-2.64256957486075,-4.4683630857812,0.0,-4.3613962768519,33.58,9.68,7.958929707688433,4.7851475e-05,30.0,1.0,,,1.000000000000001,1.0,4.4683630857812,3.06557504,2.96096956,-0.02658546,0.2854021214275508,9.9178697219645e-05,1.0901510367579,0.17686918841061,33.58,16.51,ZnO_12_0,-8.44,21.0,ZnO_12_0_2hav.dlg,1.001167790656034,-1.001167790656034,-1.4138130829620992,1.4138130829620992,0.4126452923060653,0.20632264615303264
1-Hexanethiol,3ghg,-3.182,118.24499999999992,118.081621448,2.496500000000001,0.0,1,1,5,7,21,1.0,0,0,17.408248290463863,8.362372435695795,0.7156587120960582,6.35,71.06951113336798,0.7377993100359836,0.995297736904022,0.0114703252484954,0.0968628665368295,0.9449953079741276,82.38609520667977,803.7597502136693,850.5436412554919,2.7099089354898807,0.1978727753085032,30.0,0.0333333333333333,6.386337050601e-05,0.089920764451426,0.075593838836187,9.68,33.58,-2.64256957486075,-4.4683630857812,0.0,-4.3613962768519,33.58,9.68,7.958929707688433,4.7851475e-05,30.0,1.0,,,1.000000000000001,1.0,4.4683630857812,3.06557504,2.96096956,-0.02658546,0.2854021214275508,9.9178697219645e-05,1.0901510367579,0.17686918841061,33.58,16.51,,,,,0.8984676293057329,-0.8984676293057329,,,,
11-Mercaptoundecanesulfonic_acid_MUS,1ao6,-5.275,268.44399999999985,268.1166866280004,4.395700000000005,60.03,2,2,13,16,40,1.0,0,0,31.54124145231932,15.22474487139159,2.5690221760011185,10.716297452503817,140.09950659921066,0.6387190319678226,0.9902102704709962,0.0010428186791302,0.1395837392168462,0.8961541537057167,859.357596522093,5517.239213984963,6156.573834055719,4.831573914244436,0.1326952484004227,30.0,0.0333333333333331,5.3752226038546e-06,0.22231937694969,6.3388485520669e-06,14.23,33.58,-3.0772096644683544,-6.5516439305859,0.0,-0.10163125635783,33.58,14.23,8.467665951566666,0.308655981,30.0,1.0,,,0.9999999999999952,1.0,6.5516439305859,4.14077229,4.03616681,1.02477344,0.1399154328316929,4.8121690163906e-05,0.5321055744696,0.093253468433392,33.58,16.51,Ag_13,-2.24,22.0,Ag_13_1ao6.dlg,-0.31680872584988673,0.31680872584988673,0.7264062428081293,-0.7264062428081293,-0.40959751695824254,-0.20479875847912127
11-Mercaptoundecanesulfonic_acid_MUS,1ao6,-5.275,268.44399999999985,268.1166866280004,4.395700000000005,60.03,2,2,13,16,40,1.0,0,0,31.54124145231932,15.22474487139159,2.5690221760011185,10.716297452503817,140.09950659921066,0.6387190319678226,0.9902102704709962,0.0010428186791302,0.1395837392168462,0.8961541537057167,859.357596522093,5517.239213984963,6156.573834055719,4.831573914244436,0.1326952484004227,30.0,0.0333333333333331,5.3752226038546e-06,0.22231937694969,6.3388485520669e-06,14.23,33.58,-3.0772096644683544,-6.5516439305859,0.0,-0.10163125635783,33.58,14.23,8.467665951566666,0.308655981,30.0,1.0,,,0.9999999999999952,1.0,6.5516439305859,4.14077229,4.03616681,1.02477344,0.1399154328316929,4.8121690163906e-05,0.5321055744696,0.093253468433392,33.58,16.51,Au_13,-2.34,22.0,Au_13_1ao6.dlg,-0.31680872584988673,0.31680872584988673,0.6876301088504001,-0.6876301088504001,-0.37082138300051337,-0.18541069150025669
11-Mercaptoundecanesulfonic_acid_MUS,1ao6,-5.275,268.44399999999985,268.1166866280004,4.395700000000005,60.03,2,2,13,16,40,1.0,0,0,31.54124145231932,15.22474487139159,2.5690221760011185,10.716297452503817,140.09950659921066,0.6387190319678226,0.9902102704709962,0.0010428186791302,0.1395837392168462,0.8961541537057167,859.357596522093,5517.239213984963,6156.573834055719,4.831573914244436,0.1326952484004227,30.0,0.0333333333333331,5.3752226038546e-06,0.22231937694969,6.3388485520669e-06,14.23,33.58,-3.0772096644683544,-6.5516439305859,0.0,-0.10163125635783,33.58,14.23,8.467665951566666,0.308655981,30.0,1.0,,,0.9999999999999952,1.0,6.5516439305859,4.14077229,4.03616681,1.02477344,0.1399154328316929,4.8121690163906e-05,0.5321055744696,0.093253468433392,33.58,16.51,ZnO_12_0,-7.76,22.0,ZnO_12_0_1ao6.dlg,-0.31680872584988673,0.31680872584988673,-1.4140363516585295,1.4140363516585295,1.730845077508416,0.865422538754208
11-Mercaptoundecanesulfonic_acid_MUS,1hzh,-5.009,268.44399999999985,268.1166866280004,4.395700000000005,60.03,2,2,13,16,40,1.0,0,0,31.54124145231932,15.22474487139159,2.5690221760011185,10.716297452503817,140.09950659921066,0.6387190319678226,0.9902102704709962,0.0010428186791302,0.1395837392168462,0.8961541537057167,859.357596522093,5517.239213984963,6156.573834055719,4.831573914244436,0.1326952484004227,30.0,0.0333333333333331,5.3752226038546e-06,0.22231937694969,6.3388485520669e-06,14.23,33.58,-3.0772096644683544,-6.5516439305859,0.0,-0.10163125635783,33.58,14.23,8.467665951566666,0.308655981,30.0,1.0,,,0.9999999999999952,1.0,6.5516439305859,4.14077229,4.03616681,1.02477344,0.1399154328316929,4.8121690163906e-05,0.5321055744696,0.093253468433392,33.58,16.51,Ag_13,-2.13,20.0,Ag_13_1hzh.dlg,-0.21053416479157833,0.21053416479157833,0.7050874408894409,-0.7050874408894409,-0.49455327609786254,-0.24727663804893127
11-Mercaptoundecanesulfonic_acid_MUS,1hzh,-5.009,268.44399999999985,268.1166866280004,4.395700000000005,60.03,2,2,13,16,40,1.0,0,0,31.54124145231932,15.22474487139159,2.5690221760011185,10.716297452503817,140.09950659921066,0.6387190319678226,0.9902102704709962,0.0010428186791302,0.1395837392168462,0.8961541537057167,859.357596522093,5517.239213984963,6156.573834055719,4.831573914244436,0.1326952484004227,30.0,0.0333333333333331,5.3752226038546e-06,0.22231937694969,6.3388485520669e-06,14.23,33.58,-3.0772096644683544,-6.5516439305859,0.0,-0.10163125635783,33.58,14.23,8.467665951566666,0.308655981,30.0,1.0,,,0.9999999999999952,1.0,6.5516439305859,4.14077229,4.03616681,1.02477344,0.1399154328316929,4.8121690163906e-05,0.5321055744696,0.093253468433392,33.58,16.51,Au_13,-2.12,19.0,Au_13_1hzh.dlg,-0.21053416479157833,0.21053416479157833,0.7091242010472047,-0.7091242010472047,-0.4985900362556264,-0.2492950181278132
11-Mercaptoundecanesulfonic_acid_MUS,1hzh,-5.009,268.44399999999985,268.1166866280004,4.395700000000005,60.03,2,2,13,16,40,1.0,0,0,31.54124145231932,15.22474487139159,2.5690221760011185,10.716297452503817,140.09950659921066,0.6387190319678226,0.9902102704709962,0.0010428186791302,0.1395837392168462,0.8961541537057167,859.357596522093,5517.239213984963,6156.573834055719,4.831573914244436,0.1326952484004227,30.0,0.0333333333333331,5.3752226038546e-06,0.22231937694969,6.3388485520669e-06,14.23,33.58,-3.0772096644683544,-6.5516439305859,0.0,-0.10163125635783,33.58,14.23,8.467665951566666,0.308655981,30.0,1.0,,,0.9999999999999952,1.0,6.5516439305859,4.14077229,4.03616681,1.02477344,0.1399154328316929,4.8121690163906e-05,0.5321055744696,0.093253468433392,33.58,16.51,ZnO_12_0,-7.38,22.0,ZnO_12_0_1hzh.dlg,-0.21053416479157833,0.21053416479157833,-1.4142116419366457,1.4142116419366457,1.624745806728224,0.812372903364112
11-Mercaptoundecanesulfonic_acid_MUS,2hav,-5.483,268.44399999999985,268.1166866280004,4.395700000000005,60.03,2,2,13,16,40,1.0,0,0,31.54124145231932,15.22474487139159,2.5690221760011185,10.716297452503817,140.09950659921066,0.6387190319678226,0.9902102704709962,0.0010428186791302,0.1395837392168462,0.8961541537057167,859.357596522093,5517.239213984963,6156.573834055719,4.831573914244436,0.1326952484004227,30.0,0.0333333333333331,5.3752226038546e-06,0.22231937694969,6.3388485520669e-06,14.23,33.58,-3.0772096644683544,-6.5516439305859,0.0,-0.10163125635783,33.58,14.23,8.467665951566666,0.308655981,30.0,1.0,,,0.9999999999999952,1.0,6.5516439305859,4.14077229,4.03616681,1.02477344,0.1399154328316929,4.8121690163906e-05,0.5321055744696,0.093253468433392,33.58,16.51,Ag_13,-2.17,23.0,Ag_13_2hav.dlg,-0.1993248133061538,0.1993248133061538,0.7360514352688697,-0.7360514352688697,-0.5367266219627159,-0.26836331098135796
11-Mercaptoundecanesulfonic_acid_MUS,2hav,-5.483,268.44399999999985,268.1166866280004,4.395700000000005,60.03,2,2,13,16,40,1.0,0,0,31.54124145231932,15.22474487139159,2.5690221760011185,10.716297452503817,140.09950659921066,0.6387190319678226,0.9902102704709962,0.0010428186791302,0.1395837392168462,0.8961541537057167,859.357596522093,5517.239213984963,6156.573834055719,4.831573914244436,0.1326952484004227,30.0,0.0333333333333331,5.3752226038546e-06,0.22231937694969,6.3388485520669e-06,14.23,33.58,-3.0772096644683544,-6.5516439305859,0.0,-0.10163125635783,33.58,14.23,8.467665951566666,0.308655981,30.0,1.0,,,0.9999999999999952,1.0,6.5516439305859,4.14077229,4.03616681,1.02477344,0.1399154328316929,4.8121690163906e-05,0.5321055744696,0.093253468433392,33.58,16.51,Au_13,-2.34,21.0,Au_13_2hav.dlg,-0.1993248133061538,0.1993248133061538,0.6777616476932294,-0.6777616476932294,-0.4784368343870756,-0.2392184171935378
11-Mercaptoundecanesulfonic_acid_MUS,2hav,-5.483,268.44399999999985,268.1166866280004,4.395700000000005,60.03,2,2,13,16,40,1.0,0,0,31.54124145231932,15.22474487139159,2.5690221760011185,10.716297452503817,140.09950659921066,0.6387190319678226,0.9902102704709962,0.0010428186791302,0.1395837392168462,0.8961541537057167,859.357596522093,5517.239213984963,6156.573834055719,4.831573914244436,0.1326952484004227,30.0,0.0333333333333331,5.3752226038546e-06,0.22231937694969,6.3388485520669e-06,14.23,33.58,-3.0772096644683544,-6.5516439305859,0.0,-0.10163125635783,33.58,14.23,8.467665951566666,0.308655981,30.0,1.0,,,0.9999999999999952,1.0,6.5516439305859,4.14077229,4.03616681,1.02477344,0.1399154328316929,4.8121690163906e-05,0.5321055744696,0.093253468433392,33.58,16.51,ZnO_12_0,-8.44,21.0,ZnO_12_0_2hav.dlg,-0.1993248133061538,0.1993248133061538,-1.4138130829620992,1.4138130829620992,1.613137896268253,0.8065689481341265
11-Mercaptoundecanesulfonic_acid_MUS,3ghg,-5.2,268.44399999999985,268.1166866280004,4.395700000000005,60.03,2,2,13,16,40,1.0,0,0,31.54124145231932,15.22474487139159,2.5690221760011185,10.716297452503817,140.09950659921066,0.6387190319678226,0.9902102704709962,0.0010428186791302,0.1395837392168462,0.8961541537057167,859.357596522093,5517.239213984963,6156.573834055719,4.831573914244436,0.1326952484004227,30.0,0.0333333333333331,5.3752226038546e-06,0.22231937694969,6.3388485520669e-06,14.23,33.58,-3.0772096644683544,-6.5516439305859,0.0,-0.10163125635783,33.58,14.23,8.467665951566666,0.308655981,30.0,1.0,,,0.9999999999999952,1.0,6.5516439305859,4.14077229,4.03616681,1.02477344,0.1399154328316929,4.8121690163906e-05,0.5321055744696,0.093253468433392,33.58,16.51,,,,,-0.5696357520213677,0.5696357520213677,,,,
11-Mercaptoundecanoic_acid_MUA,1ao6,-5.165,218.3620000000002,218.134050944,3.511700000000004,37.3,2,3,11,14,36,0.9090909090909092,0,0,28.72474487139159,13.92886901662352,1.873382934999098,10.898003120124804,123.17641181706044,0.7416643839831054,0.9954261293955888,0.0025881157683204,0.0955343965099295,0.9591004446773038,370.57864892176906,3720.35790200278,3879.0075874216914,4.271929817672602,0.1427671382833186,30.0,0.0333333333333332,2.6299838727229e-05,0.19270472024241,0.0004681672743719,11.95,33.58,-2.8092173891900667,-5.4849479838511,0.0,-1.7745795165561,33.58,11.95,8.225982739366666,0.15224137,30.0,1.0,,,0.9999999999999962,1.0,5.4849479838511,3.45109338,3.3464879,0.47721226,0.1720874095858731,5.9746060894642e-05,0.65396109344598,0.11263589723903,33.58,16.51,Ag_13,-2.24,22.0,Ag_13_1ao6.dlg,-0.2432584362789708,0.2432584362789708,0.7264062428081293,-0.7264062428081293,-0.48314780652915845,-0.24157390326457923
11-Mercaptoundecanoic_acid_MUA,1ao6,-5.165,218.3620000000002,218.134050944,3.511700000000004,37.3,2,3,11,14,36,0.9090909090909092,0,0,28.72474487139159,13.92886901662352,1.873382934999098,10.898003120124804,123.17641181706044,0.7416643839831054,0.9954261293955888,0.0025881157683204,0.0955343965099295,0.9591004446773038,370.57864892176906,3720.35790200278,3879.0075874216914,4.271929817672602,0.1427671382833186,30.0,0.0333333333333332,2.6299838727229e-05,0.19270472024241,0.0004681672743719,11.95,33.58,-2.8092173891900667,-5.4849479838511,0.0,-1.7745795165561,33.58,11.95,8.225982739366666,0.15224137,30.0,1.0,,,0.9999999999999962,1.0,5.4849479838511,3.45109338,3.3464879,0.47721226,0.1720874095858731,5.9746060894642e-05,0.65396109344598,0.11263589723903,33.58,16.51,Au_13,-2.34,22.0,Au_13_1ao6.dlg,-0.2432584362789708,0.2432584362789708,0.6876301088504001,-0.6876301088504001,-0.4443716725714293,-0.22218583628571464
11-Mercaptoundecanoic_acid_MUA,1ao6,-5.165,218.3620000000002,218.134050944,3.511700000000004,37.3,2,3,11,14,36,0.9090909090909092,0,0,28.72474487139159,13.92886901662352,1.873382934999098,10.898003120124804,123.17641181706044,0.7416643839831054,0.9954261293955888,0.0025881157683204,0.0955343965099295,0.9591004446773038,370.57864892176906,3720.35790200278,3879.0075874216914,4.271929817672602,0.1427671382833186,30.0,0.0333333333333332,2.6299838727229e-05,0.19270472024241,0.0004681672743719,11.95,33.58,-2.8092173891900667,-5.4849479838511,0.0,-1.7745795165561,33.58,11.95,8.225982739366666,0.15224137,30.0,1.0,,,0.9999999999999962,1.0,5.4849479838511,3.45109338,3.3464879,0.47721226,0.1720874095858731,5.9746060894642e-05,0.65396109344598,0.11263589723903,33.58,16.51,ZnO_12_0,-7.76,22.0,ZnO_12_0_1ao6.dlg,-0.2432584362789708,0.2432584362789708,-1.4140363516585295,1.4140363516585295,1.6572947879375004,0.8286473939687502
11-Mercaptoundecanoic_acid_MUA,1hzh,-4.506,218.3620000000002,218.134050944,3.511700000000004,37.3,2,3,11,14,36,0.9090909090909092,0,0,28.72474487139159,13.92886901662352,1.873382934999098,10.898003120124804,123.17641181706044,0.7416643839831054,0.9954261293955888,0.0025881157683204,0.0955343965099295,0.9591004446773038,370.57864892176906,3720.35790200278,3879.0075874216914,4.271929817672602,0.1427671382833186,30.0,0.0333333333333332,2.6299838727229e-05,0.19270472024241,0.0004681672743719,11.95,33.58,-2.8092173891900667,-5.4849479838511,0.0,-1.7745795165561,33.58,11.95,8.225982739366666,0.15224137,30.0,1.0,,,0.9999999999999962,1.0,5.4849479838511,3.45109338,3.3464879,0.47721226,0.1720874095858731,5.9746060894642e-05,0.65396109344598,0.11263589723903,33.58,16.51,Ag_13,-2.13,20.0,Ag_13_1hzh.dlg,0.13924960058164226,-0.13924960058164226,0.7050874408894409,-0.7050874408894409,-0.8443370414710831,-0.42216852073554156
11-Mercaptoundecanoic_acid_MUA,1hzh,-4.506,218.3620000000002,218.134050944,3.511700000000004,37.3,2,3,11,14,36,0.9090909090909092,0,0,28.72474487139159,13.92886901662352,1.873382934999098,10.898003120124804,123.17641181706044,0.7416643839831054,0.9954261293955888,0.0025881157683204,0.0955343965099295,0.9591004446773038,370.57864892176906,3720.35790200278,3879.0075874216914,4.271929817672602,0.1427671382833186,30.0,0.0333333333333332,2.6299838727229e-05,0.19270472024241,0.0004681672743719,11.95,33.58,-2.8092173891900667,-5.4849479838511,0.0,-1.7745795165561,33.58,11.95,8.225982739366666,0.15224137,30.0,1.0,,,0.9999999999999962,1.0,5.4849479838511,3.45109338,3.3464879,0.47721226,0.1720874095858731,5.9746060894642e-05,0.65396109344598,0.11263589723903,33.58,16.51,Au_13,-2.12,19.0,Au_13_1hzh.dlg,0.13924960058164226,-0.13924960058164226,0.7091242010472047,-0.7091242010472047,-0.848373801628847,-0.4241869008144235
11-Mercaptoundecanoic_acid_MUA,1hzh,-4.506,218.3620000000002,218.134050944,3.511700000000004,37.3,2,3,11,14,36,0.9090909090909092,0,0,28.72474487139159,13.92886901662352,1.873382934999098,10.898003120124804,123.17641181706044,0.7416643839831054,0.9954261293955888,0.0025881157683204,0.0955343965099295,0.9591004446773038,370.57864892176906,3720.35790200278,3879.0075874216914,4.271929817672602,0.1427671382833186,30.0,0.0333333333333332,2.6299838727229e-05,0.19270472024241,0.0004681672743719,11.95,33.58,-2.8092173891900667,-5.4849479838511,0.0,-1.7745795165561,33.58,11.95,8.225982739366666,0.15224137,30.0,1.0,,,0.9999999999999962,1.0,5.4849479838511,3.45109338,3.3464879,0.47721226,0.1720874095858731,5.9746060894642e-05,0.65396109344598,0.11263589723903,33.58,16.51,ZnO_12_0,-7.38,22.0,ZnO_12_0_1hzh.dlg,0.13924960058164226,-0.13924960058164226,-1.4142116419366457,1.4142116419366457,1.2749620413550034,0.6374810206775017
11-Mercaptoundecanoic_acid_MUA,2hav,-5.229,218.3620000000002,218.134050944,3.511700000000004,37.3,2,3,11,14,36,0.9090909090909092,0,0,28.72474487139159,13.92886901662352,1.873382934999098,10.898003120124804,123.17641181706044,0.7416643839831054,0.9954261293955888,0.0025881157683204,0.0955343965099295,0.9591004446773038,370.57864892176906,3720.35790200278,3879.0075874216914,4.271929817672602,0.1427671382833186,30.0,0.0333333333333332,2.6299838727229e-05,0.19270472024241,0.0004681672743719,11.95,33.58,-2.8092173891900667,-5.4849479838511,0.0,-1.7745795165561,33.58,11.95,8.225982739366666,0.15224137,30.0,1.0,,,0.9999999999999962,1.0,5.4849479838511,3.45109338,3.3464879,0.47721226,0.1720874095858731,5.9746060894642e-05,0.65396109344598,0.11263589723903,33.58,16.51,Ag_13,-2.17,23.0,Ag_13_2hav.dlg,-0.04716656909138573,0.04716656909138573,0.7360514352688697,-0.7360514352688697,-0.688884866177484,-0.344442433088742
11-Mercaptoundecanoic_acid_MUA,2hav,-5.229,218.3620000000002,218.134050944,3.511700000000004,37.3,2,3,11,14,36,0.9090909090909092,0,0,28.72474487139159,13.92886901662352,1.873382934999098,10.898003120124804,123.17641181706044,0.7416643839831054,0.9954261293955888,0.0025881157683204,0.0955343965099295,0.9591004446773038,370.57864892176906,3720.35790200278,3879.0075874216914,4.271929817672602,0.1427671382833186,30.0,0.0333333333333332,2.6299838727229e-05,0.19270472024241,0.0004681672743719,11.95,33.58,-2.8092173891900667,-5.4849479838511,0.0,-1.7745795165561,33.58,11.95,8.225982739366666,0.15224137,30.0,1.0,,,0.9999999999999962,1.0,5.4849479838511,3.45109338,3.3464879,0.47721226,0.1720874095858731,5.9746060894642e-05,0.65396109344598,0.11263589723903,33.58,16.51,Au_13,-2.34,21.0,Au_13_2hav.dlg,-0.04716656909138573,0.04716656909138573,0.6777616476932294,-0.6777616476932294,-0.6305950786018437,-0.31529753930092186
11-Mercaptoundecanoic_acid_MUA,2hav,-5.229,218.3620000000002,218.134050944,3.511700000000004,37.3,2,3,11,14,36,0.9090909090909092,0,0,28.72474487139159,13.92886901662352,1.873382934999098,10.898003120124804,123.17641181706044,0.7416643839831054,0.9954261293955888,0.0025881157683204,0.0955343965099295,0.9591004446773038,370.57864892176906,3720.35790200278,3879.0075874216914,4.271929817672602,0.1427671382833186,30.0,0.0333333333333332,2.6299838727229e-05,0.19270472024241,0.0004681672743719,11.95,33.58,-2.8092173891900667,-5.4849479838511,0.0,-1.7745795165561,33.58,11.95,8.225982739366666,0.15224137,30.0,1.0,,,0.9999999999999962,1.0,5.4849479838511,3.45109338,3.3464879,0.47721226,0.1720874095858731,5.9746060894642e-05,0.65396109344598,0.11263589723903,33.58,16.51,ZnO_12_0,-8.44,21.0,ZnO_12_0_2hav.dlg,-0.04716656909138573,0.04716656909138573,-1.4138130829620992,1.4138130829620992,1.460979652053485,0.7304898260267425
11-Mercaptoundecanoic_acid_MUA,3ghg,-4.747,218.3620000000002,218.134050944,3.511700000000004,37.3,2,3,11,14,36,0.9090909090909092,0,0,28.72474487139159,13.92886901662352,1.873382934999098,10.898003120124804,123.17641181706044,0.7416643839831054,0.9954261293955888,0.0025881157683204,0.0955343965099295,0.9591004446773038,370.57864892176906,3720.35790200278,3879.0075874216914,4.271929817672602,0.1427671382833186,30.0,0.0333333333333332,2.6299838727229e-05,0.19270472024241,0.0004681672743719,11.95,33.58,-2.8092173891900667,-5.4849479838511,0.0,-1.7745795165561,33.58,11.95,8.225982739366666,0.15224137,30.0,1.0,,,0.9999999999999962,1.0,5.4849479838511,3.45109338,3.3464879,0.47721226,0.1720874095858731,5.9746060894642e-05,0.65396109344598,0.11263589723903,33.58,16.51,,,,,-0.24007637058371817,0.24007637058371817,,,,
2-Mercaptosuccinic_acid,1ao6,-4.27,150.15500000000003,149.998679672,-0.2984,74.6,3,5,4,9,15,0.5,0,0,10.041241452319316,4.495365597551247,2.4943628247787246,3.341930325442243,65.18471512396627,0.1912276398293744,0.8968077245768434,0.0028168372207865,0.4424205071414573,0.7856012209392045,278.8947885031987,495.2304037110109,630.3839537303054,2.162605926486685,0.4406479710769199,30.0,0.0333333333333335,7.229661544073401e-10,0.17626047624807,7.229661544073401e-10,17.64,0.57,-0.1054369996647575,-3.9900495088407,7.9124561589688,7.9124561589688,0.57,17.64,8.076690469183815,0.000666005619,30.0,1.0,,,1.0000000000000058,1.0,11.9025056678095,2.43502176,2.33041628,-3.89428159,0.2897012566768476,9.4478765660135e-05,1.1122628388172,0.19042498138364,33.58,16.51,Ag_13,-2.24,22.0,Ag_13_1ao6.dlg,0.35517346522984333,-0.35517346522984333,0.7264062428081293,-0.7264062428081293,-1.0815797080379725,-0.5407898540189863
2-Mercaptosuccinic_acid,1ao6,-4.27,150.15500000000003,149.998679672,-0.2984,74.6,3,5,4,9,15,0.5,0,0,10.041241452319316,4.495365597551247,2.4943628247787246,3.341930325442243,65.18471512396627,0.1912276398293744,0.8968077245768434,0.0028168372207865,0.4424205071414573,0.7856012209392045,278.8947885031987,495.2304037110109,630.3839537303054,2.162605926486685,0.4406479710769199,30.0,0.0333333333333335,7.229661544073401e-10,0.17626047624807,7.229661544073401e-10,17.64,0.57,-0.1054369996647575,-3.9900495088407,7.9124561589688,7.9124561589688,0.57,17.64,8.076690469183815,0.000666005619,30.0,1.0,,,1.0000000000000058,1.0,11.9025056678095,2.43502176,2.33041628,-3.89428159,0.2897012566768476,9.4478765660135e-05,1.1122628388172,0.19042498138364,33.58,16.51,Au_13,-2.34,22.0,Au_13_1ao6.dlg,0.35517346522984333,-0.35517346522984333,0.6876301088504001,-0.6876301088504001,-1.0428035740802435,-0.5214017870401217
2-Mercaptosuccinic_acid,1ao6,-4.27,150.15500000000003,149.998679672,-0.2984,74.6,3,5,4,9,15,0.5,0,0,10.041241452319316,4.495365597551247,2.4943628247787246,3.341930325442243,65.18471512396627,0.1912276398293744,0.8968077245768434,0.0028168372207865,0.4424205071414573,0.7856012209392045,278.8947885031987,495.2304037110109,630.3839537303054,2.162605926486685,0.4406479710769199,30.0,0.0333333333333335,7.229661544073401e-10,0.17626047624807,7.229661544073401e-10,17.64,0.57,-0.1054369996647575,-3.9900495088407,7.9124561589688,7.9124561589688,0.57,17.64,8.076690469183815,0.000666005619,30.0,1.0,,,1.0000000000000058,1.0,11.9025056678095,2.43502176,2.33041628,-3.89428159,0.2897012566768476,9.4478765660135e-05,1.1122628388172,0.19042498138364,33.58,16.51,ZnO_12_0,-7.76,22.0,ZnO_12_0_1ao6.dlg,0.35517346522984333,-0.35517346522984333,-1.4140363516585295,1.4140363516585295,1.0588628864286862,0.5294314432143431
2-Mercaptosuccinic_acid,1hzh,-3.997,150.15500000000003,149.998679672,-0.2984,74.6,3,5,4,9,15,0.5,0,0,10.041241452319316,4.495365597551247,2.4943628247787246,3.341930325442243,65.18471512396627,0.1912276398293744,0.8968077245768434,0.0028168372207865,0.4424205071414573,0.7856012209392045,278.8947885031987,495.2304037110109,630.3839537303054,2.162605926486685,0.4406479710769199,30.0,0.0333333333333335,7.229661544073401e-10,0.17626047624807,7.229661544073401e-10,17.64,0.57,-0.1054369996647575,-3.9900495088407,7.9124561589688,7.9124561589688,0.57,17.64,8.076690469183815,0.000666005619,30.0,1.0,,,1.0000000000000058,1.0,11.9025056678095,2.43502176,2.33041628,-3.89428159,0.2897012566768476,9.4478765660135e-05,1.1122628388172,0.19042498138364,33.58,16.51,Ag_13,-2.13,20.0,Ag_13_1hzh.dlg,0.4932057369135893,-0.4932057369135893,0.7050874408894409,-0.7050874408894409,-1.1982931778030301,-0.5991465889015151
2-Mercaptosuccinic_acid,1hzh,-3.997,150.15500000000003,149.998679672,-0.2984,74.6,3,5,4,9,15,0.5,0,0,10.041241452319316,4.495365597551247,2.4943628247787246,3.341930325442243,65.18471512396627,0.1912276398293744,0.8968077245768434,0.0028168372207865,0.4424205071414573,0.7856012209392045,278.8947885031987,495.2304037110109,630.3839537303054,2.162605926486685,0.4406479710769199,30.0,0.0333333333333335,7.229661544073401e-10,0.17626047624807,7.229661544073401e-10,17.64,0.57,-0.1054369996647575,-3.9900495088407,7.9124561589688,7.9124561589688,0.57,17.64,8.076690469183815,0.000666005619,30.0,1.0,,,1.0000000000000058,1.0,11.9025056678095,2.43502176,2.33041628,-3.89428159,0.2897012566768476,9.4478765660135e-05,1.1122628388172,0.19042498138364,33.58,16.51,Au_13,-2.12,19.0,Au_13_1hzh.dlg,0.4932057369135893,-0.4932057369135893,0.7091242010472047,-0.7091242010472047,-1.2023299379607941,-0.6011649689803971
2-Mercaptosuccinic_acid,1hzh,-3.997,150.15500000000003,149.998679672,-0.2984,74.6,3,5,4,9,15,0.5,0,0,10.041241452319316,4.495365597551247,2.4943628247787246,3.341930325442243,65.18471512396627,0.1912276398293744,0.8968077245768434,0.0028168372207865,0.4424205071414573,0.7856012209392045,278.8947885031987,495.2304037110109,630.3839537303054,2.162605926486685,0.4406479710769199,30.0,0.0333333333333335,7.229661544073401e-10,0.17626047624807,7.229661544073401e-10,17.64,0.57,-0.1054369996647575,-3.9900495088407,7.9124561589688,7.9124561589688,0.57,17.64,8.076690469183815,0.000666005619,30.0,1.0,,,1.0000000000000058,1.0,11.9025056678095,2.43502176,2.33041628,-3.89428159,0.2897012566768476,9.4478765660135e-05,1.1122628388172,0.19042498138364,33.58,16.51,ZnO_12_0,-7.38,22.0,ZnO_12_0_1hzh.dlg,0.4932057369135893,-0.4932057369135893,-1.4142116419366457,1.4142116419366457,0.9210059050230563,0.4605029525115282
2-Mercaptosuccinic_acid,2hav,-4.604,150.15500000000003,149.998679672,-0.2984,74.6,3,5,4,9,15,0.5,0,0,10.041241452319316,4.495365597551247,2.4943628247787246,3.341930325442243,65.18471512396627,0.1912276398293744,0.8968077245768434,0.0028168372207865,0.4424205071414573,0.7856012209392045,278.8947885031987,495.2304037110109,630.3839537303054,2.162605926486685,0.4406479710769199,30.0,0.0333333333333335,7.229661544073401e-10,0.17626047624807,7.229661544073401e-10,17.64,0.57,-0.1054369996647575,-3.9900495088407,7.9124561589688,7.9124561589688,0.57,17.64,8.076690469183815,0.000666005619,30.0,1.0,,,1.0000000000000058,1.0,11.9025056678095,2.43502176,2.33041628,-3.89428159,0.2897012566768476,9.4478765660135e-05,1.1122628388172,0.19042498138364,33.58,16.51,Ag_13,-2.17,23.0,Ag_13_2hav.dlg,0.32723855938983554,-0.32723855938983554,0.7360514352688697,-0.7360514352688697,-1.0632899946587053,-0.5316449973293527
2-Mercaptosuccinic_acid,2hav,-4.604,150.15500000000003,149.998679672,-0.2984,74.6,3,5,4,9,15,0.5,0,0,10.041241452319316,4.495365597551247,2.4943628247787246,3.341930325442243,65.18471512396627,0.1912276398293744,0.8968077245768434,0.0028168372207865,0.4424205071414573,0.7856012209392045,278.8947885031987,495.2304037110109,630.3839537303054,2.162605926486685,0.4406479710769199,30.0,0.0333333333333335,7.229661544073401e-10,0.17626047624807,7.229661544073401e-10,17.64,0.57,-0.1054369996647575,-3.9900495088407,7.9124561589688,7.9124561589688,0.57,17.64,8.076690469183815,0.000666005619,30.0,1.0,,,1.0000000000000058,1.0,11.9025056678095,2.43502176,2.33041628,-3.89428159,0.2897012566768476,9.4478765660135e-05,1.1122628388172,0.19042498138364,33.58,16.51,Au_13,-2.34,21.0,Au_13_2hav.dlg,0.32723855938983554,-0.32723855938983554,0.6777616476932294,-0.6777616476932294,-1.005000207083065,-0.5025001035415325
2-Mercaptosuccinic_acid,2hav,-4.604,150.15500000000003,149.998679672,-0.2984,74.6,3,5,4,9,15,0.5,0,0,10.041241452319316,4.495365597551247,2.4943628247787246,3.341930325442243,65.18471512396627,0.1912276398293744,0.8968077245768434,0.0028168372207865,0.4424205071414573,0.7856012209392045,278.8947885031987,495.2304037110109,630.3839537303054,2.162605926486685,0.4406479710769199,30.0,0.0333333333333335,7.229661544073401e-10,0.17626047624807,7.229661544073401e-10,17.64,0.57,-0.1054369996647575,-3.9900495088407,7.9124561589688,7.9124561589688,0.57,17.64,8.076690469183815,0.000666005619,30.0,1.0,,,1.0000000000000058,1.0,11.9025056678095,2.43502176,2.33041628,-3.89428159,0.2897012566768476,9.4478765660135e-05,1.1122628388172,0.19042498138364,33.58,16.51,ZnO_12_0,-8.44,21.0,ZnO_12_0_2hav.dlg,0.32723855938983554,-0.32723855938983554,-1.4138130829620992,1.4138130829620992,1.0865745235722637,0.5432872617861318
2-Mercaptosuccinic_acid,3ghg,-3.709,150.15500000000003,149.998679672,-0.2984,74.6,3,5,4,9,15,0.5,0,0,10.041241452319316,4.495365597551247,2.4943628247787246,3.341930325442243,65.18471512396627,0.1912276398293744,0.8968077245768434,0.0028168372207865,0.4424205071414573,0.7856012209392045,278.8947885031987,495.2304037110109,630.3839537303054,2.162605926486685,0.4406479710769199,30.0,0.0333333333333335,7.229661544073401e-10,0.17626047624807,7.229661544073401e-10,17.64,0.57,-0.1054369996647575,-3.9900495088407,7.9124561589688,7.9124561589688,0.57,17.64,8.076690469183815,0.000666005619,30.0,1.0,,,1.0000000000000058,1.0,11.9025056678095,2.43502176,2.33041628,-3.89428159,0.2897012566768476,9.4478765660135e-05,1.1122628388172,0.19042498138364,33.58,16.51,,,,,0.5150729405250678,-0.5150729405250678,,,,
3-Mercapto-1-propanesulfonic_acid_MPS,1ao6,-3.585,156.2280000000001,155.991486116,1.2749,60.03,2,2,5,8,16,1.0,0,0,11.541241452319316,5.224744871391589,2.030910535049544,3.575937953547972,66.70044168135288,0.5493087519879288,0.982673582636232,0.0060079991690009,0.1853446249257655,0.9555628768391397,159.04843691881408,819.9902317090766,858.1227374816849,2.424818419502292,0.3038778445019297,30.0,0.0333333333333334,1.2698988357994e-07,0.15840048452101,1.2698988357994e-07,16.51,0.57,-0.0773403564202439,-2.8160904170435,5.8350607085926,5.8350607085926,0.57,16.51,8.127233409250666,0.00376487984,30.0,1.0,,,1.0000000000000042,1.0,8.651151125636101,1.64608857,1.54148309,-2.42173868,0.2860209802651761,9.5843280383905e-05,1.09662657447,0.18419607790462,33.58,16.51,Ag_13,-2.24,22.0,Ag_13_1ao6.dlg,0.8131911775578179,-0.8131911775578179,0.7264062428081293,-0.7264062428081293,-1.539597420365947,-0.7697987101829735
3-Mercapto-1-propanesulfonic_acid_MPS,1ao6,-3.585,156.2280000000001,155.991486116,1.2749,60.03,2,2,5,8,16,1.0,0,0,11.541241452319316,5.224744871391589,2.030910535049544,3.575937953547972,66.70044168135288,0.5493087519879288,0.982673582636232,0.0060079991690009,0.1853446249257655,0.9555628768391397,159.04843691881408,819.9902317090766,858.1227374816849,2.424818419502292,0.3038778445019297,30.0,0.0333333333333334,1.2698988357994e-07,0.15840048452101,1.2698988357994e-07,16.51,0.57,-0.0773403564202439,-2.8160904170435,5.8350607085926,5.8350607085926,0.57,16.51,8.127233409250666,0.00376487984,30.0,1.0,,,1.0000000000000042,1.0,8.651151125636101,1.64608857,1.54148309,-2.42173868,0.2860209802651761,9.5843280383905e-05,1.09662657447,0.18419607790462,33.58,16.51,Au_13,-2.34,22.0,Au_13_1ao6.dlg,0.8131911775578179,-0.8131911775578179,0.6876301088504001,-0.6876301088504001,-1.500821286408218,-0.750410643204109
3-Mercapto-1-propanesulfonic_acid_MPS,1ao6,-3.585,156.2280000000001,155.991486116,1.2749,60.03,2,2,5,8,16,1.0,0,0,11.541241452319316,5.224744871391589,2.030910535049544,3.575937953547972,66.70044168135288,0.5493087519879288,0.982673582636232,0.0060079991690009,0.1853446249257655,0.9555628768391397,159.04843691881408,819.9902317090766,858.1227374816849,2.424818419502292,0.3038778445019297,30.0,0.0333333333333334,1.2698988357994e-07,0.15840048452101,1.2698988357994e-07,16.51,0.57,-0.0773403564202439,-2.8160904170435,5.8350607085926,5.8350607085926,0.57,16.51,8.127233409250666,0.00376487984,30.0,1.0,,,1.0000000000000042,1.0,8.651151125636101,1.64608857,1.54148309,-2.42173868,0.2860209802651761,9.5843280383905e-05,1.09662657447,0.18419607790462,33.58,16.51,ZnO_12_0,-7.76,22.0,ZnO_12_0_1ao6.dlg,0.8131911775578179,-0.8131911775578179,-1.4140363516585295,1.4140363516585295,0.6008451741007116,0.3004225870503558
3-Mercapto-1-propanesulfonic_acid_MPS,1hzh,-3.627,156.2280000000001,155.991486116,1.2749,60.03,2,2,5,8,16,1.0,0,0,11.541241452319316,5.224744871391589,2.030910535049544,3.575937953547972,66.70044168135288,0.5493087519879288,0.982673582636232,0.0060079991690009,0.1853446249257655,0.9555628768391397,159.04843691881408,819.9902317090766,858.1227374816849,2.424818419502292,0.3038778445019297,30.0,0.0333333333333334,1.2698988357994e-07,0.15840048452101,1.2698988357994e-07,16.51,0.57,-0.0773403564202439,-2.8160904170435,5.8350607085926,5.8350607085926,0.57,16.51,8.127233409250666,0.00376487984,30.0,1.0,,,1.0000000000000042,1.0,8.651151125636101,1.64608857,1.54148309,-2.42173868,0.2860209802651761,9.5843280383905e-05,1.09662657447,0.18419607790462,33.58,16.51,Ag_13,-2.13,20.0,Ag_13_1hzh.dlg,0.7505019460350438,-0.7505019460350438,0.7050874408894409,-0.7050874408894409,-1.4555893869244847,-0.7277946934622423
3-Mercapto-1-propanesulfonic_acid_MPS,1hzh,-3.627,156.2280000000001,155.991486116,1.2749,60.03,2,2,5,8,16,1.0,0,0,11.541241452319316,5.224744871391589,2.030910535049544,3.575937953547972,66.70044168135288,0.5493087519879288,0.982673582636232,0.0060079991690009,0.1853446249257655,0.9555628768391397,159.04843691881408,819.9902317090766,858.1227374816849,2.424818419502292,0.3038778445019297,30.0,0.0333333333333334,1.2698988357994e-07,0.15840048452101,1.2698988357994e-07,16.51,0.57,-0.0773403564202439,-2.8160904170435,5.8350607085926,5.8350607085926,0.57,16.51,8.127233409250666,0.00376487984,30.0,1.0,,,1.0000000000000042,1.0,8.651151125636101,1.64608857,1.54148309,-2.42173868,0.2860209802651761,9.5843280383905e-05,1.09662657447,0.18419607790462,33.58,16.51,Au_13,-2.12,19.0,Au_13_1hzh.dlg,0.7505019460350438,-0.7505019460350438,0.7091242010472047,-0.7091242010472047,-1.4596261470822487,-0.7298130735411243
3-Mercapto-1-propanesulfonic_acid_MPS,1hzh,-3.627,156.2280000000001,155.991486116,1.2749,60.03,2,2,5,8,16,1.0,0,0,11.541241452319316,5.224744871391589,2.030910535049544,3.575937953547972,66.70044168135288,0.5493087519879288,0.982673582636232,0.0060079991690009,0.1853446249257655,0.9555628768391397,159.04843691881408,819.9902317090766,858.1227374816849,2.424818419502292,0.3038778445019297,30.0,0.0333333333333334,1.2698988357994e-07,0.15840048452101,1.2698988357994e-07,16.51,0.57,-0.0773403564202439,-2.8160904170435,5.8350607085926,5.8350607085926,0.57,16.51,8.127233409250666,0.00376487984,30.0,1.0,,,1.0000000000000042,1.0,8.651151125636101,1.64608857,1.54148309,-2.42173868,0.2860209802651761,9.5843280383905e-05,1.09662657447,0.18419607790462,33.58,16.51,ZnO_12_0,-7.38,22.0,ZnO_12_0_1hzh.dlg,0.7505019460350438,-0.7505019460350438,-1.4142116419366457,1.4142116419366457,0.6637096959016019,0.33185484795080095
3-Mercapto-1-propanesulfonic_acid_MPS,2hav,-3.929,156.2280000000001,155.991486116,1.2749,60.03,2,2,5,8,16,1.0,0,0,11.541241452319316,5.224744871391589,2.030910535049544,3.575937953547972,66.70044168135288,0.5493087519879288,0.982673582636232,0.0060079991690009,0.1853446249257655,0.9555628768391397,159.04843691881408,819.9902317090766,858.1227374816849,2.424818419502292,0.3038778445019297,30.0,0.0333333333333334,1.2698988357994e-07,0.15840048452101,1.2698988357994e-07,16.51,0.57,-0.0773403564202439,-2.8160904170435,5.8350607085926,5.8350607085926,0.57,16.51,8.127233409250666,0.00376487984,30.0,1.0,,,1.0000000000000042,1.0,8.651151125636101,1.64608857,1.54148309,-2.42173868,0.2860209802651761,9.5843280383905e-05,1.09662657447,0.18419607790462,33.58,16.51,Ag_13,-2.17,23.0,Ag_13_2hav.dlg,0.7315960981495546,-0.7315960981495546,0.7360514352688697,-0.7360514352688697,-1.4676475334184245,-0.7338237667092122
3-Mercapto-1-propanesulfonic_acid_MPS,2hav,-3.929,156.2280000000001,155.991486116,1.2749,60.03,2,2,5,8,16,1.0,0,0,11.541241452319316,5.224744871391589,2.030910535049544,3.575937953547972,66.70044168135288,0.5493087519879288,0.982673582636232,0.0060079991690009,0.1853446249257655,0.9555628768391397,159.04843691881408,819.9902317090766,858.1227374816849,2.424818419502292,0.3038778445019297,30.0,0.0333333333333334,1.2698988357994e-07,0.15840048452101,1.2698988357994e-07,16.51,0.57,-0.0773403564202439,-2.8160904170435,5.8350607085926,5.8350607085926,0.57,16.51,8.127233409250666,0.00376487984,30.0,1.0,,,1.0000000000000042,1.0,8.651151125636101,1.64608857,1.54148309,-2.42173868,0.2860209802651761,9.5843280383905e-05,1.09662657447,0.18419607790462,33.58,16.51,Au_13,-2.34,21.0,Au_13_2hav.dlg,0.7315960981495546,-0.7315960981495546,0.6777616476932294,-0.6777616476932294,-1.409357745842784,-0.704678872921392
3-Mercapto-1-propanesulfonic_acid_MPS,2hav,-3.929,156.2280000000001,155.991486116,1.2749,60.03,2,2,5,8,16,1.0,0,0,11.541241452319316,5.224744871391589,2.030910535049544,3.575937953547972,66.70044168135288,0.5493087519879288,0.982673582636232,0.0060079991690009,0.1853446249257655,0.9555628768391397,159.04843691881408,819.9902317090766,858.1227374816849,2.424818419502292,0.3038778445019297,30.0,0.0333333333333334,1.2698988357994e-07,0.15840048452101,1.2698988357994e-07,16.51,0.57,-0.0773403564202439,-2.8160904170435,5.8350607085926,5.8350607085926,0.57,16.51,8.127233409250666,0.00376487984,30.0,1.0,,,1.0000000000000042,1.0,8.651151125636101,1.64608857,1.54148309,-2.42173868,0.2860209802651761,9.5843280383905e-05,1.09662657447,0.18419607790462,33.58,16.51,ZnO_12_0,-8.44,21.0,ZnO_12_0_2hav.dlg,0.7315960981495546,-0.7315960981495546,-1.4138130829620992,1.4138130829620992,0.6822169848125446,0.3411084924062723
3-Mercapto-1-propanesulfonic_acid_MPS,3ghg,-3.535,156.2280000000001,155.991486116,1.2749,60.03,2,2,5,8,16,1.0,0,0,11.541241452319316,5.224744871391589,2.030910535049544,3.575937953547972,66.70044168135288,0.5493087519879288,0.982673582636232,0.0060079991690009,0.1853446249257655,0.9555628768391397,159.04843691881408,819.9902317090766,858.1227374816849,2.424818419502292,0.3038778445019297,30.0,0.0333333333333334,1.2698988357994e-07,0.15840048452101,1.2698988357994e-07,16.51,0.57,-0.0773403564202439,-2.8160904170435,5.8350607085926,5.8350607085926,0.57,16.51,8.127233409250666,0.00376487984,30.0,1.0,,,1.0000000000000042,1.0,8.651151125636101,1.64608857,1.54148309,-2.42173868,0.2860209802651761,9.5843280383905e-05,1.09662657447,0.18419607790462,33.58,16.51,,,,,0.6416586631964827,-0.6416586631964827,,,,
3-Mercaptopropionic_acid,1ao6,-3.343,106.14599999999996,106.008850432,0.3909000000000001,37.3,2,3,3,6,12,0.6666666666666666,0,0,8.72474487139159,3.928869016623521,1.1549482884095654,3.0274688796680502,49.77734689920266,0.6873676811201163,0.99301764386016,0.0157808456289417,0.1179659229710715,0.9007693095696084,57.0799138873533,435.8532814193509,483.8678191951317,2.1450441565223173,0.2309999986605078,30.0,0.0333333333333333,1.7091129222678e-07,0.12137381899076,1.7091129222678e-07,19.92,0.57,0.7591432603939178,-1.6317606376644,6.6722181644485,6.6722181644485,0.57,19.92,8.010393463838,0.00108193014,30.0,1.0,,,0.9999999999999996,1.0,8.3039788021129,0.88363682,0.77903134,-3.01892204,0.3357218899147881,0.0001135198485919,1.2866914895933,0.21408186365887,33.58,16.51,Ag_13,-2.24,22.0,Ag_13_1ao6.dlg,0.9750018146138324,-0.9750018146138324,0.7264062428081293,-0.7264062428081293,-1.7014080574219617,-0.8507040287109808
3-Mercaptopropionic_acid,1ao6,-3.343,106.14599999999996,106.008850432,0.3909000000000001,37.3,2,3,3,6,12,0.6666666666666666,0,0,8.72474487139159,3.928869016623521,1.1549482884095654,3.0274688796680502,49.77734689920266,0.6873676811201163,0.99301764386016,0.0157808456289417,0.1179659229710715,0.9007693095696084,57.0799138873533,435.8532814193509,483.8678191951317,2.1450441565223173,0.2309999986605078,30.0,0.0333333333333333,1.7091129222678e-07,0.12137381899076,1.7091129222678e-07,19.92,0.57,0.7591432603939178,-1.6317606376644,6.6722181644485,6.6722181644485,0.57,19.92,8.010393463838,0.00108193014,30.0,1.0,,,0.9999999999999996,1.0,8.3039788021129,0.88363682,0.77903134,-3.01892204,0.3357218899147881,0.0001135198485919,1.2866914895933,0.21408186365887,33.58,16.51,Au_13,-2.34,22.0,Au_13_1ao6.dlg,0.9750018146138324,-0.9750018146138324,0.6876301088504001,-0.6876301088504001,-1.6626319234642324,-0.8313159617321162
3-Mercaptopropionic_acid,1ao6,-3.343,106.14599999999996,106.008850432,0.3909000000000001,37.3,2,3,3,6,12,0.6666666666666666,0,0,8.72474487139159,3.928869016623521,1.1549482884095654,3.0274688796680502,49.77734689920266,0.6873676811201163,0.99301764386016,0.0157808456289417,0.1179659229710715,0.9007693095696084,57.0799138873533,435.8532814193509,483.8678191951317,2.1450441565223173,0.2309999986605078,30.0,0.0333333333333333,1.7091129222678e-07,0.12137381899076,1.7091129222678e-07,19.92,0.57,0.7591432603939178,-1.6317606376644,6.6722181644485,6.6722181644485,0.57,19.92,8.010393463838,0.00108193014,30.0,1.0,,,0.9999999999999996,1.0,8.3039788021129,0.88363682,0.77903134,-3.01892204,0.3357218899147881,0.0001135198485919,1.2866914895933,0.21408186365887,33.58,16.51,ZnO_12_0,-7.76,22.0,ZnO_12_0_1ao6.dlg,0.9750018146138324,-0.9750018146138324,-1.4140363516585295,1.4140363516585295,0.4390345370446971,0.21951726852234854
3-Mercaptopropionic_acid,1hzh,-3.189,106.14599999999996,106.008850432,0.3909000000000001,37.3,2,3,3,6,12,0.6666666666666666,0,0,8.72474487139159,3.928869016623521,1.1549482884095654,3.0274688796680502,49.77734689920266,0.6873676811201163,0.99301764386016,0.0157808456289417,0.1179659229710715,0.9007693095696084,57.0799138873533,435.8532814193509,483.8678191951317,2.1450441565223173,0.2309999986605078,30.0,0.0333333333333333,1.7091129222678e-07,0.12137381899076,1.7091129222678e-07,19.92,0.57,0.7591432603939178,-1.6317606376644,6.6722181644485,6.6722181644485,0.57,19.92,8.010393463838,0.00108193014,30.0,1.0,,,0.9999999999999996,1.0,8.3039788021129,0.88363682,0.77903134,-3.01892204,0.3357218899147881,0.0001135198485919,1.2866914895933,0.21408186365887,33.58,16.51,Ag_13,-2.13,20.0,Ag_13_1hzh.dlg,1.0550850260220628,-1.0550850260220628,0.7050874408894409,-0.7050874408894409,-1.7601724669115035,-0.8800862334557518
3-Mercaptopropionic_acid,1hzh,-3.189,106.14599999999996,106.008850432,0.3909000000000001,37.3,2,3,3,6,12,0.6666666666666666,0,0,8.72474487139159,3.928869016623521,1.1549482884095654,3.0274688796680502,49.77734689920266,0.6873676811201163,0.99301764386016,0.0157808456289417,0.1179659229710715,0.9007693095696084,57.0799138873533,435.8532814193509,483.8678191951317,2.1450441565223173,0.2309999986605078,30.0,0.0333333333333333,1.7091129222678e-07,0.12137381899076,1.7091129222678e-07,19.92,0.57,0.7591432603939178,-1.6317606376644,6.6722181644485,6.6722181644485,0.57,19.92,8.010393463838,0.00108193014,30.0,1.0,,,0.9999999999999996,1.0,8.3039788021129,0.88363682,0.77903134,-3.01892204,0.3357218899147881,0.0001135198485919,1.2866914895933,0.21408186365887,33.58,16.51,Au_13,-2.12,19.0,Au_13_1hzh.dlg,1.0550850260220628,-1.0550850260220628,0.7091242010472047,-0.7091242010472047,-1.7642092270692675,-0.8821046135346338
3-Mercaptopropionic_acid,1hzh,-3.189,106.14599999999996,106.008850432,0.3909000000000001,37.3,2,3,3,6,12,0.6666666666666666,0,0,8.72474487139159,3.928869016623521,1.1549482884095654,3.0274688796680502,49.77734689920266,0.6873676811201163,0.99301764386016,0.0157808456289417,0.1179659229710715,0.9007693095696084,57.0799138873533,435.8532814193509,483.8678191951317,2.1450441565223173,0.2309999986605078,30.0,0.0333333333333333,1.7091129222678e-07,0.12137381899076,1.7091129222678e-07,19.92,0.57,0.7591432603939178,-1.6317606376644,6.6722181644485,6.6722181644485,0.57,19.92,8.010393463838,0.00108193014,30.0,1.0,,,0.9999999999999996,1.0,8.3039788021129,0.88363682,0.77903134,-3.01892204,0.3357218899147881,0.0001135198485919,1.2866914895933,0.21408186365887,33.58,16.51,ZnO_12_0,-7.38,22.0,ZnO_12_0_1hzh.dlg,1.0550850260220628,-1.0550850260220628,-1.4142116419366457,1.4142116419366457,0.35912661591458295,0.17956330795729147
3-Mercaptopropionic_acid,2hav,-3.557,106.14599999999996,106.008850432,0.3909000000000001,37.3,2,3,3,6,12,0.6666666666666666,0,0,8.72474487139159,3.928869016623521,1.1549482884095654,3.0274688796680502,49.77734689920266,0.6873676811201163,0.99301764386016,0.0157808456289417,0.1179659229710715,0.9007693095696084,57.0799138873533,435.8532814193509,483.8678191951317,2.1450441565223173,0.2309999986605078,30.0,0.0333333333333333,1.7091129222678e-07,0.12137381899076,1.7091129222678e-07,19.92,0.57,0.7591432603939178,-1.6317606376644,6.6722181644485,6.6722181644485,0.57,19.92,8.010393463838,0.00108193014,30.0,1.0,,,0.9999999999999996,1.0,8.3039788021129,0.88363682,0.77903134,-3.01892204,0.3357218899147881,0.0001135198485919,1.2866914895933,0.21408186365887,33.58,16.51,Ag_13,-2.17,23.0,Ag_13_2hav.dlg,0.9544420306215775,-0.9544420306215775,0.7360514352688697,-0.7360514352688697,-1.6904934658904471,-0.8452467329452236
3-Mercaptopropionic_acid,2hav,-3.557,106.14599999999996,106.008850432,0.3909000000000001,37.3,2,3,3,6,12,0.6666666666666666,0,0,8.72474487139159,3.928869016623521,1.1549482884095654,3.0274688796680502,49.77734689920266,0.6873676811201163,0.99301764386016,0.0157808456289417,0.1179659229710715,0.9007693095696084,57.0799138873533,435.8532814193509,483.8678191951317,2.1450441565223173,0.2309999986605078,30.0,0.0333333333333333,1.7091129222678e-07,0.12137381899076,1.7091129222678e-07,19.92,0.57,0.7591432603939178,-1.6317606376644,6.6722181644485,6.6722181644485,0.57,19.92,8.010393463838,0.00108193014,30.0,1.0,,,0.9999999999999996,1.0,8.3039788021129,0.88363682,0.77903134,-3.01892204,0.3357218899147881,0.0001135198485919,1.2866914895933,0.21408186365887,33.58,16.51,Au_13,-2.34,21.0,Au_13_2hav.dlg,0.9544420306215775,-0.9544420306215775,0.6777616476932294,-0.6777616476932294,-1.632203678314807,-0.8161018391574035
3-Mercaptopropionic_acid,2hav,-3.557,106.14599999999996,106.008850432,0.3909000000000001,37.3,2,3,3,6,12,0.6666666666666666,0,0,8.72474487139159,3.928869016623521,1.1549482884095654,3.0274688796680502,49.77734689920266,0.6873676811201163,0.99301764386016,0.0157808456289417,0.1179659229710715,0.9007693095696084,57.0799138873533,435.8532814193509,483.8678191951317,2.1450441565223173,0.2309999986605078,30.0,0.0333333333333333,1.7091129222678e-07,0.12137381899076,1.7091129222678e-07,19.92,0.57,0.7591432603939178,-1.6317606376644,6.6722181644485,6.6722181644485,0.57,19.92,8.010393463838,0.00108193014,30.0,1.0,,,0.9999999999999996,1.0,8.3039788021129,0.88363682,0.77903134,-3.01892204,0.3357218899147881,0.0001135198485919,1.2866914895933,0.21408186365887,33.58,16.51,ZnO_12_0,-8.44,21.0,ZnO_12_0_2hav.dlg,0.9544420306215775,-0.9544420306215775,-1.4138130829620992,1.4138130829620992,0.45937105234052167,0.22968552617026083
3-Mercaptopropionic_acid,3ghg,-3.109,106.14599999999996,106.008850432,0.3909000000000001,37.3,2,3,3,6,12,0.6666666666666666,0,0,8.72474487139159,3.928869016623521,1.1549482884095654,3.0274688796680502,49.77734689920266,0.6873676811201163,0.99301764386016,0.0157808456289417,0.1179659229710715,0.9007693095696084,57.0799138873533,435.8532814193509,483.8678191951317,2.1450441565223173,0.2309999986605078,30.0,0.0333333333333333,1.7091129222678e-07,0.12137381899076,1.7091129222678e-07,19.92,0.57,0.7591432603939178,-1.6317606376644,6.6722181644485,6.6722181644485,0.57,19.92,8.010393463838,0.00108193014,30.0,1.0,,,0.9999999999999996,1.0,8.3039788021129,0.88363682,0.77903134,-3.01892204,0.3357218899147881,0.0001135198485919,1.2866914895933,0.21408186365887,33.58,16.51,,,,,0.9515754324954644,-0.9515754324954644,,,,
4-Aminothiophenol,1ao6,-4.52,125.19599999999996,125.029920224,1.5575,26.02,2,2,2,8,15,0.0,1,0,10.85546188596382,5.23040642444569,1.448214249221175,2.092227094578511,63.55816311336705,0.6171243696694259,0.988687013840064,0.0093598832264369,0.1499932953968856,0.8563159161506224,91.48788456376896,522.3068903153979,609.9464934195224,2.2107242668404967,0.0392138282779952,30.0,0.0333333333333333,0.0037658901678424,0.099761010067852,0.0043748444793254,13.09,33.58,-1.0108109422422915,-2.0195898492747,0.0,-0.09237985279884,33.58,13.09,7.845507008809833,0.00028411974,30.0,1.0,,,1.0,1.0,2.0195898492747,1.27275416,1.16814868,-0.6923902,0.3152756682123647,0.0001081182388223,1.2072623767417,0.19364704617167,33.58,16.51,Ag_13,-2.24,22.0,Ag_13_1ao6.dlg,0.188013716205035,-0.188013716205035,0.7264062428081293,-0.7264062428081293,-0.9144199590131643,-0.45720997950658215
4-Aminothiophenol,1ao6,-4.52,125.19599999999996,125.029920224,1.5575,26.02,2,2,2,8,15,0.0,1,0,10.85546188596382,5.23040642444569,1.448214249221175,2.092227094578511,63.55816311336705,0.6171243696694259,0.988687013840064,0.0093598832264369,0.1499932953968856,0.8563159161506224,91.48788456376896,522.3068903153979,609.9464934195224,2.2107242668404967,0.0392138282779952,30.0,0.0333333333333333,0.0037658901678424,0.099761010067852,0.0043748444793254,13.09,33.58,-1.0108109422422915,-2.0195898492747,0.0,-0.09237985279884,33.58,13.09,7.845507008809833,0.00028411974,30.0,1.0,,,1.0,1.0,2.0195898492747,1.27275416,1.16814868,-0.6923902,0.3152756682123647,0.0001081182388223,1.2072623767417,0.19364704617167,33.58,16.51,Au_13,-2.34,22.0,Au_13_1ao6.dlg,0.188013716205035,-0.188013716205035,0.6876301088504001,-0.6876301088504001,-0.875643825055435,-0.4378219125277175
4-Aminothiophenol,1ao6,-4.52,125.19599999999996,125.029920224,1.5575,26.02,2,2,2,8,15,0.0,1,0,10.85546188596382,5.23040642444569,1.448214249221175,2.092227094578511,63.55816311336705,0.6171243696694259,0.988687013840064,0.0093598832264369,0.1499932953968856,0.8563159161506224,91.48788456376896,522.3068903153979,609.9464934195224,2.2107242668404967,0.0392138282779952,30.0,0.0333333333333333,0.0037658901678424,0.099761010067852,0.0043748444793254,13.09,33.58,-1.0108109422422915,-2.0195898492747,0.0,-0.09237985279884,33.58,13.09,7.845507008809833,0.00028411974,30.0,1.0,,,1.0,1.0,2.0195898492747,1.27275416,1.16814868,-0.6923902,0.3152756682123647,0.0001081182388223,1.2072623767417,0.19364704617167,33.58,16.51,ZnO_12_0,-7.76,22.0,ZnO_12_0_1ao6.dlg,0.188013716205035,-0.188013716205035,-1.4140363516585295,1.4140363516585295,1.2260226354534944,0.6130113177267472
4-Aminothiophenol,1hzh,-4.245,125.19599999999996,125.029920224,1.5575,26.02,2,2,2,8,15,0.0,1,0,10.85546188596382,5.23040642444569,1.448214249221175,2.092227094578511,63.55816311336705,0.6171243696694259,0.988687013840064,0.0093598832264369,0.1499932953968856,0.8563159161506224,91.48788456376896,522.3068903153979,609.9464934195224,2.2107242668404967,0.0392138282779952,30.0,0.0333333333333333,0.0037658901678424,0.099761010067852,0.0043748444793254,13.09,33.58,-1.0108109422422915,-2.0195898492747,0.0,-0.09237985279884,33.58,13.09,7.845507008809833,0.00028411974,30.0,1.0,,,1.0,1.0,2.0195898492747,1.27275416,1.16814868,-0.6923902,0.3152756682123647,0.0001081182388223,1.2072623767417,0.19364704617167,33.58,16.51,Ag_13,-2.13,20.0,Ag_13_1hzh.dlg,0.3207477372862359,-0.3207477372862359,0.7050874408894409,-0.7050874408894409,-1.0258351781756767,-0.5129175890878384
4-Aminothiophenol,1hzh,-4.245,125.19599999999996,125.029920224,1.5575,26.02,2,2,2,8,15,0.0,1,0,10.85546188596382,5.23040642444569,1.448214249221175,2.092227094578511,63.55816311336705,0.6171243696694259,0.988687013840064,0.0093598832264369,0.1499932953968856,0.8563159161506224,91.48788456376896,522.3068903153979,609.9464934195224,2.2107242668404967,0.0392138282779952,30.0,0.0333333333333333,0.0037658901678424,0.099761010067852,0.0043748444793254,13.09,33.58,-1.0108109422422915,-2.0195898492747,0.0,-0.09237985279884,33.58,13.09,7.845507008809833,0.00028411974,30.0,1.0,,,1.0,1.0,2.0195898492747,1.27275416,1.16814868,-0.6923902,0.3152756682123647,0.0001081182388223,1.2072623767417,0.19364704617167,33.58,16.51,Au_13,-2.12,19.0,Au_13_1hzh.dlg,0.3207477372862359,-0.3207477372862359,0.7091242010472047,-0.7091242010472047,-1.0298719383334407,-0.5149359691667204
4-Aminothiophenol,1hzh,-4.245,125.19599999999996,125.029920224,1.5575,26.02,2,2,2,8,15,0.0,1,0,10.85546188596382,5.23040642444569,1.448214249221175,2.092227094578511,63.55816311336705,0.6171243696694259,0.988687013840064,0.0093598832264369,0.1499932953968856,0.8563159161506224,91.48788456376896,522.3068903153979,609.9464934195224,2.2107242668404967,0.0392138282779952,30.0,0.0333333333333333,0.0037658901678424,0.099761010067852,0.0043748444793254,13.09,33.58,-1.0108109422422915,-2.0195898492747,0.0,-0.09237985279884,33.58,13.09,7.845507008809833,0.00028411974,30.0,1.0,,,1.0,1.0,2.0195898492747,1.27275416,1.16814868,-0.6923902,0.3152756682123647,0.0001081182388223,1.2072623767417,0.19364704617167,33.58,16.51,ZnO_12_0,-7.38,22.0,ZnO_12_0_1hzh.dlg,0.3207477372862359,-0.3207477372862359,-1.4142116419366457,1.4142116419366457,1.0934639046504098,0.5467319523252049
4-Aminothiophenol,2hav,-4.056,125.19599999999996,125.029920224,1.5575,26.02,2,2,2,8,15,0.0,1,0,10.85546188596382,5.23040642444569,1.448214249221175,2.092227094578511,63.55816311336705,0.6171243696694259,0.988687013840064,0.0093598832264369,0.1499932953968856,0.8563159161506224,91.48788456376896,522.3068903153979,609.9464934195224,2.2107242668404967,0.0392138282779952,30.0,0.0333333333333333,0.0037658901678424,0.099761010067852,0.0043748444793254,13.09,33.58,-1.0108109422422915,-2.0195898492747,0.0,-0.09237985279884,33.58,13.09,7.845507008809833,0.00028411974,30.0,1.0,,,1.0,1.0,2.0195898492747,1.27275416,1.16814868,-0.6923902,0.3152756682123647,0.0001081182388223,1.2072623767417,0.19364704617167,33.58,16.51,Ag_13,-2.17,23.0,Ag_13_2hav.dlg,0.6555169760421704,-0.6555169760421704,0.7360514352688697,-0.7360514352688697,-1.3915684113110403,-0.6957842056555201
4-Aminothiophenol,2hav,-4.056,125.19599999999996,125.029920224,1.5575,26.02,2,2,2,8,15,0.0,1,0,10.85546188596382,5.23040642444569,1.448214249221175,2.092227094578511,63.55816311336705,0.6171243696694259,0.988687013840064,0.0093598832264369,0.1499932953968856,0.8563159161506224,91.48788456376896,522.3068903153979,609.9464934195224,2.2107242668404967,0.0392138282779952,30.0,0.0333333333333333,0.0037658901678424,0.099761010067852,0.0043748444793254,13.09,33.58,-1.0108109422422915,-2.0195898492747,0.0,-0.09237985279884,33.58,13.09,7.845507008809833,0.00028411974,30.0,1.0,,,1.0,1.0,2.0195898492747,1.27275416,1.16814868,-0.6923902,0.3152756682123647,0.0001081182388223,1.2072623767417,0.19364704617167,33.58,16.51,Au_13,-2.34,21.0,Au_13_2hav.dlg,0.6555169760421704,-0.6555169760421704,0.6777616476932294,-0.6777616476932294,-1.3332786237353997,-0.6666393118676999
4-Aminothiophenol,2hav,-4.056,125.19599999999996,125.029920224,1.5575,26.02,2,2,2,8,15,0.0,1,0,10.85546188596382,5.23040642444569,1.448214249221175,2.092227094578511,63.55816311336705,0.6171243696694259,0.988687013840064,0.0093598832264369,0.1499932953968856,0.8563159161506224,91.48788456376896,522.3068903153979,609.9464934195224,2.2107242668404967,0.0392138282779952,30.0,0.0333333333333333,0.0037658901678424,0.099761010067852,0.0043748444793254,13.09,33.58,-1.0108109422422915,-2.0195898492747,0.0,-0.09237985279884,33.58,13.09,7.845507008809833,0.00028411974,30.0,1.0,,,1.0,1.0,2.0195898492747,1.27275416,1.16814868,-0.6923902,0.3152756682123647,0.0001081182388223,1.2072623767417,0.19364704617167,33.58,16.51,ZnO_12_0,-8.44,21.0,ZnO_12_0_2hav.dlg,0.6555169760421704,-0.6555169760421704,-1.4138130829620992,1.4138130829620992,0.7582961069199288,0.3791480534599644
4-Aminothiophenol,3ghg,-3.797,125.19599999999996,125.029920224,1.5575,26.02,2,2,2,8,15,0.0,1,0,10.85546188596382,5.23040642444569,1.448214249221175,2.092227094578511,63.55816311336705,0.6171243696694259,0.988687013840064,0.0093598832264369,0.1499932953968856,0.8563159161506224,91.48788456376896,522.3068903153979,609.9464934195224,2.2107242668404967,0.0392138282779952,30.0,0.0333333333333333,0.0037658901678424,0.099761010067852,0.0043748444793254,13.09,33.58,-1.0108109422422915,-2.0195898492747,0.0,-0.09237985279884,33.58,13.09,7.845507008809833,0.00028411974,30.0,1.0,,,1.0,1.0,2.0195898492747,1.27275416,1.16814868,-0.6923902,0.3152756682123647,0.0001081182388223,1.2072623767417,0.19364704617167,33.58,16.51,,,,,0.4510525750360762,-0.4510525750360762,,,,
4-Mercaptobenzoic_acid,1ao6,-5.176,154.19000000000003,154.008850432,1.6735,37.3,2,3,2,10,16,0.0,1,0,10.72474487139159,5.178869016623521,2.5833595518334085,2.7488332358362486,72.10455687647344,0.6673132009702915,0.9918985089906664,0.006618645642894,0.1270328613473406,0.8729724802804897,131.8959387435603,906.391649866586,1038.2820424938925,2.5949568889063594,8.246651581814602e-06,30.0,0.0333333333333333,4.5813518612748e-05,0.13425638972728,4.5813518612748e-05,14.23,0.57,-1.1165109341818096,-2.9986693959211,1.9214577956514,1.9214577956514,0.57,14.23,7.968608493314833,0.00215608033,30.0,1.0,,,0.9999999999999998,1.0,4.9201271915725,1.85017229,1.74556681,-0.25998153,0.2821926591519675,9.5314605677429e-05,1.079726805455,0.17921073142077,33.58,16.51,Ag_13,-2.24,22.0,Ag_13_1ao6.dlg,-0.2506134652360625,0.2506134652360625,0.7264062428081293,-0.7264062428081293,-0.4757927775720668,-0.2378963887860334
4-Mercaptobenzoic_acid,1ao6,-5.176,154.19000000000003,154.008850432,1.6735,37.3,2,3,2,10,16,0.0,1,0,10.72474487139159,5.178869016623521,2.5833595518334085,2.7488332358362486,72.10455687647344,0.6673132009702915,0.9918985089906664,0.006618645642894,0.1270328613473406,0.8729724802804897,131.8959387435603,906.391649866586,1038.2820424938925,2.5949568889063594,8.246651581814602e-06,30.0,0.0333333333333333,4.5813518612748e-05,0.13425638972728,4.5813518612748e-05,14.23,0.57,-1.1165109341818096,-2.9986693959211,1.9214577956514,1.9214577956514,0.57,14.23,7.968608493314833,0.00215608033,30.0,1.0,,,0.9999999999999998,1.0,4.9201271915725,1.85017229,1.74556681,-0.25998153,0.2821926591519675,9.5314605677429e-05,1.079726805455,0.17921073142077,33.58,16.51,Au_13,-2.34,22.0,Au_13_1ao6.dlg,-0.2506134652360625,0.2506134652360625,0.6876301088504001,-0.6876301088504001,-0.4370166436143376,-0.2185083218071688
4-Mercaptobenzoic_acid,1ao6,-5.176,154.19000000000003,154.008850432,1.6735,37.3,2,3,2,10,16,0.0,1,0,10.72474487139159,5.178869016623521,2.5833595518334085,2.7488332358362486,72.10455687647344,0.6673132009702915,0.9918985089906664,0.006618645642894,0.1270328613473406,0.8729724802804897,131.8959387435603,906.391649866586,1038.2820424938925,2.5949568889063594,8.246651581814602e-06,30.0,0.0333333333333333,4.5813518612748e-05,0.13425638972728,4.5813518612748e-05,14.23,0.57,-1.1165109341818096,-2.9986693959211,1.9214577956514,1.9214577956514,0.57,14.23,7.968608493314833,0.00215608033,30.0,1.0,,,0.9999999999999998,1.0,4.9201271915725,1.85017229,1.74556681,-0.25998153,0.2821926591519675,9.5314605677429e-05,1.079726805455,0.17921073142077,33.58,16.51,ZnO_12_0,-7.76,22.0,ZnO_12_0_1ao6.dlg,-0.2506134652360625,0.2506134652360625,-1.4140363516585295,1.4140363516585295,1.664649816894592,0.832324908447296
4-Mercaptobenzoic_acid,1hzh,-4.841,154.19000000000003,154.008850432,1.6735,37.3,2,3,2,10,16,0.0,1,0,10.72474487139159,5.178869016623521,2.5833595518334085,2.7488332358362486,72.10455687647344,0.6673132009702915,0.9918985089906664,0.006618645642894,0.1270328613473406,0.8729724802804897,131.8959387435603,906.391649866586,1038.2820424938925,2.5949568889063594,8.246651581814602e-06,30.0,0.0333333333333333,4.5813518612748e-05,0.13425638972728,4.5813518612748e-05,14.23,0.57,-1.1165109341818096,-2.9986693959211,1.9214577956514,1.9214577956514,0.57,14.23,7.968608493314833,0.00215608033,30.0,1.0,,,0.9999999999999998,1.0,4.9201271915725,1.85017229,1.74556681,-0.25998153,0.2821926591519675,9.5314605677429e-05,1.079726805455,0.17921073142077,33.58,16.51,Ag_13,-2.13,20.0,Ag_13_1hzh.dlg,-0.09370777794724215,0.09370777794724215,0.7050874408894409,-0.7050874408894409,-0.6113796629421987,-0.30568983147109935
4-Mercaptobenzoic_acid,1hzh,-4.841,154.19000000000003,154.008850432,1.6735,37.3,2,3,2,10,16,0.0,1,0,10.72474487139159,5.178869016623521,2.5833595518334085,2.7488332358362486,72.10455687647344,0.6673132009702915,0.9918985089906664,0.006618645642894,0.1270328613473406,0.8729724802804897,131.8959387435603,906.391649866586,1038.2820424938925,2.5949568889063594,8.246651581814602e-06,30.0,0.0333333333333333,4.5813518612748e-05,0.13425638972728,4.5813518612748e-05,14.23,0.57,-1.1165109341818096,-2.9986693959211,1.9214577956514,1.9214577956514,0.57,14.23,7.968608493314833,0.00215608033,30.0,1.0,,,0.9999999999999998,1.0,4.9201271915725,1.85017229,1.74556681,-0.25998153,0.2821926591519675,9.5314605677429e-05,1.079726805455,0.17921073142077,33.58,16.51,Au_13,-2.12,19.0,Au_13_1hzh.dlg,-0.09370777794724215,0.09370777794724215,0.7091242010472047,-0.7091242010472047,-0.6154164230999626,-0.3077082115499813
4-Mercaptobenzoic_acid,1hzh,-4.841,154.19000000000003,154.008850432,1.6735,37.3,2,3,2,10,16,0.0,1,0,10.72474487139159,5.178869016623521,2.5833595518334085,2.7488332358362486,72.10455687647344,0.6673132009702915,0.9918985089906664,0.006618645642894,0.1270328613473406,0.8729724802804897,131.8959387435603,906.391649866586,1038.2820424938925,2.5949568889063594,8.246651581814602e-06,30.0,0.0333333333333333,4.5813518612748e-05,0.13425638972728,4.5813518612748e-05,14.23,0.57,-1.1165109341818096,-2.9986693959211,1.9214577956514,1.9214577956514,0.57,14.23,7.968608493314833,0.00215608033,30.0,1.0,,,0.9999999999999998,1.0,4.9201271915725,1.85017229,1.74556681,-0.25998153,0.2821926591519675,9.5314605677429e-05,1.079726805455,0.17921073142077,33.58,16.51,ZnO_12_0,-7.38,22.0,ZnO_12_0_1hzh.dlg,-0.09370777794724215,0.09370777794724215,-1.4142116419366457,1.4142116419366457,1.507919419883888,0.753959709941944
4-Mercaptobenzoic_acid,2hav,-5.001,154.19000000000003,154.008850432,1.6735,37.3,2,3,2,10,16,0.0,1,0,10.72474487139159,5.178869016623521,2.5833595518334085,2.7488332358362486,72.10455687647344,0.6673132009702915,0.9918985089906664,0.006618645642894,0.1270328613473406,0.8729724802804897,131.8959387435603,906.391649866586,1038.2820424938925,2.5949568889063594,8.246651581814602e-06,30.0,0.0333333333333333,4.5813518612748e-05,0.13425638972728,4.5813518612748e-05,14.23,0.57,-1.1165109341818096,-2.9986693959211,1.9214577956514,1.9214577956514,0.57,14.23,7.968608493314833,0.00215608033,30.0,1.0,,,0.9999999999999998,1.0,4.9201271915725,1.85017229,1.74556681,-0.25998153,0.2821926591519675,9.5314605677429e-05,1.079726805455,0.17921073142077,33.58,16.51,Ag_13,-2.17,23.0,Ag_13_2hav.dlg,0.08941642177856364,-0.08941642177856364,0.7360514352688697,-0.7360514352688697,-0.8254678570474334,-0.4127339285237167
4-Mercaptobenzoic_acid,2hav,-5.001,154.19000000000003,154.008850432,1.6735,37.3,2,3,2,10,16,0.0,1,0,10.72474487139159,5.178869016623521,2.5833595518334085,2.7488332358362486,72.10455687647344,0.6673132009702915,0.9918985089906664,0.006618645642894,0.1270328613473406,0.8729724802804897,131.8959387435603,906.391649866586,1038.2820424938925,2.5949568889063594,8.246651581814602e-06,30.0,0.0333333333333333,4.5813518612748e-05,0.13425638972728,4.5813518612748e-05,14.23,0.57,-1.1165109341818096,-2.9986693959211,1.9214577956514,1.9214577956514,0.57,14.23,7.968608493314833,0.00215608033,30.0,1.0,,,0.9999999999999998,1.0,4.9201271915725,1.85017229,1.74556681,-0.25998153,0.2821926591519675,9.5314605677429e-05,1.079726805455,0.17921073142077,33.58,16.51,Au_13,-2.34,21.0,Au_13_2hav.dlg,0.08941642177856364,-0.08941642177856364,0.6777616476932294,-0.6777616476932294,-0.7671780694717931,-0.38358903473589656
4-Mercaptobenzoic_acid,2hav,-5.001,154.19000000000003,154.008850432,1.6735,37.3,2,3,2,10,16,0.0,1,0,10.72474487139159,5.178869016623521,2.5833595518334085,2.7488332358362486,72.10455687647344,0.6673132009702915,0.9918985089906664,0.006618645642894,0.1270328613473406,0.8729724802804897,131.8959387435603,906.391649866586,1038.2820424938925,2.5949568889063594,8.246651581814602e-06,30.0,0.0333333333333333,4.5813518612748e-05,0.13425638972728,4.5813518612748e-05,14.23,0.57,-1.1165109341818096,-2.9986693959211,1.9214577956514,1.9214577956514,0.57,14.23,7.968608493314833,0.00215608033,30.0,1.0,,,0.9999999999999998,1.0,4.9201271915725,1.85017229,1.74556681,-0.25998153,0.2821926591519675,9.5314605677429e-05,1.079726805455,0.17921073142077,33.58,16.51,ZnO_12_0,-8.44,21.0,ZnO_12_0_2hav.dlg,0.08941642177856364,-0.08941642177856364,-1.4138130829620992,1.4138130829620992,1.3243966611835356,0.6621983305917678
4-Mercaptobenzoic_acid,3ghg,-4.976,154.19000000000003,154.008850432,1.6735,37.3,2,3,2,10,16,0.0,1,0,10.72474487139159,5.178869016623521,2.5833595518334085,2.7488332358362486,72.10455687647344,0.6673132009702915,0.9918985089906664,0.006618645642894,0.1270328613473406,0.8729724802804897,131.8959387435603,906.391649866586,1038.2820424938925,2.5949568889063594,8.246651581814602e-06,30.0,0.0333333333333333,4.5813518612748e-05,0.13425638972728,4.5813518612748e-05,14.23,0.57,-1.1165109341818096,-2.9986693959211,1.9214577956514,1.9214577956514,0.57,14.23,7.968608493314833,0.00215608033,30.0,1.0,,,0.9999999999999998,1.0,4.9201271915725,1.85017229,1.74556681,-0.25998153,0.2821926591519675,9.5314605677429e-05,1.079726805455,0.17921073142077,33.58,16.51,,,,,-0.4066748216857529,0.4066748216857529,,,,
5-Fluorouracil,1ao6,-5.307,146.07700000000003,146.012770176,-1.0252,75.09,2,3,1,10,13,0.0,1,0,7.497136535400732,3.531292363605235,3.5469994646208067,1.9769273239524408,57.65840038460413,0.2797256378542663,0.9163150506550009,0.0023686892964446,0.4004581475549266,0.5995420671828599,253.11131691385071,378.943175701256,632.0543568891532,2.080110074623116,5.882502663610161e-07,30.0,0.0333333333333335,6.3337169267312996e-12,0.2595670818533,6.3337169267312996e-12,19.92,0.57,1.364787189632895,-3.2891931325742,11.771718667446,11.771718667446,0.57,19.92,8.254764711990001,0.0022446953,30.0,1.0,,,1.0000000000000056,1.0,15.0609118000202,1.76735398,1.6627485,-6.4248827,0.3062959007544959,0.0001028005321569,1.1749482736667,0.20231441618115,33.58,16.51,Ag_13,-2.24,22.0,Ag_13_1ao6.dlg,-0.3382051737250622,0.3382051737250622,0.7264062428081293,-0.7264062428081293,-0.38820106908306706,-0.19410053454153353
5-Fluorouracil,1ao6,-5.307,146.07700000000003,146.012770176,-1.0252,75.09,2,3,1,10,13,0.0,1,0,7.497136535400732,3.531292363605235,3.5469994646208067,1.9769273239524408,57.65840038460413,0.2797256378542663,0.9163150506550009,0.0023686892964446,0.4004581475549266,0.5995420671828599,253.11131691385071,378.943175701256,632.0543568891532,2.080110074623116,5.882502663610161e-07,30.0,0.0333333333333335,6.3337169267312996e-12,0.2595670818533,6.3337169267312996e-12,19.92,0.57,1.364787189632895,-3.2891931325742,11.771718667446,11.771718667446,0.57,19.92,8.254764711990001,0.0022446953,30.0,1.0,,,1.0000000000000056,1.0,15.0609118000202,1.76735398,1.6627485,-6.4248827,0.3062959007544959,0.0001028005321569,1.1749482736667,0.20231441618115,33.58,16.51,Au_13,-2.34,22.0,Au_13_1ao6.dlg,-0.3382051737250622,0.3382051737250622,0.6876301088504001,-0.6876301088504001,-0.3494249351253379,-0.17471246756266895
5-Fluorouracil,1ao6,-5.307,146.07700000000003,146.012770176,-1.0252,75.09,2,3,1,10,13,0.0,1,0,7.497136535400732,3.531292363605235,3.5469994646208067,1.9769273239524408,57.65840038460413,0.2797256378542663,0.9163150506550009,0.0023686892964446,0.4004581475549266,0.5995420671828599,253.11131691385071,378.943175701256,632.0543568891532,2.080110074623116,5.882502663610161e-07,30.0,0.0333333333333335,6.3337169267312996e-12,0.2595670818533,6.3337169267312996e-12,19.92,0.57,1.364787189632895,-3.2891931325742,11.771718667446,11.771718667446,0.57,19.92,8.254764711990001,0.0022446953,30.0,1.0,,,1.0000000000000056,1.0,15.0609118000202,1.76735398,1.6627485,-6.4248827,0.3062959007544959,0.0001028005321569,1.1749482736667,0.20231441618115,33.58,16.51,ZnO_12_0,-7.76,22.0,ZnO_12_0_1ao6.dlg,-0.3382051737250622,0.3382051737250622,-1.4140363516585295,1.4140363516585295,1.7522415253835917,0.8761207626917958
5-Fluorouracil,1hzh,-4.926,146.07700000000003,146.012770176,-1.0252,75.09,2,3,1,10,13,0.0,1,0,7.497136535400732,3.531292363605235,3.5469994646208067,1.9769273239524408,57.65840038460413,0.2797256378542663,0.9163150506550009,0.0023686892964446,0.4004581475549266,0.5995420671828599,253.11131691385071,378.943175701256,632.0543568891532,2.080110074623116,5.882502663610161e-07,30.0,0.0333333333333335,6.3337169267312996e-12,0.2595670818533,6.3337169267312996e-12,19.92,0.57,1.364787189632895,-3.2891931325742,11.771718667446,11.771718667446,0.57,19.92,8.254764711990001,0.0022446953,30.0,1.0,,,1.0000000000000056,1.0,15.0609118000202,1.76735398,1.6627485,-6.4248827,0.3062959007544959,0.0001028005321569,1.1749482736667,0.20231441618115,33.58,16.51,Ag_13,-2.13,20.0,Ag_13_1hzh.dlg,-0.15281636652919786,0.15281636652919786,0.7050874408894409,-0.7050874408894409,-0.552271074360243,-0.2761355371801215
5-Fluorouracil,1hzh,-4.926,146.07700000000003,146.012770176,-1.0252,75.09,2,3,1,10,13,0.0,1,0,7.497136535400732,3.531292363605235,3.5469994646208067,1.9769273239524408,57.65840038460413,0.2797256378542663,0.9163150506550009,0.0023686892964446,0.4004581475549266,0.5995420671828599,253.11131691385071,378.943175701256,632.0543568891532,2.080110074623116,5.882502663610161e-07,30.0,0.0333333333333335,6.3337169267312996e-12,0.2595670818533,6.3337169267312996e-12,19.92,0.57,1.364787189632895,-3.2891931325742,11.771718667446,11.771718667446,0.57,19.92,8.254764711990001,0.0022446953,30.0,1.0,,,1.0000000000000056,1.0,15.0609118000202,1.76735398,1.6627485,-6.4248827,0.3062959007544959,0.0001028005321569,1.1749482736667,0.20231441618115,33.58,16.51,Au_13,-2.12,19.0,Au_13_1hzh.dlg,-0.15281636652919786,0.15281636652919786,0.7091242010472047,-0.7091242010472047,-0.5563078345180069,-0.27815391725900346
5-Fluorouracil,1hzh,-4.926,146.07700000000003,146.012770176,-1.0252,75.09,2,3,1,10,13,0.0,1,0,7.497136535400732,3.531292363605235,3.5469994646208067,1.9769273239524408,57.65840038460413,0.2797256378542663,0.9163150506550009,0.0023686892964446,0.4004581475549266,0.5995420671828599,253.11131691385071,378.943175701256,632.0543568891532,2.080110074623116,5.882502663610161e-07,30.0,0.0333333333333335,6.3337169267312996e-12,0.2595670818533,6.3337169267312996e-12,19.92,0.57,1.364787189632895,-3.2891931325742,11.771718667446,11.771718667446,0.57,19.92,8.254764711990001,0.0022446953,30.0,1.0,,,1.0000000000000056,1.0,15.0609118000202,1.76735398,1.6627485,-6.4248827,0.3062959007544959,0.0001028005321569,1.1749482736667,0.20231441618115,33.58,16.51,ZnO_12_0,-7.38,22.0,ZnO_12_0_1hzh.dlg,-0.15281636652919786,0.15281636652919786,-1.4142116419366457,1.4142116419366457,1.5670280084658437,0.7835140042329218
5-Fluorouracil,2hav,-5.327,146.07700000000003,146.012770176,-1.0252,75.09,2,3,1,10,13,0.0,1,0,7.497136535400732,3.531292363605235,3.5469994646208067,1.9769273239524408,57.65840038460413,0.2797256378542663,0.9163150506550009,0.0023686892964446,0.4004581475549266,0.5995420671828599,253.11131691385071,378.943175701256,632.0543568891532,2.080110074623116,5.882502663610161e-07,30.0,0.0333333333333335,6.3337169267312996e-12,0.2595670818533,6.3337169267312996e-12,19.92,0.57,1.364787189632895,-3.2891931325742,11.771718667446,11.771718667446,0.57,19.92,8.254764711990001,0.0022446953,30.0,1.0,,,1.0000000000000056,1.0,15.0609118000202,1.76735398,1.6627485,-6.4248827,0.3062959007544959,0.0001028005321569,1.1749482736667,0.20231441618115,33.58,16.51,Ag_13,-2.17,23.0,Ag_13_2hav.dlg,-0.10587329323724114,0.10587329323724114,0.7360514352688697,-0.7360514352688697,-0.6301781420316286,-0.3150890710158143
5-Fluorouracil,2hav,-5.327,146.07700000000003,146.012770176,-1.0252,75.09,2,3,1,10,13,0.0,1,0,7.497136535400732,3.531292363605235,3.5469994646208067,1.9769273239524408,57.65840038460413,0.2797256378542663,0.9163150506550009,0.0023686892964446,0.4004581475549266,0.5995420671828599,253.11131691385071,378.943175701256,632.0543568891532,2.080110074623116,5.882502663610161e-07,30.0,0.0333333333333335,6.3337169267312996e-12,0.2595670818533,6.3337169267312996e-12,19.92,0.57,1.364787189632895,-3.2891931325742,11.771718667446,11.771718667446,0.57,19.92,8.254764711990001,0.0022446953,30.0,1.0,,,1.0000000000000056,1.0,15.0609118000202,1.76735398,1.6627485,-6.4248827,0.3062959007544959,0.0001028005321569,1.1749482736667,0.20231441618115,33.58,16.51,Au_13,-2.34,21.0,Au_13_2hav.dlg,-0.10587329323724114,0.10587329323724114,0.6777616476932294,-0.6777616476932294,-0.5718883544559883,-0.28594417722799415
5-Fluorouracil,2hav,-5.327,146.07700000000003,146.012770176,-1.0252,75.09,2,3,1,10,13,0.0,1,0,7.497136535400732,3.531292363605235,3.5469994646208067,1.9769273239524408,57.65840038460413,0.2797256378542663,0.9163150506550009,0.0023686892964446,0.4004581475549266,0.5995420671828599,253.11131691385071,378.943175701256,632.0543568891532,2.080110074623116,5.882502663610161e-07,30.0,0.0333333333333335,6.3337169267312996e-12,0.2595670818533,6.3337169267312996e-12,19.92,0.57,1.364787189632895,-3.2891931325742,11.771718667446,11.771718667446,0.57,19.92,8.254764711990001,0.0022446953,30.0,1.0,,,1.0000000000000056,1.0,15.0609118000202,1.76735398,1.6627485,-6.4248827,0.3062959007544959,0.0001028005321569,1.1749482736667,0.20231441618115,33.58,16.51,ZnO_12_0,-8.44,21.0,ZnO_12_0_2hav.dlg,-0.10587329323724114,0.10587329323724114,-1.4138130829620992,1.4138130829620992,1.5196863761993402,0.7598431880996701
5-Fluorouracil,3ghg,-5.21,146.07700000000003,146.012770176,-1.0252,75.09,2,3,1,10,13,0.0,1,0,7.497136535400732,3.531292363605235,3.5469994646208067,1.9769273239524408,57.65840038460413,0.2797256378542663,0.9163150506550009,0.0023686892964446,0.4004581475549266,0.5995420671828599,253.11131691385071,378.943175701256,632.0543568891532,2.080110074623116,5.882502663610161e-07,30.0,0.0333333333333335,6.3337169267312996e-12,0.2595670818533,6.3337169267312996e-12,19.92,0.57,1.364787189632895,-3.2891931325742,11.771718667446,11.771718667446,0.57,19.92,8.254764711990001,0.0022446953,30.0,1.0,,,1.0000000000000056,1.0,15.0609118000202,1.76735398,1.6627485,-6.4248827,0.3062959007544959,0.0001028005321569,1.1749482736667,0.20231441618115,33.58,16.51,,,,,-0.5769107935542076,0.5769107935542076,,,,
6-Mercaptohexanoic_acid,1ao6,-3.99,148.2270000000001,148.055800624,1.5612,37.3,2,3,6,9,21,0.8333333333333334,0,0,16.22474487139159,7.678869016623521,1.3730134479742506,5.947877237851663,77.30199624339932,0.3514005607198205,0.9536885184014724,0.0032535565009161,0.3007959605267404,0.8410441025377956,258.4999222546052,722.781764548952,859.3862823221817,2.491776410982925,0.3756271366850701,30.0,0.0333333333333332,0.0001051760315052,0.15257197711405,0.0001051760315052,14.23,0.57,-0.964898681286044,-2.7971147717638,1.6896261434382,1.6896261434382,0.57,14.23,7.99902298027,0.0017321712,30.0,1.0,,,0.9999999999999972,1.0,4.486740915202001,1.64906136,1.54445588,-0.43110346,0.2702732049506363,9.2532793968171e-05,1.0320685959663,0.1727943388921,33.58,16.51,Ag_13,-2.24,22.0,Ag_13_1ao6.dlg,0.5423923841376282,-0.5423923841376282,0.7264062428081293,-0.7264062428081293,-1.2687986269457574,-0.6343993134728787
6-Mercaptohexanoic_acid,1ao6,-3.99,148.2270000000001,148.055800624,1.5612,37.3,2,3,6,9,21,0.8333333333333334,0,0,16.22474487139159,7.678869016623521,1.3730134479742506,5.947877237851663,77.30199624339932,0.3514005607198205,0.9536885184014724,0.0032535565009161,0.3007959605267404,0.8410441025377956,258.4999222546052,722.781764548952,859.3862823221817,2.491776410982925,0.3756271366850701,30.0,0.0333333333333332,0.0001051760315052,0.15257197711405,0.0001051760315052,14.23,0.57,-0.964898681286044,-2.7971147717638,1.6896261434382,1.6896261434382,0.57,14.23,7.99902298027,0.0017321712,30.0,1.0,,,0.9999999999999972,1.0,4.486740915202001,1.64906136,1.54445588,-0.43110346,0.2702732049506363,9.2532793968171e-05,1.0320685959663,0.1727943388921,33.58,16.51,Au_13,-2.34,22.0,Au_13_1ao6.dlg,0.5423923841376282,-0.5423923841376282,0.6876301088504001,-0.6876301088504001,-1.2300224929880283,-0.6150112464940142
6-Mercaptohexanoic_acid,1ao6,-3.99,148.2270000000001,148.055800624,1.5612,37.3,2,3,6,9,21,0.8333333333333334,0,0,16.22474487139159,7.678869016623521,1.3730134479742506,5.947877237851663,77.30199624339932,0.3514005607198205,0.9536885184014724,0.0032535565009161,0.3007959605267404,0.8410441025377956,258.4999222546052,722.781764548952,859.3862823221817,2.491776410982925,0.3756271366850701,30.0,0.0333333333333332,0.0001051760315052,0.15257197711405,0.0001051760315052,14.23,0.57,-0.964898681286044,-2.7971147717638,1.6896261434382,1.6896261434382,0.57,14.23,7.99902298027,0.0017321712,30.0,1.0,,,0.9999999999999972,1.0,4.486740915202001,1.64906136,1.54445588,-0.43110346,0.2702732049506363,9.2532793968171e-05,1.0320685959663,0.1727943388921,33.58,16.51,ZnO_12_0,-7.76,22.0,ZnO_12_0_1ao6.dlg,0.5423923841376282,-0.5423923841376282,-1.4140363516585295,1.4140363516585295,0.8716439675209012,0.4358219837604506
6-Mercaptohexanoic_acid,1hzh,-4.096,148.2270000000001,148.055800624,1.5612,37.3,2,3,6,9,21,0.8333333333333334,0,0,16.22474487139159,7.678869016623521,1.3730134479742506,5.947877237851663,77.30199624339932,0.3514005607198205,0.9536885184014724,0.0032535565009161,0.3007959605267404,0.8410441025377956,258.4999222546052,722.781764548952,859.3862823221817,2.491776410982925,0.3756271366850701,30.0,0.0333333333333332,0.0001051760315052,0.15257197711405,0.0001051760315052,14.23,0.57,-0.964898681286044,-2.7971147717638,1.6896261434382,1.6896261434382,0.57,14.23,7.99902298027,0.0017321712,30.0,1.0,,,0.9999999999999972,1.0,4.486740915202001,1.64906136,1.54445588,-0.43110346,0.2702732049506363,9.2532793968171e-05,1.0320685959663,0.1727943388921,33.58,16.51,Ag_13,-2.13,20.0,Ag_13_1hzh.dlg,0.42436161609460543,-0.42436161609460543,0.7050874408894409,-0.7050874408894409,-1.1294490569840463,-0.5647245284920231
6-Mercaptohexanoic_acid,1hzh,-4.096,148.2270000000001,148.055800624,1.5612,37.3,2,3,6,9,21,0.8333333333333334,0,0,16.22474487139159,7.678869016623521,1.3730134479742506,5.947877237851663,77.30199624339932,0.3514005607198205,0.9536885184014724,0.0032535565009161,0.3007959605267404,0.8410441025377956,258.4999222546052,722.781764548952,859.3862823221817,2.491776410982925,0.3756271366850701,30.0,0.0333333333333332,0.0001051760315052,0.15257197711405,0.0001051760315052,14.23,0.57,-0.964898681286044,-2.7971147717638,1.6896261434382,1.6896261434382,0.57,14.23,7.99902298027,0.0017321712,30.0,1.0,,,0.9999999999999972,1.0,4.486740915202001,1.64906136,1.54445588,-0.43110346,0.2702732049506363,9.2532793968171e-05,1.0320685959663,0.1727943388921,33.58,16.51,Au_13,-2.12,19.0,Au_13_1hzh.dlg,0.42436161609460543,-0.42436161609460543,0.7091242010472047,-0.7091242010472047,-1.13348581714181,-0.566742908570905
6-Mercaptohexanoic_acid,1hzh,-4.096,148.2270000000001,148.055800624,1.5612,37.3,2,3,6,9,21,0.8333333333333334,0,0,16.22474487139159,7.678869016623521,1.3730134479742506,5.947877237851663,77.30199624339932,0.3514005607198205,0.9536885184014724,0.0032535565009161,0.3007959605267404,0.8410441025377956,258.4999222546052,722.781764548952,859.3862823221817,2.491776410982925,0.3756271366850701,30.0,0.0333333333333332,0.0001051760315052,0.15257197711405,0.0001051760315052,14.23,0.57,-0.964898681286044,-2.7971147717638,1.6896261434382,1.6896261434382,0.57,14.23,7.99902298027,0.0017321712,30.0,1.0,,,0.9999999999999972,1.0,4.486740915202001,1.64906136,1.54445588,-0.43110346,0.2702732049506363,9.2532793968171e-05,1.0320685959663,0.1727943388921,33.58,16.51,ZnO_12_0,-7.38,22.0,ZnO_12_0_1hzh.dlg,0.42436161609460543,-0.42436161609460543,-1.4142116419366457,1.4142116419366457,0.9898500258420403,0.49492501292102015
6-Mercaptohexanoic_acid,2hav,-4.177,148.2270000000001,148.055800624,1.5612,37.3,2,3,6,9,21,0.8333333333333334,0,0,16.22474487139159,7.678869016623521,1.3730134479742506,5.947877237851663,77.30199624339932,0.3514005607198205,0.9536885184014724,0.0032535565009161,0.3007959605267404,0.8410441025377956,258.4999222546052,722.781764548952,859.3862823221817,2.491776410982925,0.3756271366850701,30.0,0.0333333333333332,0.0001051760315052,0.15257197711405,0.0001051760315052,14.23,0.57,-0.964898681286044,-2.7971147717638,1.6896261434382,1.6896261434382,0.57,14.23,7.99902298027,0.0017321712,30.0,1.0,,,0.9999999999999972,1.0,4.486740915202001,1.64906136,1.54445588,-0.43110346,0.2702732049506363,9.2532793968171e-05,1.0320685959663,0.1727943388921,33.58,16.51,Ag_13,-2.17,23.0,Ag_13_2hav.dlg,0.5830321431682062,-0.5830321431682062,0.7360514352688697,-0.7360514352688697,-1.319083578437076,-0.659541789218538
6-Mercaptohexanoic_acid,2hav,-4.177,148.2270000000001,148.055800624,1.5612,37.3,2,3,6,9,21,0.8333333333333334,0,0,16.22474487139159,7.678869016623521,1.3730134479742506,5.947877237851663,77.30199624339932,0.3514005607198205,0.9536885184014724,0.0032535565009161,0.3007959605267404,0.8410441025377956,258.4999222546052,722.781764548952,859.3862823221817,2.491776410982925,0.3756271366850701,30.0,0.0333333333333332,0.0001051760315052,0.15257197711405,0.0001051760315052,14.23,0.57,-0.964898681286044,-2.7971147717638,1.6896261434382,1.6896261434382,0.57,14.23,7.99902298027,0.0017321712,30.0,1.0,,,0.9999999999999972,1.0,4.486740915202001,1.64906136,1.54445588,-0.43110346,0.2702732049506363,9.2532793968171e-05,1.0320685959663,0.1727943388921,33.58,16.51,Au_13,-2.34,21.0,Au_13_2hav.dlg,0.5830321431682062,-0.5830321431682062,0.6777616476932294,-0.6777616476932294,-1.2607937908614355,-0.6303968954307178
6-Mercaptohexanoic_acid,2hav,-4.177,148.2270000000001,148.055800624,1.5612,37.3,2,3,6,9,21,0.8333333333333334,0,0,16.22474487139159,7.678869016623521,1.3730134479742506,5.947877237851663,77.30199624339932,0.3514005607198205,0.9536885184014724,0.0032535565009161,0.3007959605267404,0.8410441025377956,258.4999222546052,722.781764548952,859.3862823221817,2.491776410982925,0.3756271366850701,30.0,0.0333333333333332,0.0001051760315052,0.15257197711405,0.0001051760315052,14.23,0.57,-0.964898681286044,-2.7971147717638,1.6896261434382,1.6896261434382,0.57,14.23,7.99902298027,0.0017321712,30.0,1.0,,,0.9999999999999972,1.0,4.486740915202001,1.64906136,1.54445588,-0.43110346,0.2702732049506363,9.2532793968171e-05,1.0320685959663,0.1727943388921,33.58,16.51,ZnO_12_0,-8.44,21.0,ZnO_12_0_2hav.dlg,0.5830321431682062,-0.5830321431682062,-1.4138130829620992,1.4138130829620992,0.830780939793893,0.4153904698969465
6-Mercaptohexanoic_acid,3ghg,-3.881,148.2270000000001,148.055800624,1.5612,37.3,2,3,6,9,21,0.8333333333333334,0,0,16.22474487139159,7.678869016623521,1.3730134479742506,5.947877237851663,77.30199624339932,0.3514005607198205,0.9536885184014724,0.0032535565009161,0.3007959605267404,0.8410441025377956,258.4999222546052,722.781764548952,859.3862823221817,2.491776410982925,0.3756271366850701,30.0,0.0333333333333332,0.0001051760315052,0.15257197711405,0.0001051760315052,14.23,0.57,-0.964898681286044,-2.7971147717638,1.6896261434382,1.6896261434382,0.57,14.23,7.99902298027,0.0017321712,30.0,1.0,,,0.9999999999999972,1.0,4.486740915202001,1.64906136,1.54445588,-0.43110346,0.2702732049506363,9.2532793968171e-05,1.0320685959663,0.1727943388921,33.58,16.51,,,,,0.38994222616022095,-0.38994222616022095,,,,
Arginine,1ao6,-5.009,174.20400000000012,174.111675688,-1.338429999999999,125.22,5,4,6,12,26,0.6666666666666666,0,0,19.60535096292756,9.117812142677373,1.7923819188520356,5.363379355687048,90.5393090828573,0.7361387212079524,0.995224871139522,0.0048822616307883,0.0976086874480032,0.9481344925651348,194.19985331921595,1886.385158914512,1989.5755019005608,3.4179185497009343,0.1454915288352558,30.0,0.0333333333333333,3.8118425407733995e-12,0.089391293392353,3.8118425407733995e-12,26.75,0.57,3.640364555274178,-0.23402677412775,14.482838284526,14.482838284526,0.57,26.75,8.116426107023335,0.0155289495,30.0,1.0,,,1.000000000000001,1.0,14.71686505865375,-0.51017894,-0.61478442,-8.64006978,0.2137865366100258,7.5068659982133e-05,0.8157673822482,0.13891624652782,33.58,16.51,Ag_13,-2.24,22.0,Ag_13_1ao6.dlg,-0.13895075288749062,0.13895075288749062,0.7264062428081293,-0.7264062428081293,-0.5874554899206387,-0.29372774496031934
Arginine,1ao6,-5.009,174.20400000000012,174.111675688,-1.338429999999999,125.22,5,4,6,12,26,0.6666666666666666,0,0,19.60535096292756,9.117812142677373,1.7923819188520356,5.363379355687048,90.5393090828573,0.7361387212079524,0.995224871139522,0.0048822616307883,0.0976086874480032,0.9481344925651348,194.19985331921595,1886.385158914512,1989.5755019005608,3.4179185497009343,0.1454915288352558,30.0,0.0333333333333333,3.8118425407733995e-12,0.089391293392353,3.8118425407733995e-12,26.75,0.57,3.640364555274178,-0.23402677412775,14.482838284526,14.482838284526,0.57,26.75,8.116426107023335,0.0155289495,30.0,1.0,,,1.000000000000001,1.0,14.71686505865375,-0.51017894,-0.61478442,-8.64006978,0.2137865366100258,7.5068659982133e-05,0.8157673822482,0.13891624652782,33.58,16.51,Au_13,-2.34,22.0,Au_13_1ao6.dlg,-0.13895075288749062,0.13895075288749062,0.6876301088504001,-0.6876301088504001,-0.5486793559629095,-0.27433967798145475
Arginine,1ao6,-5.009,174.20400000000012,174.111675688,-1.338429999999999,125.22,5,4,6,12,26,0.6666666666666666,0,0,19.60535096292756,9.117812142677373,1.7923819188520356,5.363379355687048,90.5393090828573,0.7361387212079524,0.995224871139522,0.0048822616307883,0.0976086874480032,0.9481344925651348,194.19985331921595,1886.385158914512,1989.5755019005608,3.4179185497009343,0.1454915288352558,30.0,0.0333333333333333,3.8118425407733995e-12,0.089391293392353,3.8118425407733995e-12,26.75,0.57,3.640364555274178,-0.23402677412775,14.482838284526,14.482838284526,0.57,26.75,8.116426107023335,0.0155289495,30.0,1.0,,,1.000000000000001,1.0,14.71686505865375,-0.51017894,-0.61478442,-8.64006978,0.2137865366100258,7.5068659982133e-05,0.8157673822482,0.13891624652782,33.58,16.51,ZnO_12_0,-7.76,22.0,ZnO_12_0_1ao6.dlg,-0.13895075288749062,0.13895075288749062,-1.4140363516585295,1.4140363516585295,1.5529871045460202,0.7764935522730101
Arginine,1hzh,-5.494,174.20400000000012,174.111675688,-1.338429999999999,125.22,5,4,6,12,26,0.6666666666666666,0,0,19.60535096292756,9.117812142677373,1.7923819188520356,5.363379355687048,90.5393090828573,0.7361387212079524,0.995224871139522,0.0048822616307883,0.0976086874480032,0.9481344925651348,194.19985331921595,1886.385158914512,1989.5755019005608,3.4179185497009343,0.1454915288352558,30.0,0.0333333333333333,3.8118425407733995e-12,0.089391293392353,3.8118425407733995e-12,26.75,0.57,3.640364555274178,-0.23402677412775,14.482838284526,14.482838284526,0.57,26.75,8.116426107023335,0.0155289495,30.0,1.0,,,1.000000000000001,1.0,14.71686505865375,-0.51017894,-0.61478442,-8.64006978,0.2137865366100258,7.5068659982133e-05,0.8157673822482,0.13891624652782,33.58,16.51,Ag_13,-2.13,20.0,Ag_13_1hzh.dlg,-0.5478008172886196,0.5478008172886196,0.7050874408894409,-0.7050874408894409,-0.15728662360082124,-0.07864331180041062
Arginine,1hzh,-5.494,174.20400000000012,174.111675688,-1.338429999999999,125.22,5,4,6,12,26,0.6666666666666666,0,0,19.60535096292756,9.117812142677373,1.7923819188520356,5.363379355687048,90.5393090828573,0.7361387212079524,0.995224871139522,0.0048822616307883,0.0976086874480032,0.9481344925651348,194.19985331921595,1886.385158914512,1989.5755019005608,3.4179185497009343,0.1454915288352558,30.0,0.0333333333333333,3.8118425407733995e-12,0.089391293392353,3.8118425407733995e-12,26.75,0.57,3.640364555274178,-0.23402677412775,14.482838284526,14.482838284526,0.57,26.75,8.116426107023335,0.0155289495,30.0,1.0,,,1.000000000000001,1.0,14.71686505865375,-0.51017894,-0.61478442,-8.64006978,0.2137865366100258,7.5068659982133e-05,0.8157673822482,0.13891624652782,33.58,16.51,Au_13,-2.12,19.0,Au_13_1hzh.dlg,-0.5478008172886196,0.5478008172886196,0.7091242010472047,-0.7091242010472047,-0.16132338375858513,-0.08066169187929256
Arginine,1hzh,-5.494,174.20400000000012,174.111675688,-1.338429999999999,125.22,5,4,6,12,26,0.6666666666666666,0,0,19.60535096292756,9.117812142677373,1.7923819188520356,5.363379355687048,90.5393090828573,0.7361387212079524,0.995224871139522,0.0048822616307883,0.0976086874480032,0.9481344925651348,194.19985331921595,1886.385158914512,1989.5755019005608,3.4179185497009343,0.1454915288352558,30.0,0.0333333333333333,3.8118425407733995e-12,0.089391293392353,3.8118425407733995e-12,26.75,0.57,3.640364555274178,-0.23402677412775,14.482838284526,14.482838284526,0.57,26.75,8.116426107023335,0.0155289495,30.0,1.0,,,1.000000000000001,1.0,14.71686505865375,-0.51017894,-0.61478442,-8.64006978,0.2137865366100258,7.5068659982133e-05,0.8157673822482,0.13891624652782,33.58,16.51,ZnO_12_0,-7.38,22.0,ZnO_12_0_1hzh.dlg,-0.5478008172886196,0.5478008172886196,-1.4142116419366457,1.4142116419366457,1.9620124592252655,0.9810062296126327
Arginine,2hav,-5.406,174.20400000000012,174.111675688,-1.338429999999999,125.22,5,4,6,12,26,0.6666666666666666,0,0,19.60535096292756,9.117812142677373,1.7923819188520356,5.363379355687048,90.5393090828573,0.7361387212079524,0.995224871139522,0.0048822616307883,0.0976086874480032,0.9481344925651348,194.19985331921595,1886.385158914512,1989.5755019005608,3.4179185497009343,0.1454915288352558,30.0,0.0333333333333333,3.8118425407733995e-12,0.089391293392353,3.8118425407733995e-12,26.75,0.57,3.640364555274178,-0.23402677412775,14.482838284526,14.482838284526,0.57,26.75,8.116426107023335,0.0155289495,30.0,1.0,,,1.000000000000001,1.0,14.71686505865375,-0.51017894,-0.61478442,-8.64006978,0.2137865366100258,7.5068659982133e-05,0.8157673822482,0.13891624652782,33.58,16.51,Ag_13,-2.17,23.0,Ag_13_2hav.dlg,-0.15319810147726734,0.15319810147726734,0.7360514352688697,-0.7360514352688697,-0.5828533337916024,-0.2914266668958012
Arginine,2hav,-5.406,174.20400000000012,174.111675688,-1.338429999999999,125.22,5,4,6,12,26,0.6666666666666666,0,0,19.60535096292756,9.117812142677373,1.7923819188520356,5.363379355687048,90.5393090828573,0.7361387212079524,0.995224871139522,0.0048822616307883,0.0976086874480032,0.9481344925651348,194.19985331921595,1886.385158914512,1989.5755019005608,3.4179185497009343,0.1454915288352558,30.0,0.0333333333333333,3.8118425407733995e-12,0.089391293392353,3.8118425407733995e-12,26.75,0.57,3.640364555274178,-0.23402677412775,14.482838284526,14.482838284526,0.57,26.75,8.116426107023335,0.0155289495,30.0,1.0,,,1.000000000000001,1.0,14.71686505865375,-0.51017894,-0.61478442,-8.64006978,0.2137865366100258,7.5068659982133e-05,0.8157673822482,0.13891624652782,33.58,16.51,Au_13,-2.34,21.0,Au_13_2hav.dlg,-0.15319810147726734,0.15319810147726734,0.6777616476932294,-0.6777616476932294,-0.5245635462159621,-0.26228177310798106
Arginine,2hav,-5.406,174.20400000000012,174.111675688,-1.338429999999999,125.22,5,4,6,12,26,0.6666666666666666,0,0,19.60535096292756,9.117812142677373,1.7923819188520356,5.363379355687048,90.5393090828573,0.7361387212079524,0.995224871139522,0.0048822616307883,0.0976086874480032,0.9481344925651348,194.19985331921595,1886.385158914512,1989.5755019005608,3.4179185497009343,0.1454915288352558,30.0,0.0333333333333333,3.8118425407733995e-12,0.089391293392353,3.8118425407733995e-12,26.75,0.57,3.640364555274178,-0.23402677412775,14.482838284526,14.482838284526,0.57,26.75,8.116426107023335,0.0155289495,30.0,1.0,,,1.000000000000001,1.0,14.71686505865375,-0.51017894,-0.61478442,-8.64006978,0.2137865366100258,7.5068659982133e-05,0.8157673822482,0.13891624652782,33.58,16.51,ZnO_12_0,-8.44,21.0,ZnO_12_0_2hav.dlg,-0.15319810147726734,0.15319810147726734,-1.4138130829620992,1.4138130829620992,1.5670111844393666,0.7835055922196833
Arginine,3ghg,-4.538,174.20400000000012,174.111675688,-1.338429999999999,125.22,5,4,6,12,26,0.6666666666666666,0,0,19.60535096292756,9.117812142677373,1.7923819188520356,5.363379355687048,90.5393090828573,0.7361387212079524,0.995224871139522,0.0048822616307883,0.0976086874480032,0.9481344925651348,194.19985331921595,1886.385158914512,1989.5755019005608,3.4179185497009343,0.1454915288352558,30.0,0.0333333333333333,3.8118425407733995e-12,0.089391293392353,3.8118425407733995e-12,26.75,0.57,3.640364555274178,-0.23402677412775,14.482838284526,14.482838284526,0.57,26.75,8.116426107023335,0.0155289495,30.0,1.0,,,1.000000000000001,1.0,14.71686505865375,-0.51017894,-0.61478442,-8.64006978,0.2137865366100258,7.5068659982133e-05,0.8157673822482,0.13891624652782,33.58,16.51,,,,,-0.08802800254736362,0.08802800254736362,,,,
Biotin,1ao6,-6.604,244.3160000000001,244.088163372,0.7968000000000001,78.43,3,4,5,16,32,0.8,2,0,23.52742035285537,11.717723398623354,2.909188028838725,4.9476486864612665,121.03449162049432,0.5491280087507184,0.9830376785308996,0.001754102803545,0.1834037147622137,0.9128088844432012,520.3850553105727,2589.980810556751,2837.374673600594,3.4888721493670984,0.2281565127799922,30.0,0.0333333333333328,9.4786956211439e-08,0.11264003541338,9.4786956211439e-08,24.47,0.57,1.5604148235519093,-0.94585387872719,7.6754337125759,7.6754337125759,0.57,24.47,8.159489899175,0.0071497962,30.0,1.0,,,0.999999999999986,1.0,8.621287591303089,0.31587399,0.21126851,-4.09064739,0.181031506632165,6.3804411227891e-05,0.68687469064692,0.12192206051218,33.58,16.51,Ag_13,-2.24,22.0,Ag_13_1ao6.dlg,-1.2054299516657676,1.2054299516657676,0.7264062428081293,-0.7264062428081293,0.47902370885763834,0.23951185442881917
Biotin,1ao6,-6.604,244.3160000000001,244.088163372,0.7968000000000001,78.43,3,4,5,16,32,0.8,2,0,23.52742035285537,11.717723398623354,2.909188028838725,4.9476486864612665,121.03449162049432,0.5491280087507184,0.9830376785308996,0.001754102803545,0.1834037147622137,0.9128088844432012,520.3850553105727,2589.980810556751,2837.374673600594,3.4888721493670984,0.2281565127799922,30.0,0.0333333333333328,9.4786956211439e-08,0.11264003541338,9.4786956211439e-08,24.47,0.57,1.5604148235519093,-0.94585387872719,7.6754337125759,7.6754337125759,0.57,24.47,8.159489899175,0.0071497962,30.0,1.0,,,0.999999999999986,1.0,8.621287591303089,0.31587399,0.21126851,-4.09064739,0.181031506632165,6.3804411227891e-05,0.68687469064692,0.12192206051218,33.58,16.51,Au_13,-2.34,22.0,Au_13_1ao6.dlg,-1.2054299516657676,1.2054299516657676,0.6876301088504001,-0.6876301088504001,0.5177998428153675,0.25889992140768375
Biotin,1ao6,-6.604,244.3160000000001,244.088163372,0.7968000000000001,78.43,3,4,5,16,32,0.8,2,0,23.52742035285537,11.717723398623354,2.909188028838725,4.9476486864612665,121.03449162049432,0.5491280087507184,0.9830376785308996,0.001754102803545,0.1834037147622137,0.9128088844432012,520.3850553105727,2589.980810556751,2837.374673600594,3.4888721493670984,0.2281565127799922,30.0,0.0333333333333328,9.4786956211439e-08,0.11264003541338,9.4786956211439e-08,24.47,0.57,1.5604148235519093,-0.94585387872719,7.6754337125759,7.6754337125759,0.57,24.47,8.159489899175,0.0071497962,30.0,1.0,,,0.999999999999986,1.0,8.621287591303089,0.31587399,0.21126851,-4.09064739,0.181031506632165,6.3804411227891e-05,0.68687469064692,0.12192206051218,33.58,16.51,ZnO_12_0,-7.76,22.0,ZnO_12_0_1ao6.dlg,-1.2054299516657676,1.2054299516657676,-1.4140363516585295,1.4140363516585295,2.6194663033242973,1.3097331516621487
Biotin,1hzh,-6.402,244.3160000000001,244.088163372,0.7968000000000001,78.43,3,4,5,16,32,0.8,2,0,23.52742035285537,11.717723398623354,2.909188028838725,4.9476486864612665,121.03449162049432,0.5491280087507184,0.9830376785308996,0.001754102803545,0.1834037147622137,0.9128088844432012,520.3850553105727,2589.980810556751,2837.374673600594,3.4888721493670984,0.2281565127799922,30.0,0.0333333333333328,9.4786956211439e-08,0.11264003541338,9.4786956211439e-08,24.47,0.57,1.5604148235519093,-0.94585387872719,7.6754337125759,7.6754337125759,0.57,24.47,8.159489899175,0.0071497962,30.0,1.0,,,0.999999999999986,1.0,8.621287591303089,0.31587399,0.21126851,-4.09064739,0.181031506632165,6.3804411227891e-05,0.68687469064692,0.12192206051218,33.58,16.51,Ag_13,-2.13,20.0,Ag_13_1hzh.dlg,-1.1792196223758649,1.1792196223758649,0.7050874408894409,-0.7050874408894409,0.474132181486424,0.237066090743212
Biotin,1hzh,-6.402,244.3160000000001,244.088163372,0.7968000000000001,78.43,3,4,5,16,32,0.8,2,0,23.52742035285537,11.717723398623354,2.909188028838725,4.9476486864612665,121.03449162049432,0.5491280087507184,0.9830376785308996,0.001754102803545,0.1834037147622137,0.9128088844432012,520.3850553105727,2589.980810556751,2837.374673600594,3.4888721493670984,0.2281565127799922,30.0,0.0333333333333328,9.4786956211439e-08,0.11264003541338,9.4786956211439e-08,24.47,0.57,1.5604148235519093,-0.94585387872719,7.6754337125759,7.6754337125759,0.57,24.47,8.159489899175,0.0071497962,30.0,1.0,,,0.999999999999986,1.0,8.621287591303089,0.31587399,0.21126851,-4.09064739,0.181031506632165,6.3804411227891e-05,0.68687469064692,0.12192206051218,33.58,16.51,Au_13,-2.12,19.0,Au_13_1hzh.dlg,-1.1792196223758649,1.1792196223758649,0.7091242010472047,-0.7091242010472047,0.4700954213286601,0.23504771066433006
Biotin,1hzh,-6.402,244.3160000000001,244.088163372,0.7968000000000001,78.43,3,4,5,16,32,0.8,2,0,23.52742035285537,11.717723398623354,2.909188028838725,4.9476486864612665,121.03449162049432,0.5491280087507184,0.9830376785308996,0.001754102803545,0.1834037147622137,0.9128088844432012,520.3850553105727,2589.980810556751,2837.374673600594,3.4888721493670984,0.2281565127799922,30.0,0.0333333333333328,9.4786956211439e-08,0.11264003541338,9.4786956211439e-08,24.47,0.57,1.5604148235519093,-0.94585387872719,7.6754337125759,7.6754337125759,0.57,24.47,8.159489899175,0.0071497962,30.0,1.0,,,0.999999999999986,1.0,8.621287591303089,0.31587399,0.21126851,-4.09064739,0.181031506632165,6.3804411227891e-05,0.68687469064692,0.12192206051218,33.58,16.51,ZnO_12_0,-7.38,22.0,ZnO_12_0_1hzh.dlg,-1.1792196223758649,1.1792196223758649,-1.4142116419366457,1.4142116419366457,2.5934312643125104,1.2967156321562552
Biotin,2hav,-6.587,244.3160000000001,244.088163372,0.7968000000000001,78.43,3,4,5,16,32,0.8,2,0,23.52742035285537,11.717723398623354,2.909188028838725,4.9476486864612665,121.03449162049432,0.5491280087507184,0.9830376785308996,0.001754102803545,0.1834037147622137,0.9128088844432012,520.3850553105727,2589.980810556751,2837.374673600594,3.4888721493670984,0.2281565127799922,30.0,0.0333333333333328,9.4786956211439e-08,0.11264003541338,9.4786956211439e-08,24.47,0.57,1.5604148235519093,-0.94585387872719,7.6754337125759,7.6754337125759,0.57,24.47,8.159489899175,0.0071497962,30.0,1.0,,,0.999999999999986,1.0,8.621287591303089,0.31587399,0.21126851,-4.09064739,0.181031506632165,6.3804411227891e-05,0.68687469064692,0.12192206051218,33.58,16.51,Ag_13,-2.17,23.0,Ag_13_2hav.dlg,-0.8606740322553831,0.8606740322553831,0.7360514352688697,-0.7360514352688697,0.12462259698651335,0.06231129849325667
Biotin,2hav,-6.587,244.3160000000001,244.088163372,0.7968000000000001,78.43,3,4,5,16,32,0.8,2,0,23.52742035285537,11.717723398623354,2.909188028838725,4.9476486864612665,121.03449162049432,0.5491280087507184,0.9830376785308996,0.001754102803545,0.1834037147622137,0.9128088844432012,520.3850553105727,2589.980810556751,2837.374673600594,3.4888721493670984,0.2281565127799922,30.0,0.0333333333333328,9.4786956211439e-08,0.11264003541338,9.4786956211439e-08,24.47,0.57,1.5604148235519093,-0.94585387872719,7.6754337125759,7.6754337125759,0.57,24.47,8.159489899175,0.0071497962,30.0,1.0,,,0.999999999999986,1.0,8.621287591303089,0.31587399,0.21126851,-4.09064739,0.181031506632165,6.3804411227891e-05,0.68687469064692,0.12192206051218,33.58,16.51,Au_13,-2.34,21.0,Au_13_2hav.dlg,-0.8606740322553831,0.8606740322553831,0.6777616476932294,-0.6777616476932294,0.18291238456215364,0.09145619228107682
Biotin,2hav,-6.587,244.3160000000001,244.088163372,0.7968000000000001,78.43,3,4,5,16,32,0.8,2,0,23.52742035285537,11.717723398623354,2.909188028838725,4.9476486864612665,121.03449162049432,0.5491280087507184,0.9830376785308996,0.001754102803545,0.1834037147622137,0.9128088844432012,520.3850553105727,2589.980810556751,2837.374673600594,3.4888721493670984,0.2281565127799922,30.0,0.0333333333333328,9.4786956211439e-08,0.11264003541338,9.4786956211439e-08,24.47,0.57,1.5604148235519093,-0.94585387872719,7.6754337125759,7.6754337125759,0.57,24.47,8.159489899175,0.0071497962,30.0,1.0,,,0.999999999999986,1.0,8.621287591303089,0.31587399,0.21126851,-4.09064739,0.181031506632165,6.3804411227891e-05,0.68687469064692,0.12192206051218,33.58,16.51,ZnO_12_0,-8.44,21.0,ZnO_12_0_2hav.dlg,-0.8606740322553831,0.8606740322553831,-1.4138130829620992,1.4138130829620992,2.2744871152174824,1.1372435576087412
Biotin,3ghg,-5.403,244.3160000000001,244.088163372,0.7968000000000001,78.43,3,4,5,16,32,0.8,2,0,23.52742035285537,11.717723398623354,2.909188028838725,4.9476486864612665,121.03449162049432,0.5491280087507184,0.9830376785308996,0.001754102803545,0.1834037147622137,0.9128088844432012,520.3850553105727,2589.980810556751,2837.374673600594,3.4888721493670984,0.2281565127799922,30.0,0.0333333333333328,9.4786956211439e-08,0.11264003541338,9.4786956211439e-08,24.47,0.57,1.5604148235519093,-0.94585387872719,7.6754337125759,7.6754337125759,0.57,24.47,8.159489899175,0.0071497962,30.0,1.0,,,0.999999999999986,1.0,8.621287591303089,0.31587399,0.21126851,-4.09064739,0.181031506632165,6.3804411227891e-05,0.68687469064692,0.12192206051218,33.58,16.51,,,,,-0.7173190951380182,0.7173190951380182,,,,
Citric_acid,1ao6,-4.765,192.12300000000005,192.027002596,-1.2484999999999995,132.13,4,7,6,13,21,0.5,0,0,13.857738033247042,6.3118621784789735,3.623261379453199,3.853986625290123,83.81190794257938,0.210494654190264,0.9070795425908852,0.0017704177418538,0.4209592657408918,0.7983194329010593,450.9215051500268,855.1406978551587,1071.176101460556,2.487320115549745,0.3939410168482887,30.0,0.0333333333333332,7.3380293419901e-13,0.19079707661399,7.3380293419901e-13,18.78,0.57,1.0394382502732418,-3.9893516498834,12.210291997362,12.210291997362,0.57,18.78,8.088149781606335,0.00113414981,30.0,1.0,,,0.9999999999999974,1.0,16.199643647245402,2.39998681,2.29538133,-6.9741622,0.2438379957006966,7.8484246245838e-05,0.93379162666556,0.16794525516701,33.58,16.51,Ag_13,-2.24,22.0,Ag_13_1ao6.dlg,0.024197162160722752,-0.024197162160722752,0.7264062428081293,-0.7264062428081293,-0.750603404968852,-0.375301702484426
Citric_acid,1ao6,-4.765,192.12300000000005,192.027002596,-1.2484999999999995,132.13,4,7,6,13,21,0.5,0,0,13.857738033247042,6.3118621784789735,3.623261379453199,3.853986625290123,83.81190794257938,0.210494654190264,0.9070795425908852,0.0017704177418538,0.4209592657408918,0.7983194329010593,450.9215051500268,855.1406978551587,1071.176101460556,2.487320115549745,0.3939410168482887,30.0,0.0333333333333332,7.3380293419901e-13,0.19079707661399,7.3380293419901e-13,18.78,0.57,1.0394382502732418,-3.9893516498834,12.210291997362,12.210291997362,0.57,18.78,8.088149781606335,0.00113414981,30.0,1.0,,,0.9999999999999974,1.0,16.199643647245402,2.39998681,2.29538133,-6.9741622,0.2438379957006966,7.8484246245838e-05,0.93379162666556,0.16794525516701,33.58,16.51,Au_13,-2.34,22.0,Au_13_1ao6.dlg,0.024197162160722752,-0.024197162160722752,0.6876301088504001,-0.6876301088504001,-0.7118272710111229,-0.35591363550556143
Citric_acid,1ao6,-4.765,192.12300000000005,192.027002596,-1.2484999999999995,132.13,4,7,6,13,21,0.5,0,0,13.857738033247042,6.3118621784789735,3.623261379453199,3.853986625290123,83.81190794257938,0.210494654190264,0.9070795425908852,0.0017704177418538,0.4209592657408918,0.7983194329010593,450.9215051500268,855.1406978551587,1071.176101460556,2.487320115549745,0.3939410168482887,30.0,0.0333333333333332,7.3380293419901e-13,0.19079707661399,7.3380293419901e-13,18.78,0.57,1.0394382502732418,-3.9893516498834,12.210291997362,12.210291997362,0.57,18.78,8.088149781606335,0.00113414981,30.0,1.0,,,0.9999999999999974,1.0,16.199643647245402,2.39998681,2.29538133,-6.9741622,0.2438379957006966,7.8484246245838e-05,0.93379162666556,0.16794525516701,33.58,16.51,ZnO_12_0,-7.76,22.0,ZnO_12_0_1ao6.dlg,0.024197162160722752,-0.024197162160722752,-1.4140363516585295,1.4140363516585295,1.3898391894978068,0.6949195947489034
Citric_acid,1hzh,-5.439,192.12300000000005,192.027002596,-1.2484999999999995,132.13,4,7,6,13,21,0.5,0,0,13.857738033247042,6.3118621784789735,3.623261379453199,3.853986625290123,83.81190794257938,0.210494654190264,0.9070795425908852,0.0017704177418538,0.4209592657408918,0.7983194329010593,450.9215051500268,855.1406978551587,1071.176101460556,2.487320115549745,0.3939410168482887,30.0,0.0333333333333332,7.3380293419901e-13,0.19079707661399,7.3380293419901e-13,18.78,0.57,1.0394382502732418,-3.9893516498834,12.210291997362,12.210291997362,0.57,18.78,8.088149781606335,0.00113414981,30.0,1.0,,,0.9999999999999974,1.0,16.199643647245402,2.39998681,2.29538133,-6.9741622,0.2438379957006966,7.8484246245838e-05,0.93379162666556,0.16794525516701,33.58,16.51,Ag_13,-2.13,20.0,Ag_13_1hzh.dlg,-0.5095540835002955,0.5095540835002955,0.7050874408894409,-0.7050874408894409,-0.19553335738914535,-0.09776667869457267
Citric_acid,1hzh,-5.439,192.12300000000005,192.027002596,-1.2484999999999995,132.13,4,7,6,13,21,0.5,0,0,13.857738033247042,6.3118621784789735,3.623261379453199,3.853986625290123,83.81190794257938,0.210494654190264,0.9070795425908852,0.0017704177418538,0.4209592657408918,0.7983194329010593,450.9215051500268,855.1406978551587,1071.176101460556,2.487320115549745,0.3939410168482887,30.0,0.0333333333333332,7.3380293419901e-13,0.19079707661399,7.3380293419901e-13,18.78,0.57,1.0394382502732418,-3.9893516498834,12.210291997362,12.210291997362,0.57,18.78,8.088149781606335,0.00113414981,30.0,1.0,,,0.9999999999999974,1.0,16.199643647245402,2.39998681,2.29538133,-6.9741622,0.2438379957006966,7.8484246245838e-05,0.93379162666556,0.16794525516701,33.58,16.51,Au_13,-2.12,19.0,Au_13_1hzh.dlg,-0.5095540835002955,0.5095540835002955,0.7091242010472047,-0.7091242010472047,-0.19957011754690923,-0.09978505877345462
Citric_acid,1hzh,-5.439,192.12300000000005,192.027002596,-1.2484999999999995,132.13,4,7,6,13,21,0.5,0,0,13.857738033247042,6.3118621784789735,3.623261379453199,3.853986625290123,83.81190794257938,0.210494654190264,0.9070795425908852,0.0017704177418538,0.4209592657408918,0.7983194329010593,450.9215051500268,855.1406978551587,1071.176101460556,2.487320115549745,0.3939410168482887,30.0,0.0333333333333332,7.3380293419901e-13,0.19079707661399,7.3380293419901e-13,18.78,0.57,1.0394382502732418,-3.9893516498834,12.210291997362,12.210291997362,0.57,18.78,8.088149781606335,0.00113414981,30.0,1.0,,,0.9999999999999974,1.0,16.199643647245402,2.39998681,2.29538133,-6.9741622,0.2438379957006966,7.8484246245838e-05,0.93379162666556,0.16794525516701,33.58,16.51,ZnO_12_0,-7.38,22.0,ZnO_12_0_1hzh.dlg,-0.5095540835002955,0.5095540835002955,-1.4142116419366457,1.4142116419366457,1.9237657254369411,0.9618828627184706
Citric_acid,2hav,-5.555,192.12300000000005,192.027002596,-1.2484999999999995,132.13,4,7,6,13,21,0.5,0,0,13.857738033247042,6.3118621784789735,3.623261379453199,3.853986625290123,83.81190794257938,0.210494654190264,0.9070795425908852,0.0017704177418538,0.4209592657408918,0.7983194329010593,450.9215051500268,855.1406978551587,1071.176101460556,2.487320115549745,0.3939410168482887,30.0,0.0333333333333332,7.3380293419901e-13,0.19079707661399,7.3380293419901e-13,18.78,0.57,1.0394382502732418,-3.9893516498834,12.210291997362,12.210291997362,0.57,18.78,8.088149781606335,0.00113414981,30.0,1.0,,,0.9999999999999974,1.0,16.199643647245402,2.39998681,2.29538133,-6.9741622,0.2438379957006966,7.8484246245838e-05,0.93379162666556,0.16794525516701,33.58,16.51,Ag_13,-2.17,23.0,Ag_13_2hav.dlg,-0.24245628410719053,0.24245628410719053,0.7360514352688697,-0.7360514352688697,-0.4935951511616792,-0.2467975755808396
Citric_acid,2hav,-5.555,192.12300000000005,192.027002596,-1.2484999999999995,132.13,4,7,6,13,21,0.5,0,0,13.857738033247042,6.3118621784789735,3.623261379453199,3.853986625290123,83.81190794257938,0.210494654190264,0.9070795425908852,0.0017704177418538,0.4209592657408918,0.7983194329010593,450.9215051500268,855.1406978551587,1071.176101460556,2.487320115549745,0.3939410168482887,30.0,0.0333333333333332,7.3380293419901e-13,0.19079707661399,7.3380293419901e-13,18.78,0.57,1.0394382502732418,-3.9893516498834,12.210291997362,12.210291997362,0.57,18.78,8.088149781606335,0.00113414981,30.0,1.0,,,0.9999999999999974,1.0,16.199643647245402,2.39998681,2.29538133,-6.9741622,0.2438379957006966,7.8484246245838e-05,0.93379162666556,0.16794525516701,33.58,16.51,Au_13,-2.34,21.0,Au_13_2hav.dlg,-0.24245628410719053,0.24245628410719053,0.6777616476932294,-0.6777616476932294,-0.4353053635860389,-0.21765268179301944
Citric_acid,2hav,-5.555,192.12300000000005,192.027002596,-1.2484999999999995,132.13,4,7,6,13,21,0.5,0,0,13.857738033247042,6.3118621784789735,3.623261379453199,3.853986625290123,83.81190794257938,0.210494654190264,0.9070795425908852,0.0017704177418538,0.4209592657408918,0.7983194329010593,450.9215051500268,855.1406978551587,1071.176101460556,2.487320115549745,0.3939410168482887,30.0,0.0333333333333332,7.3380293419901e-13,0.19079707661399,7.3380293419901e-13,18.78,0.57,1.0394382502732418,-3.9893516498834,12.210291997362,12.210291997362,0.57,18.78,8.088149781606335,0.00113414981,30.0,1.0,,,0.9999999999999974,1.0,16.199643647245402,2.39998681,2.29538133,-6.9741622,0.2438379957006966,7.8484246245838e-05,0.93379162666556,0.16794525516701,33.58,16.51,ZnO_12_0,-8.44,21.0,ZnO_12_0_2hav.dlg,-0.24245628410719053,0.24245628410719053,-1.4138130829620992,1.4138130829620992,1.6562693670692896,0.8281346835346448
Citric_acid,3ghg,-4.77,192.12300000000005,192.027002596,-1.2484999999999995,132.13,4,7,6,13,21,0.5,0,0,13.857738033247042,6.3118621784789735,3.623261379453199,3.853986625290123,83.81190794257938,0.210494654190264,0.9070795425908852,0.0017704177418538,0.4209592657408918,0.7983194329010593,450.9215051500268,855.1406978551587,1071.176101460556,2.487320115549745,0.3939410168482887,30.0,0.0333333333333332,7.3380293419901e-13,0.19079707661399,7.3380293419901e-13,18.78,0.57,1.0394382502732418,-3.9893516498834,12.210291997362,12.210291997362,0.57,18.78,8.088149781606335,0.00113414981,30.0,1.0,,,0.9999999999999974,1.0,16.199643647245402,2.39998681,2.29538133,-6.9741622,0.2438379957006966,7.8484246245838e-05,0.93379162666556,0.16794525516701,33.58,16.51,,,,,-0.2568089661092498,0.2568089661092498,,,,
Curcumin,1ao6,-7.742,368.38499999999976,368.1259883600005,3.3699000000000026,93.06000000000002,2,6,10,27,47,0.1428571428571428,2,0,32.94948974278318,16.44948974278318,5.986990856843829,9.238837190939822,184.805122973866,0.7615809687863934,0.9961565907027272,0.0009057678071703,0.0875902209126081,0.9707587707958149,1071.7523443767743,11878.186601022362,12235.981747849455,5.846728789778548,0.1211230114511974,30.0,0.0333333333333334,3.8284384430632e-07,0.23559919956057,3.8284384430632e-07,21.06,0.57,-0.5586561081193829,-3.930223035931,4.2854813189663,4.2854813189663,0.57,21.06,8.715715638638333,0.0747026723,30.0,1.0,,,1.0000000000000049,1.0,8.215704354897301,2.26609154,2.16148606,-2.2559156,0.0894761943823433,3.1448942446252e-05,0.33745359107205,0.063411614322045,33.58,16.51,Ag_13,-2.24,22.0,Ag_13_1ao6.dlg,-1.9663411292266952,1.9663411292266952,0.7264062428081293,-0.7264062428081293,1.239934886418566,0.619967443209283
Curcumin,1ao6,-7.742,368.38499999999976,368.1259883600005,3.3699000000000026,93.06000000000002,2,6,10,27,47,0.1428571428571428,2,0,32.94948974278318,16.44948974278318,5.986990856843829,9.238837190939822,184.805122973866,0.7615809687863934,0.9961565907027272,0.0009057678071703,0.0875902209126081,0.9707587707958149,1071.7523443767743,11878.186601022362,12235.981747849455,5.846728789778548,0.1211230114511974,30.0,0.0333333333333334,3.8284384430632e-07,0.23559919956057,3.8284384430632e-07,21.06,0.57,-0.5586561081193829,-3.930223035931,4.2854813189663,4.2854813189663,0.57,21.06,8.715715638638333,0.0747026723,30.0,1.0,,,1.0000000000000049,1.0,8.215704354897301,2.26609154,2.16148606,-2.2559156,0.0894761943823433,3.1448942446252e-05,0.33745359107205,0.063411614322045,33.58,16.51,Au_13,-2.34,22.0,Au_13_1ao6.dlg,-1.9663411292266952,1.9663411292266952,0.6876301088504001,-0.6876301088504001,1.2787110203762952,0.6393555101881476
Curcumin,1ao6,-7.742,368.38499999999976,368.1259883600005,3.3699000000000026,93.06000000000002,2,6,10,27,47,0.1428571428571428,2,0,32.94948974278318,16.44948974278318,5.986990856843829,9.238837190939822,184.805122973866,0.7615809687863934,0.9961565907027272,0.0009057678071703,0.0875902209126081,0.9707587707958149,1071.7523443767743,11878.186601022362,12235.981747849455,5.846728789778548,0.1211230114511974,30.0,0.0333333333333334,3.8284384430632e-07,0.23559919956057,3.8284384430632e-07,21.06,0.57,-0.5586561081193829,-3.930223035931,4.2854813189663,4.2854813189663,0.57,21.06,8.715715638638333,0.0747026723,30.0,1.0,,,1.0000000000000049,1.0,8.215704354897301,2.26609154,2.16148606,-2.2559156,0.0894761943823433,3.1448942446252e-05,0.33745359107205,0.063411614322045,33.58,16.51,ZnO_12_0,-7.76,22.0,ZnO_12_0_1ao6.dlg,-1.9663411292266952,1.9663411292266952,-1.4140363516585295,1.4140363516585295,3.3803774808852247,1.6901887404426124
Curcumin,1hzh,-7.302,368.38499999999976,368.1259883600005,3.3699000000000026,93.06000000000002,2,6,10,27,47,0.1428571428571428,2,0,32.94948974278318,16.44948974278318,5.986990856843829,9.238837190939822,184.805122973866,0.7615809687863934,0.9961565907027272,0.0009057678071703,0.0875902209126081,0.9707587707958149,1071.7523443767743,11878.186601022362,12235.981747849455,5.846728789778548,0.1211230114511974,30.0,0.0333333333333334,3.8284384430632e-07,0.23559919956057,3.8284384430632e-07,21.06,0.57,-0.5586561081193829,-3.930223035931,4.2854813189663,4.2854813189663,0.57,21.06,8.715715638638333,0.0747026723,30.0,1.0,,,1.0000000000000049,1.0,8.215704354897301,2.26609154,2.16148606,-2.2559156,0.0894761943823433,3.1448942446252e-05,0.33745359107205,0.063411614322045,33.58,16.51,Ag_13,-2.13,20.0,Ag_13_1hzh.dlg,-1.8050752661848077,1.8050752661848077,0.7050874408894409,-0.7050874408894409,1.0999878252953668,0.5499939126476834
Curcumin,1hzh,-7.302,368.38499999999976,368.1259883600005,3.3699000000000026,93.06000000000002,2,6,10,27,47,0.1428571428571428,2,0,32.94948974278318,16.44948974278318,5.986990856843829,9.238837190939822,184.805122973866,0.7615809687863934,0.9961565907027272,0.0009057678071703,0.0875902209126081,0.9707587707958149,1071.7523443767743,11878.186601022362,12235.981747849455,5.846728789778548,0.1211230114511974,30.0,0.0333333333333334,3.8284384430632e-07,0.23559919956057,3.8284384430632e-07,21.06,0.57,-0.5586561081193829,-3.930223035931,4.2854813189663,4.2854813189663,0.57,21.06,8.715715638638333,0.0747026723,30.0,1.0,,,1.0000000000000049,1.0,8.215704354897301,2.26609154,2.16148606,-2.2559156,0.0894761943823433,3.1448942446252e-05,0.33745359107205,0.063411614322045,33.58,16.51,Au_13,-2.12,19.0,Au_13_1hzh.dlg,-1.8050752661848077,1.8050752661848077,0.7091242010472047,-0.7091242010472047,1.095951065137603,0.5479755325688015
Curcumin,1hzh,-7.302,368.38499999999976,368.1259883600005,3.3699000000000026,93.06000000000002,2,6,10,27,47,0.1428571428571428,2,0,32.94948974278318,16.44948974278318,5.986990856843829,9.238837190939822,184.805122973866,0.7615809687863934,0.9961565907027272,0.0009057678071703,0.0875902209126081,0.9707587707958149,1071.7523443767743,11878.186601022362,12235.981747849455,5.846728789778548,0.1211230114511974,30.0,0.0333333333333334,3.8284384430632e-07,0.23559919956057,3.8284384430632e-07,21.06,0.57,-0.5586561081193829,-3.930223035931,4.2854813189663,4.2854813189663,0.57,21.06,8.715715638638333,0.0747026723,30.0,1.0,,,1.0000000000000049,1.0,8.215704354897301,2.26609154,2.16148606,-2.2559156,0.0894761943823433,3.1448942446252e-05,0.33745359107205,0.063411614322045,33.58,16.51,ZnO_12_0,-7.38,22.0,ZnO_12_0_1hzh.dlg,-1.8050752661848077,1.8050752661848077,-1.4142116419366457,1.4142116419366457,3.2192869081214535,1.6096434540607267
Curcumin,2hav,-8.929,368.38499999999976,368.1259883600005,3.3699000000000026,93.06000000000002,2,6,10,27,47,0.1428571428571428,2,0,32.94948974278318,16.44948974278318,5.986990856843829,9.238837190939822,184.805122973866,0.7615809687863934,0.9961565907027272,0.0009057678071703,0.0875902209126081,0.9707587707958149,1071.7523443767743,11878.186601022362,12235.981747849455,5.846728789778548,0.1211230114511974,30.0,0.0333333333333334,3.8284384430632e-07,0.23559919956057,3.8284384430632e-07,21.06,0.57,-0.5586561081193829,-3.930223035931,4.2854813189663,4.2854813189663,0.57,21.06,8.715715638638333,0.0747026723,30.0,1.0,,,1.0000000000000049,1.0,8.215704354897301,2.26609154,2.16148606,-2.2559156,0.0894761943823433,3.1448942446252e-05,0.33745359107205,0.063411614322045,33.58,16.51,Ag_13,-2.17,23.0,Ag_13_2hav.dlg,-2.2636449297002157,2.2636449297002157,0.7360514352688697,-0.7360514352688697,1.527593494431346,0.763796747215673
Curcumin,2hav,-8.929,368.38499999999976,368.1259883600005,3.3699000000000026,93.06000000000002,2,6,10,27,47,0.1428571428571428,2,0,32.94948974278318,16.44948974278318,5.986990856843829,9.238837190939822,184.805122973866,0.7615809687863934,0.9961565907027272,0.0009057678071703,0.0875902209126081,0.9707587707958149,1071.7523443767743,11878.186601022362,12235.981747849455,5.846728789778548,0.1211230114511974,30.0,0.0333333333333334,3.8284384430632e-07,0.23559919956057,3.8284384430632e-07,21.06,0.57,-0.5586561081193829,-3.930223035931,4.2854813189663,4.2854813189663,0.57,21.06,8.715715638638333,0.0747026723,30.0,1.0,,,1.0000000000000049,1.0,8.215704354897301,2.26609154,2.16148606,-2.2559156,0.0894761943823433,3.1448942446252e-05,0.33745359107205,0.063411614322045,33.58,16.51,Au_13,-2.34,21.0,Au_13_2hav.dlg,-2.2636449297002157,2.2636449297002157,0.6777616476932294,-0.6777616476932294,1.5858832820069861,0.7929416410034931
Curcumin,2hav,-8.929,368.38499999999976,368.1259883600005,3.3699000000000026,93.06000000000002,2,6,10,27,47,0.1428571428571428,2,0,32.94948974278318,16.44948974278318,5.986990856843829,9.238837190939822,184.805122973866,0.7615809687863934,0.9961565907027272,0.0009057678071703,0.0875902209126081,0.9707587707958149,1071.7523443767743,11878.186601022362,12235.981747849455,5.846728789778548,0.1211230114511974,30.0,0.0333333333333334,3.8284384430632e-07,0.23559919956057,3.8284384430632e-07,21.06,0.57,-0.5586561081193829,-3.930223035931,4.2854813189663,4.2854813189663,0.57,21.06,8.715715638638333,0.0747026723,30.0,1.0,,,1.0000000000000049,1.0,8.215704354897301,2.26609154,2.16148606,-2.2559156,0.0894761943823433,3.1448942446252e-05,0.33745359107205,0.063411614322045,33.58,16.51,ZnO_12_0,-8.44,21.0,ZnO_12_0_2hav.dlg,-2.2636449297002157,2.2636449297002157,-1.4138130829620992,1.4138130829620992,3.677458012662315,1.8387290063311574
Curcumin,3ghg,-7.493,368.38499999999976,368.1259883600005,3.3699000000000026,93.06000000000002,2,6,10,27,47,0.1428571428571428,2,0,32.94948974278318,16.44948974278318,5.986990856843829,9.238837190939822,184.805122973866,0.7615809687863934,0.9961565907027272,0.0009057678071703,0.0875902209126081,0.9707587707958149,1071.7523443767743,11878.186601022362,12235.981747849455,5.846728789778548,0.1211230114511974,30.0,0.0333333333333334,3.8284384430632e-07,0.23559919956057,3.8284384430632e-07,21.06,0.57,-0.5586561081193829,-3.930223035931,4.2854813189663,4.2854813189663,0.57,21.06,8.715715638638333,0.0747026723,30.0,1.0,,,1.0000000000000049,1.0,8.215704354897301,2.26609154,2.16148606,-2.2559156,0.0894761943823433,3.1448942446252e-05,0.33745359107205,0.063411614322045,33.58,16.51,,,,,-2.237802775501567,2.237802775501567,,,,
Cysteamine_2-aminoethanethiol,1ao6,-2.571,77.15199999999997,77.029920224,-0.1250999999999998,26.02,2,2,3,4,11,1.0,0,0,8.855461885963821,3.9804064244456896,0.4442382269904538,3.3099999999999983,41.23095313609625,0.4567144996692571,0.9724364126434936,0.0202324819146774,0.233168229750653,0.8527718914701212,42.14865457764159,154.15130923082168,180.76499797041296,1.563217818895863,0.3383801244894331,30.0,0.0333333333333332,0.0012271341010633,0.063222788001733,0.0012271341010633,25.61,0.57,0.2517431649523298,-0.3697578858657,2.059809431312,2.059809431312,0.57,25.61,7.8039042984534,0.000234528404,30.0,1.0,,,0.999999999999998,1.0,2.4295673171777,0.05776919,-0.04683629,-1.8788397,0.3756393682900649,0.0001308402073405,1.4378244150773,0.23536008577618,33.58,16.51,Ag_13,-2.24,22.0,Ag_13_1ao6.dlg,1.4911911196024403,-1.4911911196024403,0.7264062428081293,-0.7264062428081293,-2.2175973624105696,-1.1087986812052848
Cysteamine_2-aminoethanethiol,1ao6,-2.571,77.15199999999997,77.029920224,-0.1250999999999998,26.02,2,2,3,4,11,1.0,0,0,8.855461885963821,3.9804064244456896,0.4442382269904538,3.3099999999999983,41.23095313609625,0.4567144996692571,0.9724364126434936,0.0202324819146774,0.233168229750653,0.8527718914701212,42.14865457764159,154.15130923082168,180.76499797041296,1.563217818895863,0.3383801244894331,30.0,0.0333333333333332,0.0012271341010633,0.063222788001733,0.0012271341010633,25.61,0.57,0.2517431649523298,-0.3697578858657,2.059809431312,2.059809431312,0.57,25.61,7.8039042984534,0.000234528404,30.0,1.0,,,0.999999999999998,1.0,2.4295673171777,0.05776919,-0.04683629,-1.8788397,0.3756393682900649,0.0001308402073405,1.4378244150773,0.23536008577618,33.58,16.51,Au_13,-2.34,22.0,Au_13_1ao6.dlg,1.4911911196024403,-1.4911911196024403,0.6876301088504001,-0.6876301088504001,-2.1788212284528403,-1.0894106142264202
Cysteamine_2-aminoethanethiol,1ao6,-2.571,77.15199999999997,77.029920224,-0.1250999999999998,26.02,2,2,3,4,11,1.0,0,0,8.855461885963821,3.9804064244456896,0.4442382269904538,3.3099999999999983,41.23095313609625,0.4567144996692571,0.9724364126434936,0.0202324819146774,0.233168229750653,0.8527718914701212,42.14865457764159,154.15130923082168,180.76499797041296,1.563217818895863,0.3383801244894331,30.0,0.0333333333333332,0.0012271341010633,0.063222788001733,0.0012271341010633,25.61,0.57,0.2517431649523298,-0.3697578858657,2.059809431312,2.059809431312,0.57,25.61,7.8039042984534,0.000234528404,30.0,1.0,,,0.999999999999998,1.0,2.4295673171777,0.05776919,-0.04683629,-1.8788397,0.3756393682900649,0.0001308402073405,1.4378244150773,0.23536008577618,33.58,16.51,ZnO_12_0,-7.76,22.0,ZnO_12_0_1ao6.dlg,1.4911911196024403,-1.4911911196024403,-1.4140363516585295,1.4140363516585295,-0.07715476794391085,-0.038577383971955426
Cysteamine_2-aminoethanethiol,1hzh,-2.616,77.15199999999997,77.029920224,-0.1250999999999998,26.02,2,2,3,4,11,1.0,0,0,8.855461885963821,3.9804064244456896,0.4442382269904538,3.3099999999999983,41.23095313609625,0.4567144996692571,0.9724364126434936,0.0202324819146774,0.233168229750653,0.8527718914701212,42.14865457764159,154.15130923082168,180.76499797041296,1.563217818895863,0.3383801244894331,30.0,0.0333333333333332,0.0012271341010633,0.063222788001733,0.0012271341010633,25.61,0.57,0.2517431649523298,-0.3697578858657,2.059809431312,2.059809431312,0.57,25.61,7.8039042984534,0.000234528404,30.0,1.0,,,0.999999999999998,1.0,2.4295673171777,0.05776919,-0.04683629,-1.8788397,0.3756393682900649,0.0001308402073405,1.4378244150773,0.23536008577618,33.58,16.51,Ag_13,-2.13,20.0,Ag_13_1hzh.dlg,1.4535464525804231,-1.4535464525804231,0.7050874408894409,-0.7050874408894409,-2.158633893469864,-1.079316946734932
Cysteamine_2-aminoethanethiol,1hzh,-2.616,77.15199999999997,77.029920224,-0.1250999999999998,26.02,2,2,3,4,11,1.0,0,0,8.855461885963821,3.9804064244456896,0.4442382269904538,3.3099999999999983,41.23095313609625,0.4567144996692571,0.9724364126434936,0.0202324819146774,0.233168229750653,0.8527718914701212,42.14865457764159,154.15130923082168,180.76499797041296,1.563217818895863,0.3383801244894331,30.0,0.0333333333333332,0.0012271341010633,0.063222788001733,0.0012271341010633,25.61,0.57,0.2517431649523298,-0.3697578858657,2.059809431312,2.059809431312,0.57,25.61,7.8039042984534,0.000234528404,30.0,1.0,,,0.999999999999998,1.0,2.4295673171777,0.05776919,-0.04683629,-1.8788397,0.3756393682900649,0.0001308402073405,1.4378244150773,0.23536008577618,33.58,16.51,Au_13,-2.12,19.0,Au_13_1hzh.dlg,1.4535464525804231,-1.4535464525804231,0.7091242010472047,-0.7091242010472047,-2.162670653627628,-1.081335326813814
Cysteamine_2-aminoethanethiol,1hzh,-2.616,77.15199999999997,77.029920224,-0.1250999999999998,26.02,2,2,3,4,11,1.0,0,0,8.855461885963821,3.9804064244456896,0.4442382269904538,3.3099999999999983,41.23095313609625,0.4567144996692571,0.9724364126434936,0.0202324819146774,0.233168229750653,0.8527718914701212,42.14865457764159,154.15130923082168,180.76499797041296,1.563217818895863,0.3383801244894331,30.0,0.0333333333333332,0.0012271341010633,0.063222788001733,0.0012271341010633,25.61,0.57,0.2517431649523298,-0.3697578858657,2.059809431312,2.059809431312,0.57,25.61,7.8039042984534,0.000234528404,30.0,1.0,,,0.999999999999998,1.0,2.4295673171777,0.05776919,-0.04683629,-1.8788397,0.3756393682900649,0.0001308402073405,1.4378244150773,0.23536008577618,33.58,16.51,ZnO_12_0,-7.38,22.0,ZnO_12_0_1hzh.dlg,1.4535464525804231,-1.4535464525804231,-1.4142116419366457,1.4142116419366457,-0.03933481064377742,-0.01966740532188871
Cysteamine_2-aminoethanethiol,2hav,-2.68,77.15199999999997,77.029920224,-0.1250999999999998,26.02,2,2,3,4,11,1.0,0,0,8.855461885963821,3.9804064244456896,0.4442382269904538,3.3099999999999983,41.23095313609625,0.4567144996692571,0.9724364126434936,0.0202324819146774,0.233168229750653,0.8527718914701212,42.14865457764159,154.15130923082168,180.76499797041296,1.563217818895863,0.3383801244894331,30.0,0.0333333333333332,0.0012271341010633,0.063222788001733,0.0012271341010633,25.61,0.57,0.2517431649523298,-0.3697578858657,2.059809431312,2.059809431312,0.57,25.61,7.8039042984534,0.000234528404,30.0,1.0,,,0.999999999999998,1.0,2.4295673171777,0.05776919,-0.04683629,-1.8788397,0.3756393682900649,0.0001308402073405,1.4378244150773,0.23536008577618,33.58,16.51,Ag_13,-2.17,23.0,Ag_13_2hav.dlg,1.479807306906427,-1.479807306906427,0.7360514352688697,-0.7360514352688697,-2.2158587421752967,-1.1079293710876483
Cysteamine_2-aminoethanethiol,2hav,-2.68,77.15199999999997,77.029920224,-0.1250999999999998,26.02,2,2,3,4,11,1.0,0,0,8.855461885963821,3.9804064244456896,0.4442382269904538,3.3099999999999983,41.23095313609625,0.4567144996692571,0.9724364126434936,0.0202324819146774,0.233168229750653,0.8527718914701212,42.14865457764159,154.15130923082168,180.76499797041296,1.563217818895863,0.3383801244894331,30.0,0.0333333333333332,0.0012271341010633,0.063222788001733,0.0012271341010633,25.61,0.57,0.2517431649523298,-0.3697578858657,2.059809431312,2.059809431312,0.57,25.61,7.8039042984534,0.000234528404,30.0,1.0,,,0.999999999999998,1.0,2.4295673171777,0.05776919,-0.04683629,-1.8788397,0.3756393682900649,0.0001308402073405,1.4378244150773,0.23536008577618,33.58,16.51,Au_13,-2.34,21.0,Au_13_2hav.dlg,1.479807306906427,-1.479807306906427,0.6777616476932294,-0.6777616476932294,-2.1575689545996566,-1.0787844772998283
Cysteamine_2-aminoethanethiol,2hav,-2.68,77.15199999999997,77.029920224,-0.1250999999999998,26.02,2,2,3,4,11,1.0,0,0,8.855461885963821,3.9804064244456896,0.4442382269904538,3.3099999999999983,41.23095313609625,0.4567144996692571,0.9724364126434936,0.0202324819146774,0.233168229750653,0.8527718914701212,42.14865457764159,154.15130923082168,180.76499797041296,1.563217818895863,0.3383801244894331,30.0,0.0333333333333332,0.0012271341010633,0.063222788001733,0.0012271341010633,25.61,0.57,0.2517431649523298,-0.3697578858657,2.059809431312,2.059809431312,0.57,25.61,7.8039042984534,0.000234528404,30.0,1.0,,,0.999999999999998,1.0,2.4295673171777,0.05776919,-0.04683629,-1.8788397,0.3756393682900649,0.0001308402073405,1.4378244150773,0.23536008577618,33.58,16.51,ZnO_12_0,-8.44,21.0,ZnO_12_0_2hav.dlg,1.479807306906427,-1.479807306906427,-1.4138130829620992,1.4138130829620992,-0.06599422394432786,-0.03299711197216393
Cysteamine_2-aminoethanethiol,3ghg,-2.44,77.15199999999997,77.029920224,-0.1250999999999998,26.02,2,2,3,4,11,1.0,0,0,8.855461885963821,3.9804064244456896,0.4442382269904538,3.3099999999999983,41.23095313609625,0.4567144996692571,0.9724364126434936,0.0202324819146774,0.233168229750653,0.8527718914701212,42.14865457764159,154.15130923082168,180.76499797041296,1.563217818895863,0.3383801244894331,30.0,0.0333333333333332,0.0012271341010633,0.063222788001733,0.0012271341010633,25.61,0.57,0.2517431649523298,-0.3697578858657,2.059809431312,2.059809431312,0.57,25.61,7.8039042984534,0.000234528404,30.0,1.0,,,0.999999999999998,1.0,2.4295673171777,0.05776919,-0.04683629,-1.8788397,0.3756393682900649,0.0001308402073405,1.4378244150773,0.23536008577618,33.58,16.51,,,,,1.4382757110424567,-1.4382757110424567,,,,
D-Galactose,1ao6,-4.806,180.1560000000001,180.063388104,-3.2214000000000005,110.38,5,6,6,12,24,1.0,1,0,17.44948974278318,8.220110468942837,2.411787232595313,3.648916103234773,85.93584172942023,0.1244836842322806,0.8462742285694842,0.0023579878418863,0.5327475293787145,0.919206002583091,389.8264385654024,672.609036240466,731.728289796134,2.2314732111333577,0.5087152045722942,30.0,0.0333333333333335,1.8834918340606997e-12,0.13021368936883,1.8834918340606997e-12,23.34,0.57,3.094113528986954,-1.1378346552349,14.245370000293,14.245370000293,0.57,23.34,7.900495317669618,0.000598179167,30.0,1.0,,,1.0000000000000058,1.0,15.3832046555279,0.42167428,0.3170688,-8.42678642,0.2509919134302473,8.4474472860964e-05,0.95430063979391,0.17260461745887,33.58,16.51,Ag_13,-2.24,22.0,Ag_13_1ao6.dlg,-0.0032170366793460616,0.0032170366793460616,0.7264062428081293,-0.7264062428081293,-0.7231892061287832,-0.3615946030643916
D-Galactose,1ao6,-4.806,180.1560000000001,180.063388104,-3.2214000000000005,110.38,5,6,6,12,24,1.0,1,0,17.44948974278318,8.220110468942837,2.411787232595313,3.648916103234773,85.93584172942023,0.1244836842322806,0.8462742285694842,0.0023579878418863,0.5327475293787145,0.919206002583091,389.8264385654024,672.609036240466,731.728289796134,2.2314732111333577,0.5087152045722942,30.0,0.0333333333333335,1.8834918340606997e-12,0.13021368936883,1.8834918340606997e-12,23.34,0.57,3.094113528986954,-1.1378346552349,14.245370000293,14.245370000293,0.57,23.34,7.900495317669618,0.000598179167,30.0,1.0,,,1.0000000000000058,1.0,15.3832046555279,0.42167428,0.3170688,-8.42678642,0.2509919134302473,8.4474472860964e-05,0.95430063979391,0.17260461745887,33.58,16.51,Au_13,-2.34,22.0,Au_13_1ao6.dlg,-0.0032170366793460616,0.0032170366793460616,0.6876301088504001,-0.6876301088504001,-0.6844130721710541,-0.34220653608552704
D-Galactose,1ao6,-4.806,180.1560000000001,180.063388104,-3.2214000000000005,110.38,5,6,6,12,24,1.0,1,0,17.44948974278318,8.220110468942837,2.411787232595313,3.648916103234773,85.93584172942023,0.1244836842322806,0.8462742285694842,0.0023579878418863,0.5327475293787145,0.919206002583091,389.8264385654024,672.609036240466,731.728289796134,2.2314732111333577,0.5087152045722942,30.0,0.0333333333333335,1.8834918340606997e-12,0.13021368936883,1.8834918340606997e-12,23.34,0.57,3.094113528986954,-1.1378346552349,14.245370000293,14.245370000293,0.57,23.34,7.900495317669618,0.000598179167,30.0,1.0,,,1.0000000000000058,1.0,15.3832046555279,0.42167428,0.3170688,-8.42678642,0.2509919134302473,8.4474472860964e-05,0.95430063979391,0.17260461745887,33.58,16.51,ZnO_12_0,-7.76,22.0,ZnO_12_0_1ao6.dlg,-0.0032170366793460616,0.0032170366793460616,-1.4140363516585295,1.4140363516585295,1.4172533883378755,0.7086266941689378
D-Galactose,1hzh,-5.085,180.1560000000001,180.063388104,-3.2214000000000005,110.38,5,6,6,12,24,1.0,1,0,17.44948974278318,8.220110468942837,2.411787232595313,3.648916103234773,85.93584172942023,0.1244836842322806,0.8462742285694842,0.0023579878418863,0.5327475293787145,0.919206002583091,389.8264385654024,672.609036240466,731.728289796134,2.2314732111333577,0.5087152045722942,30.0,0.0333333333333335,1.8834918340606997e-12,0.13021368936883,1.8834918340606997e-12,23.34,0.57,3.094113528986954,-1.1378346552349,14.245370000293,14.245370000293,0.57,23.34,7.900495317669618,0.000598179167,30.0,1.0,,,1.0000000000000058,1.0,15.3832046555279,0.42167428,0.3170688,-8.42678642,0.2509919134302473,8.4474472860964e-05,0.95430063979391,0.17260461745887,33.58,16.51,Ag_13,-2.13,20.0,Ag_13_1hzh.dlg,-0.2633841969354444,0.2633841969354444,0.7050874408894409,-0.7050874408894409,-0.44170324395399646,-0.22085162197699823
D-Galactose,1hzh,-5.085,180.1560000000001,180.063388104,-3.2214000000000005,110.38,5,6,6,12,24,1.0,1,0,17.44948974278318,8.220110468942837,2.411787232595313,3.648916103234773,85.93584172942023,0.1244836842322806,0.8462742285694842,0.0023579878418863,0.5327475293787145,0.919206002583091,389.8264385654024,672.609036240466,731.728289796134,2.2314732111333577,0.5087152045722942,30.0,0.0333333333333335,1.8834918340606997e-12,0.13021368936883,1.8834918340606997e-12,23.34,0.57,3.094113528986954,-1.1378346552349,14.245370000293,14.245370000293,0.57,23.34,7.900495317669618,0.000598179167,30.0,1.0,,,1.0000000000000058,1.0,15.3832046555279,0.42167428,0.3170688,-8.42678642,0.2509919134302473,8.4474472860964e-05,0.95430063979391,0.17260461745887,33.58,16.51,Au_13,-2.12,19.0,Au_13_1hzh.dlg,-0.2633841969354444,0.2633841969354444,0.7091242010472047,-0.7091242010472047,-0.44574000411176035,-0.22287000205588017
D-Galactose,1hzh,-5.085,180.1560000000001,180.063388104,-3.2214000000000005,110.38,5,6,6,12,24,1.0,1,0,17.44948974278318,8.220110468942837,2.411787232595313,3.648916103234773,85.93584172942023,0.1244836842322806,0.8462742285694842,0.0023579878418863,0.5327475293787145,0.919206002583091,389.8264385654024,672.609036240466,731.728289796134,2.2314732111333577,0.5087152045722942,30.0,0.0333333333333335,1.8834918340606997e-12,0.13021368936883,1.8834918340606997e-12,23.34,0.57,3.094113528986954,-1.1378346552349,14.245370000293,14.245370000293,0.57,23.34,7.900495317669618,0.000598179167,30.0,1.0,,,1.0000000000000058,1.0,15.3832046555279,0.42167428,0.3170688,-8.42678642,0.2509919134302473,8.4474472860964e-05,0.95430063979391,0.17260461745887,33.58,16.51,ZnO_12_0,-7.38,22.0,ZnO_12_0_1hzh.dlg,-0.2633841969354444,0.2633841969354444,-1.4142116419366457,1.4142116419366457,1.6775958388720902,0.8387979194360451
D-Galactose,2hav,-5.792,180.1560000000001,180.063388104,-3.2214000000000005,110.38,5,6,6,12,24,1.0,1,0,17.44948974278318,8.220110468942837,2.411787232595313,3.648916103234773,85.93584172942023,0.1244836842322806,0.8462742285694842,0.0023579878418863,0.5327475293787145,0.919206002583091,389.8264385654024,672.609036240466,731.728289796134,2.2314732111333577,0.5087152045722942,30.0,0.0333333333333335,1.8834918340606997e-12,0.13021368936883,1.8834918340606997e-12,23.34,0.57,3.094113528986954,-1.1378346552349,14.245370000293,14.245370000293,0.57,23.34,7.900495317669618,0.000598179167,30.0,1.0,,,1.0000000000000058,1.0,15.3832046555279,0.42167428,0.3170688,-8.42678642,0.2509919134302473,8.4474472860964e-05,0.95430063979391,0.17260461745887,33.58,16.51,Ag_13,-2.17,23.0,Ag_13_2hav.dlg,-0.38443070882726965,0.38443070882726965,0.7360514352688697,-0.7360514352688697,-0.3516207264416001,-0.17581036322080004
D-Galactose,2hav,-5.792,180.1560000000001,180.063388104,-3.2214000000000005,110.38,5,6,6,12,24,1.0,1,0,17.44948974278318,8.220110468942837,2.411787232595313,3.648916103234773,85.93584172942023,0.1244836842322806,0.8462742285694842,0.0023579878418863,0.5327475293787145,0.919206002583091,389.8264385654024,672.609036240466,731.728289796134,2.2314732111333577,0.5087152045722942,30.0,0.0333333333333335,1.8834918340606997e-12,0.13021368936883,1.8834918340606997e-12,23.34,0.57,3.094113528986954,-1.1378346552349,14.245370000293,14.245370000293,0.57,23.34,7.900495317669618,0.000598179167,30.0,1.0,,,1.0000000000000058,1.0,15.3832046555279,0.42167428,0.3170688,-8.42678642,0.2509919134302473,8.4474472860964e-05,0.95430063979391,0.17260461745887,33.58,16.51,Au_13,-2.34,21.0,Au_13_2hav.dlg,-0.38443070882726965,0.38443070882726965,0.6777616476932294,-0.6777616476932294,-0.2933309388659598,-0.1466654694329799
D-Galactose,2hav,-5.792,180.1560000000001,180.063388104,-3.2214000000000005,110.38,5,6,6,12,24,1.0,1,0,17.44948974278318,8.220110468942837,2.411787232595313,3.648916103234773,85.93584172942023,0.1244836842322806,0.8462742285694842,0.0023579878418863,0.5327475293787145,0.919206002583091,389.8264385654024,672.609036240466,731.728289796134,2.2314732111333577,0.5087152045722942,30.0,0.0333333333333335,1.8834918340606997e-12,0.13021368936883,1.8834918340606997e-12,23.34,0.57,3.094113528986954,-1.1378346552349,14.245370000293,14.245370000293,0.57,23.34,7.900495317669618,0.000598179167,30.0,1.0,,,1.0000000000000058,1.0,15.3832046555279,0.42167428,0.3170688,-8.42678642,0.2509919134302473,8.4474472860964e-05,0.95430063979391,0.17260461745887,33.58,16.51,ZnO_12_0,-8.44,21.0,ZnO_12_0_2hav.dlg,-0.38443070882726965,0.38443070882726965,-1.4138130829620992,1.4138130829620992,1.7982437917893688,0.8991218958946844
D-Galactose,3ghg,-4.424,180.1560000000001,180.063388104,-3.2214000000000005,110.38,5,6,6,12,24,1.0,1,0,17.44948974278318,8.220110468942837,2.411787232595313,3.648916103234773,85.93584172942023,0.1244836842322806,0.8462742285694842,0.0023579878418863,0.5327475293787145,0.919206002583091,389.8264385654024,672.609036240466,731.728289796134,2.2314732111333577,0.5087152045722942,30.0,0.0333333333333335,1.8834918340606997e-12,0.13021368936883,1.8834918340606997e-12,23.34,0.57,3.094113528986954,-1.1378346552349,14.245370000293,14.245370000293,0.57,23.34,7.900495317669618,0.000598179167,30.0,1.0,,,1.0000000000000058,1.0,15.3832046555279,0.42167428,0.3170688,-8.42678642,0.2509919134302473,8.4474472860964e-05,0.95430063979391,0.17260461745887,33.58,16.51,,,,,-0.005092529072988368,0.005092529072988368,,,,
D-Glucose,1ao6,-4.905,180.1560000000001,180.063388104,-3.2214000000000005,110.38,5,6,6,12,24,1.0,1,0,17.44948974278318,8.220110468942837,2.411787232595313,3.648916103234773,85.93584172942023,0.2234877476857359,0.9133710804614948,0.0022900042041652,0.4071280749059213,0.824111646065255,359.87342056678347,728.4584269138358,883.9317225910854,2.339608083920114,0.3870450329174273,30.0,0.0333333333333332,2.6644023902747e-13,0.11677002630876,2.6644023902747e-13,22.2,0.57,3.311877783641869,-1.2086645288164,15.312757323101,15.312757323101,0.57,22.2,7.877172815511567,0.000705506594,30.0,1.0,,,0.999999999999998,1.0,16.5214218519174,0.54999656,0.44539108,-9.18439111,0.2464444000337891,8.2045797136538e-05,0.93679174558087,0.17042024430143,33.58,16.51,Ag_13,-2.24,22.0,Ag_13_1ao6.dlg,-0.06941229729317029,0.06941229729317029,0.7264062428081293,-0.7264062428081293,-0.6569939455149589,-0.32849697275747947
D-Glucose,1ao6,-4.905,180.1560000000001,180.063388104,-3.2214000000000005,110.38,5,6,6,12,24,1.0,1,0,17.44948974278318,8.220110468942837,2.411787232595313,3.648916103234773,85.93584172942023,0.2234877476857359,0.9133710804614948,0.0022900042041652,0.4071280749059213,0.824111646065255,359.87342056678347,728.4584269138358,883.9317225910854,2.339608083920114,0.3870450329174273,30.0,0.0333333333333332,2.6644023902747e-13,0.11677002630876,2.6644023902747e-13,22.2,0.57,3.311877783641869,-1.2086645288164,15.312757323101,15.312757323101,0.57,22.2,7.877172815511567,0.000705506594,30.0,1.0,,,0.999999999999998,1.0,16.5214218519174,0.54999656,0.44539108,-9.18439111,0.2464444000337891,8.2045797136538e-05,0.93679174558087,0.17042024430143,33.58,16.51,Au_13,-2.34,22.0,Au_13_1ao6.dlg,-0.06941229729317029,0.06941229729317029,0.6876301088504001,-0.6876301088504001,-0.6182178115572298,-0.3091089057786149
D-Glucose,1ao6,-4.905,180.1560000000001,180.063388104,-3.2214000000000005,110.38,5,6,6,12,24,1.0,1,0,17.44948974278318,8.220110468942837,2.411787232595313,3.648916103234773,85.93584172942023,0.2234877476857359,0.9133710804614948,0.0022900042041652,0.4071280749059213,0.824111646065255,359.87342056678347,728.4584269138358,883.9317225910854,2.339608083920114,0.3870450329174273,30.0,0.0333333333333332,2.6644023902747e-13,0.11677002630876,2.6644023902747e-13,22.2,0.57,3.311877783641869,-1.2086645288164,15.312757323101,15.312757323101,0.57,22.2,7.877172815511567,0.000705506594,30.0,1.0,,,0.999999999999998,1.0,16.5214218519174,0.54999656,0.44539108,-9.18439111,0.2464444000337891,8.2045797136538e-05,0.93679174558087,0.17042024430143,33.58,16.51,ZnO_12_0,-7.76,22.0,ZnO_12_0_1ao6.dlg,-0.06941229729317029,0.06941229729317029,-1.4140363516585295,1.4140363516585295,1.4834486489516998,0.7417243244758499
D-Glucose,1hzh,-5.079,180.1560000000001,180.063388104,-3.2214000000000005,110.38,5,6,6,12,24,1.0,1,0,17.44948974278318,8.220110468942837,2.411787232595313,3.648916103234773,85.93584172942023,0.2234877476857359,0.9133710804614948,0.0022900042041652,0.4071280749059213,0.824111646065255,359.87342056678347,728.4584269138358,883.9317225910854,2.339608083920114,0.3870450329174273,30.0,0.0333333333333332,2.6644023902747e-13,0.11677002630876,2.6644023902747e-13,22.2,0.57,3.311877783641869,-1.2086645288164,15.312757323101,15.312757323101,0.57,22.2,7.877172815511567,0.000705506594,30.0,1.0,,,0.999999999999998,1.0,16.5214218519174,0.54999656,0.44539108,-9.18439111,0.2464444000337891,8.2045797136538e-05,0.93679174558087,0.17042024430143,33.58,16.51,Ag_13,-2.13,20.0,Ag_13_1hzh.dlg,-0.25921182597671794,0.25921182597671794,0.7050874408894409,-0.7050874408894409,-0.44587561491272293,-0.22293780745636146
D-Glucose,1hzh,-5.079,180.1560000000001,180.063388104,-3.2214000000000005,110.38,5,6,6,12,24,1.0,1,0,17.44948974278318,8.220110468942837,2.411787232595313,3.648916103234773,85.93584172942023,0.2234877476857359,0.9133710804614948,0.0022900042041652,0.4071280749059213,0.824111646065255,359.87342056678347,728.4584269138358,883.9317225910854,2.339608083920114,0.3870450329174273,30.0,0.0333333333333332,2.6644023902747e-13,0.11677002630876,2.6644023902747e-13,22.2,0.57,3.311877783641869,-1.2086645288164,15.312757323101,15.312757323101,0.57,22.2,7.877172815511567,0.000705506594,30.0,1.0,,,0.999999999999998,1.0,16.5214218519174,0.54999656,0.44539108,-9.18439111,0.2464444000337891,8.2045797136538e-05,0.93679174558087,0.17042024430143,33.58,16.51,Au_13,-2.12,19.0,Au_13_1hzh.dlg,-0.25921182597671794,0.25921182597671794,0.7091242010472047,-0.7091242010472047,-0.4499123750704868,-0.2249561875352434
D-Glucose,1hzh,-5.079,180.1560000000001,180.063388104,-3.2214000000000005,110.38,5,6,6,12,24,1.0,1,0,17.44948974278318,8.220110468942837,2.411787232595313,3.648916103234773,85.93584172942023,0.2234877476857359,0.9133710804614948,0.0022900042041652,0.4071280749059213,0.824111646065255,359.87342056678347,728.4584269138358,883.9317225910854,2.339608083920114,0.3870450329174273,30.0,0.0333333333333332,2.6644023902747e-13,0.11677002630876,2.6644023902747e-13,22.2,0.57,3.311877783641869,-1.2086645288164,15.312757323101,15.312757323101,0.57,22.2,7.877172815511567,0.000705506594,30.0,1.0,,,0.999999999999998,1.0,16.5214218519174,0.54999656,0.44539108,-9.18439111,0.2464444000337891,8.2045797136538e-05,0.93679174558087,0.17042024430143,33.58,16.51,ZnO_12_0,-7.38,22.0,ZnO_12_0_1hzh.dlg,-0.25921182597671794,0.25921182597671794,-1.4142116419366457,1.4142116419366457,1.6734234679133637,0.8367117339566819
D-Glucose,2hav,-5.661,180.1560000000001,180.063388104,-3.2214000000000005,110.38,5,6,6,12,24,1.0,1,0,17.44948974278318,8.220110468942837,2.411787232595313,3.648916103234773,85.93584172942023,0.2234877476857359,0.9133710804614948,0.0022900042041652,0.4071280749059213,0.824111646065255,359.87342056678347,728.4584269138358,883.9317225910854,2.339608083920114,0.3870450329174273,30.0,0.0333333333333332,2.6644023902747e-13,0.11677002630876,2.6644023902747e-13,22.2,0.57,3.311877783641869,-1.2086645288164,15.312757323101,15.312757323101,0.57,22.2,7.877172815511567,0.000705506594,30.0,1.0,,,0.999999999999998,1.0,16.5214218519174,0.54999656,0.44539108,-9.18439111,0.2464444000337891,8.2045797136538e-05,0.93679174558087,0.17042024430143,33.58,16.51,Ag_13,-2.17,23.0,Ag_13_2hav.dlg,-0.30595539389760557,0.30595539389760557,0.7360514352688697,-0.7360514352688697,-0.43009604137126417,-0.21504802068563209
D-Glucose,2hav,-5.661,180.1560000000001,180.063388104,-3.2214000000000005,110.38,5,6,6,12,24,1.0,1,0,17.44948974278318,8.220110468942837,2.411787232595313,3.648916103234773,85.93584172942023,0.2234877476857359,0.9133710804614948,0.0022900042041652,0.4071280749059213,0.824111646065255,359.87342056678347,728.4584269138358,883.9317225910854,2.339608083920114,0.3870450329174273,30.0,0.0333333333333332,2.6644023902747e-13,0.11677002630876,2.6644023902747e-13,22.2,0.57,3.311877783641869,-1.2086645288164,15.312757323101,15.312757323101,0.57,22.2,7.877172815511567,0.000705506594,30.0,1.0,,,0.999999999999998,1.0,16.5214218519174,0.54999656,0.44539108,-9.18439111,0.2464444000337891,8.2045797136538e-05,0.93679174558087,0.17042024430143,33.58,16.51,Au_13,-2.34,21.0,Au_13_2hav.dlg,-0.30595539389760557,0.30595539389760557,0.6777616476932294,-0.6777616476932294,-0.3718062537956239,-0.18590312689781194
D-Glucose,2hav,-5.661,180.1560000000001,180.063388104,-3.2214000000000005,110.38,5,6,6,12,24,1.0,1,0,17.44948974278318,8.220110468942837,2.411787232595313,3.648916103234773,85.93584172942023,0.2234877476857359,0.9133710804614948,0.0022900042041652,0.4071280749059213,0.824111646065255,359.87342056678347,728.4584269138358,883.9317225910854,2.339608083920114,0.3870450329174273,30.0,0.0333333333333332,2.6644023902747e-13,0.11677002630876,2.6644023902747e-13,22.2,0.57,3.311877783641869,-1.2086645288164,15.312757323101,15.312757323101,0.57,22.2,7.877172815511567,0.000705506594,30.0,1.0,,,0.999999999999998,1.0,16.5214218519174,0.54999656,0.44539108,-9.18439111,0.2464444000337891,8.2045797136538e-05,0.93679174558087,0.17042024430143,33.58,16.51,ZnO_12_0,-8.44,21.0,ZnO_12_0_2hav.dlg,-0.30595539389760557,0.30595539389760557,-1.4138130829620992,1.4138130829620992,1.7197684768597048,0.8598842384298524
D-Glucose,3ghg,-4.901,180.1560000000001,180.063388104,-3.2214000000000005,110.38,5,6,6,12,24,1.0,1,0,17.44948974278318,8.220110468942837,2.411787232595313,3.648916103234773,85.93584172942023,0.2234877476857359,0.9133710804614948,0.0022900042041652,0.4071280749059213,0.824111646065255,359.87342056678347,728.4584269138358,883.9317225910854,2.339608083920114,0.3870450329174273,30.0,0.0333333333333332,2.6644023902747e-13,0.11677002630876,2.6644023902747e-13,22.2,0.57,3.311877783641869,-1.2086645288164,15.312757323101,15.312757323101,0.57,22.2,7.877172815511567,0.000705506594,30.0,1.0,,,0.999999999999998,1.0,16.5214218519174,0.54999656,0.44539108,-9.18439111,0.2464444000337891,8.2045797136538e-05,0.93679174558087,0.17042024430143,33.58,16.51,,,,,-0.3521120101894532,0.3521120101894532,,,,
Dihydrolipoic_acid_DHLA,1ao6,-5.228,220.3590000000001,220.059171752,2.827600000000001,37.3,1,4,6,13,29,0.8888888888888888,1,0,22.132993161855453,10.882993161855453,2.292419389887445,6.59820436720464,110.4211309532556,0.5802065864738182,0.9856385796344476,0.0024859091258141,0.1688685593477618,0.9455755401751356,380.3741377173006,2129.89606904854,2252.4864260491013,3.2873716157780684,0.2726576528478218,30.0,0.0333333333333332,3.2894438310071e-06,0.15384408452418,3.2894438310071e-06,15.37,0.57,-0.7499896490497449,-3.076232378788,3.5511624488239,3.5511624488239,0.57,15.37,8.1322191248,0.0109485442,30.0,1.0,,,0.9999999999999964,1.0,6.6273948276119,1.84561708,1.7410116,-1.10276027,0.2088272056001053,7.2030727888553e-05,0.79624429135064,0.1357207106206,33.58,16.51,Ag_13,-2.24,22.0,Ag_13_1ao6.dlg,-0.28538269303322233,0.28538269303322233,0.7264062428081293,-0.7264062428081293,-0.44102354977490693,-0.22051177488745347
Dihydrolipoic_acid_DHLA,1ao6,-5.228,220.3590000000001,220.059171752,2.827600000000001,37.3,1,4,6,13,29,0.8888888888888888,1,0,22.132993161855453,10.882993161855453,2.292419389887445,6.59820436720464,110.4211309532556,0.5802065864738182,0.9856385796344476,0.0024859091258141,0.1688685593477618,0.9455755401751356,380.3741377173006,2129.89606904854,2252.4864260491013,3.2873716157780684,0.2726576528478218,30.0,0.0333333333333332,3.2894438310071e-06,0.15384408452418,3.2894438310071e-06,15.37,0.57,-0.7499896490497449,-3.076232378788,3.5511624488239,3.5511624488239,0.57,15.37,8.1322191248,0.0109485442,30.0,1.0,,,0.9999999999999964,1.0,6.6273948276119,1.84561708,1.7410116,-1.10276027,0.2088272056001053,7.2030727888553e-05,0.79624429135064,0.1357207106206,33.58,16.51,Au_13,-2.34,22.0,Au_13_1ao6.dlg,-0.28538269303322233,0.28538269303322233,0.6876301088504001,-0.6876301088504001,-0.40224741581717777,-0.20112370790858888
Dihydrolipoic_acid_DHLA,1ao6,-5.228,220.3590000000001,220.059171752,2.827600000000001,37.3,1,4,6,13,29,0.8888888888888888,1,0,22.132993161855453,10.882993161855453,2.292419389887445,6.59820436720464,110.4211309532556,0.5802065864738182,0.9856385796344476,0.0024859091258141,0.1688685593477618,0.9455755401751356,380.3741377173006,2129.89606904854,2252.4864260491013,3.2873716157780684,0.2726576528478218,30.0,0.0333333333333332,3.2894438310071e-06,0.15384408452418,3.2894438310071e-06,15.37,0.57,-0.7499896490497449,-3.076232378788,3.5511624488239,3.5511624488239,0.57,15.37,8.1322191248,0.0109485442,30.0,1.0,,,0.9999999999999964,1.0,6.6273948276119,1.84561708,1.7410116,-1.10276027,0.2088272056001053,7.2030727888553e-05,0.79624429135064,0.1357207106206,33.58,16.51,ZnO_12_0,-7.76,22.0,ZnO_12_0_1ao6.dlg,-0.28538269303322233,0.28538269303322233,-1.4140363516585295,1.4140363516585295,1.6994190446917519,0.8497095223458759
Dihydrolipoic_acid_DHLA,1hzh,-5.111,220.3590000000001,220.059171752,2.827600000000001,37.3,1,4,6,13,29,0.8888888888888888,1,0,22.132993161855453,10.882993161855453,2.292419389887445,6.59820436720464,110.4211309532556,0.5802065864738182,0.9856385796344476,0.0024859091258141,0.1688685593477618,0.9455755401751356,380.3741377173006,2129.89606904854,2252.4864260491013,3.2873716157780684,0.2726576528478218,30.0,0.0333333333333332,3.2894438310071e-06,0.15384408452418,3.2894438310071e-06,15.37,0.57,-0.7499896490497449,-3.076232378788,3.5511624488239,3.5511624488239,0.57,15.37,8.1322191248,0.0109485442,30.0,1.0,,,0.9999999999999964,1.0,6.6273948276119,1.84561708,1.7410116,-1.10276027,0.2088272056001053,7.2030727888553e-05,0.79624429135064,0.1357207106206,33.58,16.51,Ag_13,-2.13,20.0,Ag_13_1hzh.dlg,-0.28146447108992484,0.28146447108992484,0.7050874408894409,-0.7050874408894409,-0.423622969799516,-0.211811484899758
Dihydrolipoic_acid_DHLA,1hzh,-5.111,220.3590000000001,220.059171752,2.827600000000001,37.3,1,4,6,13,29,0.8888888888888888,1,0,22.132993161855453,10.882993161855453,2.292419389887445,6.59820436720464,110.4211309532556,0.5802065864738182,0.9856385796344476,0.0024859091258141,0.1688685593477618,0.9455755401751356,380.3741377173006,2129.89606904854,2252.4864260491013,3.2873716157780684,0.2726576528478218,30.0,0.0333333333333332,3.2894438310071e-06,0.15384408452418,3.2894438310071e-06,15.37,0.57,-0.7499896490497449,-3.076232378788,3.5511624488239,3.5511624488239,0.57,15.37,8.1322191248,0.0109485442,30.0,1.0,,,0.9999999999999964,1.0,6.6273948276119,1.84561708,1.7410116,-1.10276027,0.2088272056001053,7.2030727888553e-05,0.79624429135064,0.1357207106206,33.58,16.51,Au_13,-2.12,19.0,Au_13_1hzh.dlg,-0.28146447108992484,0.28146447108992484,0.7091242010472047,-0.7091242010472047,-0.4276597299572799,-0.21382986497863996
Dihydrolipoic_acid_DHLA,1hzh,-5.111,220.3590000000001,220.059171752,2.827600000000001,37.3,1,4,6,13,29,0.8888888888888888,1,0,22.132993161855453,10.882993161855453,2.292419389887445,6.59820436720464,110.4211309532556,0.5802065864738182,0.9856385796344476,0.0024859091258141,0.1688685593477618,0.9455755401751356,380.3741377173006,2129.89606904854,2252.4864260491013,3.2873716157780684,0.2726576528478218,30.0,0.0333333333333332,3.2894438310071e-06,0.15384408452418,3.2894438310071e-06,15.37,0.57,-0.7499896490497449,-3.076232378788,3.5511624488239,3.5511624488239,0.57,15.37,8.1322191248,0.0109485442,30.0,1.0,,,0.9999999999999964,1.0,6.6273948276119,1.84561708,1.7410116,-1.10276027,0.2088272056001053,7.2030727888553e-05,0.79624429135064,0.1357207106206,33.58,16.51,ZnO_12_0,-7.38,22.0,ZnO_12_0_1hzh.dlg,-0.28146447108992484,0.28146447108992484,-1.4142116419366457,1.4142116419366457,1.6956761130265705,0.8478380565132853
Dihydrolipoic_acid_DHLA,2hav,-5.181,220.3590000000001,220.059171752,2.827600000000001,37.3,1,4,6,13,29,0.8888888888888888,1,0,22.132993161855453,10.882993161855453,2.292419389887445,6.59820436720464,110.4211309532556,0.5802065864738182,0.9856385796344476,0.0024859091258141,0.1688685593477618,0.9455755401751356,380.3741377173006,2129.89606904854,2252.4864260491013,3.2873716157780684,0.2726576528478218,30.0,0.0333333333333332,3.2894438310071e-06,0.15384408452418,3.2894438310071e-06,15.37,0.57,-0.7499896490497449,-3.076232378788,3.5511624488239,3.5511624488239,0.57,15.37,8.1322191248,0.0109485442,30.0,1.0,,,0.9999999999999964,1.0,6.6273948276119,1.84561708,1.7410116,-1.10276027,0.2088272056001053,7.2030727888553e-05,0.79624429135064,0.1357207106206,33.58,16.51,Ag_13,-2.17,23.0,Ag_13_2hav.dlg,-0.018412255224027913,0.018412255224027913,0.7360514352688697,-0.7360514352688697,-0.7176391800448418,-0.3588195900224209
Dihydrolipoic_acid_DHLA,2hav,-5.181,220.3590000000001,220.059171752,2.827600000000001,37.3,1,4,6,13,29,0.8888888888888888,1,0,22.132993161855453,10.882993161855453,2.292419389887445,6.59820436720464,110.4211309532556,0.5802065864738182,0.9856385796344476,0.0024859091258141,0.1688685593477618,0.9455755401751356,380.3741377173006,2129.89606904854,2252.4864260491013,3.2873716157780684,0.2726576528478218,30.0,0.0333333333333332,3.2894438310071e-06,0.15384408452418,3.2894438310071e-06,15.37,0.57,-0.7499896490497449,-3.076232378788,3.5511624488239,3.5511624488239,0.57,15.37,8.1322191248,0.0109485442,30.0,1.0,,,0.9999999999999964,1.0,6.6273948276119,1.84561708,1.7410116,-1.10276027,0.2088272056001053,7.2030727888553e-05,0.79624429135064,0.1357207106206,33.58,16.51,Au_13,-2.34,21.0,Au_13_2hav.dlg,-0.018412255224027913,0.018412255224027913,0.6777616476932294,-0.6777616476932294,-0.6593493924692015,-0.3296746962346008
Dihydrolipoic_acid_DHLA,2hav,-5.181,220.3590000000001,220.059171752,2.827600000000001,37.3,1,4,6,13,29,0.8888888888888888,1,0,22.132993161855453,10.882993161855453,2.292419389887445,6.59820436720464,110.4211309532556,0.5802065864738182,0.9856385796344476,0.0024859091258141,0.1688685593477618,0.9455755401751356,380.3741377173006,2129.89606904854,2252.4864260491013,3.2873716157780684,0.2726576528478218,30.0,0.0333333333333332,3.2894438310071e-06,0.15384408452418,3.2894438310071e-06,15.37,0.57,-0.7499896490497449,-3.076232378788,3.5511624488239,3.5511624488239,0.57,15.37,8.1322191248,0.0109485442,30.0,1.0,,,0.9999999999999964,1.0,6.6273948276119,1.84561708,1.7410116,-1.10276027,0.2088272056001053,7.2030727888553e-05,0.79624429135064,0.1357207106206,33.58,16.51,ZnO_12_0,-8.44,21.0,ZnO_12_0_2hav.dlg,-0.018412255224027913,0.018412255224027913,-1.4138130829620992,1.4138130829620992,1.4322253381861272,0.7161126690930636
Dihydrolipoic_acid_DHLA,3ghg,-4.616,220.3590000000001,220.059171752,2.827600000000001,37.3,1,4,6,13,29,0.8888888888888888,1,0,22.132993161855453,10.882993161855453,2.292419389887445,6.59820436720464,110.4211309532556,0.5802065864738182,0.9856385796344476,0.0024859091258141,0.1688685593477618,0.9455755401751356,380.3741377173006,2129.89606904854,2252.4864260491013,3.2873716157780684,0.2726576528478218,30.0,0.0333333333333332,3.2894438310071e-06,0.15384408452418,3.2894438310071e-06,15.37,0.57,-0.7499896490497449,-3.076232378788,3.5511624488239,3.5511624488239,0.57,15.37,8.1322191248,0.0109485442,30.0,1.0,,,0.9999999999999964,1.0,6.6273948276119,1.84561708,1.7410116,-1.10276027,0.2088272056001053,7.2030727888553e-05,0.79624429135064,0.1357207106206,33.58,16.51,,,,,-0.14477332650351474,0.14477332650351474,,,,
Dithiothreitol_DTT,1ao6,-4.1,182.26600000000008,182.00713618,-0.5358999999999999,60.69,3,5,5,10,20,1.0,1,0,14.541241452319316,6.90361388801511,2.2925876311929745,3.824199539737246,82.1318254152651,0.2223068413673601,0.911166700483724,0.002052355229819,0.4120379156456401,0.7599367846393188,370.27546381739495,682.9127483651781,898.6441532624351,2.3139471121602764,0.3486784147389652,30.0,0.0333333333333332,6.6908604117229e-09,0.14065794353507,6.6908604117229e-09,19.92,0.57,0.941058377430718,-2.2177719220831,8.1742494545479,8.1742494545479,0.57,19.92,7.973646791629,0.00106771561,30.0,1.0,,,0.9999999999999968,1.0,10.392021376631,1.26277466,1.15816918,-4.24062012,0.2577708719985906,8.6156076431106e-05,0.9834311243955,0.16961616099663,33.58,16.51,Ag_13,-2.24,22.0,Ag_13_1ao6.dlg,0.46884209456671294,-0.46884209456671294,0.7264062428081293,-0.7264062428081293,-1.1952483373748422,-0.5976241686874211
Dithiothreitol_DTT,1ao6,-4.1,182.26600000000008,182.00713618,-0.5358999999999999,60.69,3,5,5,10,20,1.0,1,0,14.541241452319316,6.90361388801511,2.2925876311929745,3.824199539737246,82.1318254152651,0.2223068413673601,0.911166700483724,0.002052355229819,0.4120379156456401,0.7599367846393188,370.27546381739495,682.9127483651781,898.6441532624351,2.3139471121602764,0.3486784147389652,30.0,0.0333333333333332,6.6908604117229e-09,0.14065794353507,6.6908604117229e-09,19.92,0.57,0.941058377430718,-2.2177719220831,8.1742494545479,8.1742494545479,0.57,19.92,7.973646791629,0.00106771561,30.0,1.0,,,0.9999999999999968,1.0,10.392021376631,1.26277466,1.15816918,-4.24062012,0.2577708719985906,8.6156076431106e-05,0.9834311243955,0.16961616099663,33.58,16.51,Au_13,-2.34,22.0,Au_13_1ao6.dlg,0.46884209456671294,-0.46884209456671294,0.6876301088504001,-0.6876301088504001,-1.156472203417113,-0.5782361017085565
Dithiothreitol_DTT,1ao6,-4.1,182.26600000000008,182.00713618,-0.5358999999999999,60.69,3,5,5,10,20,1.0,1,0,14.541241452319316,6.90361388801511,2.2925876311929745,3.824199539737246,82.1318254152651,0.2223068413673601,0.911166700483724,0.002052355229819,0.4120379156456401,0.7599367846393188,370.27546381739495,682.9127483651781,898.6441532624351,2.3139471121602764,0.3486784147389652,30.0,0.0333333333333332,6.6908604117229e-09,0.14065794353507,6.6908604117229e-09,19.92,0.57,0.941058377430718,-2.2177719220831,8.1742494545479,8.1742494545479,0.57,19.92,7.973646791629,0.00106771561,30.0,1.0,,,0.9999999999999968,1.0,10.392021376631,1.26277466,1.15816918,-4.24062012,0.2577708719985906,8.6156076431106e-05,0.9834311243955,0.16961616099663,33.58,16.51,ZnO_12_0,-7.76,22.0,ZnO_12_0_1ao6.dlg,0.46884209456671294,-0.46884209456671294,-1.4140363516585295,1.4140363516585295,0.9451942570918166,0.4725971285459083
Dithiothreitol_DTT,1hzh,-4.448,182.26600000000008,182.00713618,-0.5358999999999999,60.69,3,5,5,10,20,1.0,1,0,14.541241452319316,6.90361388801511,2.2925876311929745,3.824199539737246,82.1318254152651,0.2223068413673601,0.911166700483724,0.002052355229819,0.4120379156456401,0.7599367846393188,370.27546381739495,682.9127483651781,898.6441532624351,2.3139471121602764,0.3486784147389652,30.0,0.0333333333333332,6.6908604117229e-09,0.14065794353507,6.6908604117229e-09,19.92,0.57,0.941058377430718,-2.2177719220831,8.1742494545479,8.1742494545479,0.57,19.92,7.973646791629,0.00106771561,30.0,1.0,,,0.9999999999999968,1.0,10.392021376631,1.26277466,1.15816918,-4.24062012,0.2577708719985906,8.6156076431106e-05,0.9834311243955,0.16961616099663,33.58,16.51,Ag_13,-2.13,20.0,Ag_13_1hzh.dlg,0.1795825198493296,-0.1795825198493296,0.7050874408894409,-0.7050874408894409,-0.8846699607387705,-0.44233498036938523
Dithiothreitol_DTT,1hzh,-4.448,182.26600000000008,182.00713618,-0.5358999999999999,60.69,3,5,5,10,20,1.0,1,0,14.541241452319316,6.90361388801511,2.2925876311929745,3.824199539737246,82.1318254152651,0.2223068413673601,0.911166700483724,0.002052355229819,0.4120379156456401,0.7599367846393188,370.27546381739495,682.9127483651781,898.6441532624351,2.3139471121602764,0.3486784147389652,30.0,0.0333333333333332,6.6908604117229e-09,0.14065794353507,6.6908604117229e-09,19.92,0.57,0.941058377430718,-2.2177719220831,8.1742494545479,8.1742494545479,0.57,19.92,7.973646791629,0.00106771561,30.0,1.0,,,0.9999999999999968,1.0,10.392021376631,1.26277466,1.15816918,-4.24062012,0.2577708719985906,8.6156076431106e-05,0.9834311243955,0.16961616099663,33.58,16.51,Au_13,-2.12,19.0,Au_13_1hzh.dlg,0.1795825198493296,-0.1795825198493296,0.7091242010472047,-0.7091242010472047,-0.8887067208965344,-0.4443533604482672
Dithiothreitol_DTT,1hzh,-4.448,182.26600000000008,182.00713618,-0.5358999999999999,60.69,3,5,5,10,20,1.0,1,0,14.541241452319316,6.90361388801511,2.2925876311929745,3.824199539737246,82.1318254152651,0.2223068413673601,0.911166700483724,0.002052355229819,0.4120379156456401,0.7599367846393188,370.27546381739495,682.9127483651781,898.6441532624351,2.3139471121602764,0.3486784147389652,30.0,0.0333333333333332,6.6908604117229e-09,0.14065794353507,6.6908604117229e-09,19.92,0.57,0.941058377430718,-2.2177719220831,8.1742494545479,8.1742494545479,0.57,19.92,7.973646791629,0.00106771561,30.0,1.0,,,0.9999999999999968,1.0,10.392021376631,1.26277466,1.15816918,-4.24062012,0.2577708719985906,8.6156076431106e-05,0.9834311243955,0.16961616099663,33.58,16.51,ZnO_12_0,-7.38,22.0,ZnO_12_0_1hzh.dlg,0.1795825198493296,-0.1795825198493296,-1.4142116419366457,1.4142116419366457,1.2346291220873162,0.6173145610436581
Dithiothreitol_DTT,2hav,-4.512,182.26600000000008,182.00713618,-0.5358999999999999,60.69,3,5,5,10,20,1.0,1,0,14.541241452319316,6.90361388801511,2.2925876311929745,3.824199539737246,82.1318254152651,0.2223068413673601,0.911166700483724,0.002052355229819,0.4120379156456401,0.7599367846393188,370.27546381739495,682.9127483651781,898.6441532624351,2.3139471121602764,0.3486784147389652,30.0,0.0333333333333332,6.6908604117229e-09,0.14065794353507,6.6908604117229e-09,19.92,0.57,0.941058377430718,-2.2177719220831,8.1742494545479,8.1742494545479,0.57,19.92,7.973646791629,0.00106771561,30.0,1.0,,,0.9999999999999968,1.0,10.392021376631,1.26277466,1.15816918,-4.24062012,0.2577708719985906,8.6156076431106e-05,0.9834311243955,0.16961616099663,33.58,16.51,Ag_13,-2.17,23.0,Ag_13_2hav.dlg,0.3823509943022716,-0.3823509943022716,0.7360514352688697,-0.7360514352688697,-1.1184024295711414,-0.5592012147855707
Dithiothreitol_DTT,2hav,-4.512,182.26600000000008,182.00713618,-0.5358999999999999,60.69,3,5,5,10,20,1.0,1,0,14.541241452319316,6.90361388801511,2.2925876311929745,3.824199539737246,82.1318254152651,0.2223068413673601,0.911166700483724,0.002052355229819,0.4120379156456401,0.7599367846393188,370.27546381739495,682.9127483651781,898.6441532624351,2.3139471121602764,0.3486784147389652,30.0,0.0333333333333332,6.6908604117229e-09,0.14065794353507,6.6908604117229e-09,19.92,0.57,0.941058377430718,-2.2177719220831,8.1742494545479,8.1742494545479,0.57,19.92,7.973646791629,0.00106771561,30.0,1.0,,,0.9999999999999968,1.0,10.392021376631,1.26277466,1.15816918,-4.24062012,0.2577708719985906,8.6156076431106e-05,0.9834311243955,0.16961616099663,33.58,16.51,Au_13,-2.34,21.0,Au_13_2hav.dlg,0.3823509943022716,-0.3823509943022716,0.6777616476932294,-0.6777616476932294,-1.060112641995501,-0.5300563209977505
Dithiothreitol_DTT,2hav,-4.512,182.26600000000008,182.00713618,-0.5358999999999999,60.69,3,5,5,10,20,1.0,1,0,14.541241452319316,6.90361388801511,2.2925876311929745,3.824199539737246,82.1318254152651,0.2223068413673601,0.911166700483724,0.002052355229819,0.4120379156456401,0.7599367846393188,370.27546381739495,682.9127483651781,898.6441532624351,2.3139471121602764,0.3486784147389652,30.0,0.0333333333333332,6.6908604117229e-09,0.14065794353507,6.6908604117229e-09,19.92,0.57,0.941058377430718,-2.2177719220831,8.1742494545479,8.1742494545479,0.57,19.92,7.973646791629,0.00106771561,30.0,1.0,,,0.9999999999999968,1.0,10.392021376631,1.26277466,1.15816918,-4.24062012,0.2577708719985906,8.6156076431106e-05,0.9834311243955,0.16961616099663,33.58,16.51,ZnO_12_0,-8.44,21.0,ZnO_12_0_2hav.dlg,0.3823509943022716,-0.3823509943022716,-1.4138130829620992,1.4138130829620992,1.0314620886598276,0.5157310443299138
Dithiothreitol_DTT,3ghg,-4.046,182.26600000000008,182.00713618,-0.5358999999999999,60.69,3,5,5,10,20,1.0,1,0,14.541241452319316,6.90361388801511,2.2925876311929745,3.824199539737246,82.1318254152651,0.2223068413673601,0.911166700483724,0.002052355229819,0.4120379156456401,0.7599367846393188,370.27546381739495,682.9127483651781,898.6441532624351,2.3139471121602764,0.3486784147389652,30.0,0.0333333333333332,6.6908604117229e-09,0.14065794353507,6.6908604117229e-09,19.92,0.57,0.941058377430718,-2.2177719220831,8.1742494545479,8.1742494545479,0.57,19.92,7.973646791629,0.00106771561,30.0,1.0,,,0.9999999999999968,1.0,10.392021376631,1.26277466,1.15816918,-4.24062012,0.2577708719985906,8.6156076431106e-05,0.9834311243955,0.16961616099663,33.58,16.51,,,,,0.26990404086836156,-0.26990404086836156,,,,
Doxorubicin_proxy_daunorubicin_aglycone,1ao6,-8.36,356.3299999999998,356.0896028520004,0.7021999999999995,124.29000000000002,4,7,5,26,42,0.2631578947368421,4,0,28.35773803324704,14.515986323710903,6.365497260791805,5.55127820312456,170.47116329285117,0.5195424984157235,0.9799171676916112,0.0007452879976415,0.199404976024297,0.8151498029461165,1093.7379986335443,4471.103639621206,5485.008551142049,3.93764902281062,0.0476105677242346,30.0,0.0333333333333332,1.019050125541e-09,0.091471765639021,1.019050125541e-09,15.37,0.57,0.9236643967739232,-1.7708089028628,9.5158608880988,9.5158608880988,0.57,15.37,8.399706606853334,0.0538962493,30.0,1.0,,,0.9999999999999984,1.0,11.2866697909616,1.12647381,1.02186833,-5.3327857,0.1272144423939944,4.4725272650702e-05,0.48033704197193,0.089047350307909,33.58,16.51,Ag_13,-2.24,22.0,Ag_13_1ao6.dlg,-2.379560028816021,2.379560028816021,0.7264062428081293,-0.7264062428081293,1.6531537860078915,0.8265768930039458
Doxorubicin_proxy_daunorubicin_aglycone,1ao6,-8.36,356.3299999999998,356.0896028520004,0.7021999999999995,124.29000000000002,4,7,5,26,42,0.2631578947368421,4,0,28.35773803324704,14.515986323710903,6.365497260791805,5.55127820312456,170.47116329285117,0.5195424984157235,0.9799171676916112,0.0007452879976415,0.199404976024297,0.8151498029461165,1093.7379986335443,4471.103639621206,5485.008551142049,3.93764902281062,0.0476105677242346,30.0,0.0333333333333332,1.019050125541e-09,0.091471765639021,1.019050125541e-09,15.37,0.57,0.9236643967739232,-1.7708089028628,9.5158608880988,9.5158608880988,0.57,15.37,8.399706606853334,0.0538962493,30.0,1.0,,,0.9999999999999984,1.0,11.2866697909616,1.12647381,1.02186833,-5.3327857,0.1272144423939944,4.4725272650702e-05,0.48033704197193,0.089047350307909,33.58,16.51,Au_13,-2.34,22.0,Au_13_1ao6.dlg,-2.379560028816021,2.379560028816021,0.6876301088504001,-0.6876301088504001,1.6919299199656206,0.8459649599828103
Doxorubicin_proxy_daunorubicin_aglycone,1ao6,-8.36,356.3299999999998,356.0896028520004,0.7021999999999995,124.29000000000002,4,7,5,26,42,0.2631578947368421,4,0,28.35773803324704,14.515986323710903,6.365497260791805,5.55127820312456,170.47116329285117,0.5195424984157235,0.9799171676916112,0.0007452879976415,0.199404976024297,0.8151498029461165,1093.7379986335443,4471.103639621206,5485.008551142049,3.93764902281062,0.0476105677242346,30.0,0.0333333333333332,1.019050125541e-09,0.091471765639021,1.019050125541e-09,15.37,0.57,0.9236643967739232,-1.7708089028628,9.5158608880988,9.5158608880988,0.57,15.37,8.399706606853334,0.0538962493,30.0,1.0,,,0.9999999999999984,1.0,11.2866697909616,1.12647381,1.02186833,-5.3327857,0.1272144423939944,4.4725272650702e-05,0.48033704197193,0.089047350307909,33.58,16.51,ZnO_12_0,-7.76,22.0,ZnO_12_0_1ao6.dlg,-2.379560028816021,2.379560028816021,-1.4140363516585295,1.4140363516585295,3.7935963804745505,1.8967981902372753
Doxorubicin_proxy_daunorubicin_aglycone,1hzh,-7.94,356.3299999999998,356.0896028520004,0.7021999999999995,124.29000000000002,4,7,5,26,42,0.2631578947368421,4,0,28.35773803324704,14.515986323710903,6.365497260791805,5.55127820312456,170.47116329285117,0.5195424984157235,0.9799171676916112,0.0007452879976415,0.199404976024297,0.8151498029461165,1093.7379986335443,4471.103639621206,5485.008551142049,3.93764902281062,0.0476105677242346,30.0,0.0333333333333332,1.019050125541e-09,0.091471765639021,1.019050125541e-09,15.37,0.57,0.9236643967739232,-1.7708089028628,9.5158608880988,9.5158608880988,0.57,15.37,8.399706606853334,0.0538962493,30.0,1.0,,,0.9999999999999984,1.0,11.2866697909616,1.12647381,1.02186833,-5.3327857,0.1272144423939944,4.4725272650702e-05,0.48033704197193,0.089047350307909,33.58,16.51,Ag_13,-2.13,20.0,Ag_13_1hzh.dlg,-2.2487373781293702,2.2487373781293702,0.7050874408894409,-0.7050874408894409,1.5436499372399295,0.7718249686199647
Doxorubicin_proxy_daunorubicin_aglycone,1hzh,-7.94,356.3299999999998,356.0896028520004,0.7021999999999995,124.29000000000002,4,7,5,26,42,0.2631578947368421,4,0,28.35773803324704,14.515986323710903,6.365497260791805,5.55127820312456,170.47116329285117,0.5195424984157235,0.9799171676916112,0.0007452879976415,0.199404976024297,0.8151498029461165,1093.7379986335443,4471.103639621206,5485.008551142049,3.93764902281062,0.0476105677242346,30.0,0.0333333333333332,1.019050125541e-09,0.091471765639021,1.019050125541e-09,15.37,0.57,0.9236643967739232,-1.7708089028628,9.5158608880988,9.5158608880988,0.57,15.37,8.399706606853334,0.0538962493,30.0,1.0,,,0.9999999999999984,1.0,11.2866697909616,1.12647381,1.02186833,-5.3327857,0.1272144423939944,4.4725272650702e-05,0.48033704197193,0.089047350307909,33.58,16.51,Au_13,-2.12,19.0,Au_13_1hzh.dlg,-2.2487373781293702,2.2487373781293702,0.7091242010472047,-0.7091242010472047,1.5396131770821655,0.7698065885410827
Doxorubicin_proxy_daunorubicin_aglycone,1hzh,-7.94,356.3299999999998,356.0896028520004,0.7021999999999995,124.29000000000002,4,7,5,26,42,0.2631578947368421,4,0,28.35773803324704,14.515986323710903,6.365497260791805,5.55127820312456,170.47116329285117,0.5195424984157235,0.9799171676916112,0.0007452879976415,0.199404976024297,0.8151498029461165,1093.7379986335443,4471.103639621206,5485.008551142049,3.93764902281062,0.0476105677242346,30.0,0.0333333333333332,1.019050125541e-09,0.091471765639021,1.019050125541e-09,15.37,0.57,0.9236643967739232,-1.7708089028628,9.5158608880988,9.5158608880988,0.57,15.37,8.399706606853334,0.0538962493,30.0,1.0,,,0.9999999999999984,1.0,11.2866697909616,1.12647381,1.02186833,-5.3327857,0.1272144423939944,4.4725272650702e-05,0.48033704197193,0.089047350307909,33.58,16.51,ZnO_12_0,-7.38,22.0,ZnO_12_0_1hzh.dlg,-2.2487373781293702,2.2487373781293702,-1.4142116419366457,1.4142116419366457,3.6629490200660157,1.8314745100330079
Doxorubicin_proxy_daunorubicin_aglycone,2hav,-8.502,356.3299999999998,356.0896028520004,0.7021999999999995,124.29000000000002,4,7,5,26,42,0.2631578947368421,4,0,28.35773803324704,14.515986323710903,6.365497260791805,5.55127820312456,170.47116329285117,0.5195424984157235,0.9799171676916112,0.0007452879976415,0.199404976024297,0.8151498029461165,1093.7379986335443,4471.103639621206,5485.008551142049,3.93764902281062,0.0476105677242346,30.0,0.0333333333333332,1.019050125541e-09,0.091471765639021,1.019050125541e-09,15.37,0.57,0.9236643967739232,-1.7708089028628,9.5158608880988,9.5158608880988,0.57,15.37,8.399706606853334,0.0538962493,30.0,1.0,,,0.9999999999999984,1.0,11.2866697909616,1.12647381,1.02186833,-5.3327857,0.1272144423939944,4.4725272650702e-05,0.48033704197193,0.089047350307909,33.58,16.51,Ag_13,-2.17,23.0,Ag_13_2hav.dlg,-2.0078513459218454,2.0078513459218454,0.7360514352688697,-0.7360514352688697,1.2717999106529758,0.6358999553264879
Doxorubicin_proxy_daunorubicin_aglycone,2hav,-8.502,356.3299999999998,356.0896028520004,0.7021999999999995,124.29000000000002,4,7,5,26,42,0.2631578947368421,4,0,28.35773803324704,14.515986323710903,6.365497260791805,5.55127820312456,170.47116329285117,0.5195424984157235,0.9799171676916112,0.0007452879976415,0.199404976024297,0.8151498029461165,1093.7379986335443,4471.103639621206,5485.008551142049,3.93764902281062,0.0476105677242346,30.0,0.0333333333333332,1.019050125541e-09,0.091471765639021,1.019050125541e-09,15.37,0.57,0.9236643967739232,-1.7708089028628,9.5158608880988,9.5158608880988,0.57,15.37,8.399706606853334,0.0538962493,30.0,1.0,,,0.9999999999999984,1.0,11.2866697909616,1.12647381,1.02186833,-5.3327857,0.1272144423939944,4.4725272650702e-05,0.48033704197193,0.089047350307909,33.58,16.51,Au_13,-2.34,21.0,Au_13_2hav.dlg,-2.0078513459218454,2.0078513459218454,0.6777616476932294,-0.6777616476932294,1.330089698228616,0.665044849114308
Doxorubicin_proxy_daunorubicin_aglycone,2hav,-8.502,356.3299999999998,356.0896028520004,0.7021999999999995,124.29000000000002,4,7,5,26,42,0.2631578947368421,4,0,28.35773803324704,14.515986323710903,6.365497260791805,5.55127820312456,170.47116329285117,0.5195424984157235,0.9799171676916112,0.0007452879976415,0.199404976024297,0.8151498029461165,1093.7379986335443,4471.103639621206,5485.008551142049,3.93764902281062,0.0476105677242346,30.0,0.0333333333333332,1.019050125541e-09,0.091471765639021,1.019050125541e-09,15.37,0.57,0.9236643967739232,-1.7708089028628,9.5158608880988,9.5158608880988,0.57,15.37,8.399706606853334,0.0538962493,30.0,1.0,,,0.9999999999999984,1.0,11.2866697909616,1.12647381,1.02186833,-5.3327857,0.1272144423939944,4.4725272650702e-05,0.48033704197193,0.089047350307909,33.58,16.51,ZnO_12_0,-8.44,21.0,ZnO_12_0_2hav.dlg,-2.0078513459218454,2.0078513459218454,-1.4138130829620992,1.4138130829620992,3.4216644288839446,1.7108322144419723
Doxorubicin_proxy_daunorubicin_aglycone,3ghg,-7.965,356.3299999999998,356.0896028520004,0.7021999999999995,124.29000000000002,4,7,5,26,42,0.2631578947368421,4,0,28.35773803324704,14.515986323710903,6.365497260791805,5.55127820312456,170.47116329285117,0.5195424984157235,0.9799171676916112,0.0007452879976415,0.199404976024297,0.8151498029461165,1093.7379986335443,4471.103639621206,5485.008551142049,3.93764902281062,0.0476105677242346,30.0,0.0333333333333332,1.019050125541e-09,0.091471765639021,1.019050125541e-09,15.37,0.57,0.9236643967739232,-1.7708089028628,9.5158608880988,9.5158608880988,0.57,15.37,8.399706606853334,0.0538962493,30.0,1.0,,,0.9999999999999984,1.0,11.2866697909616,1.12647381,1.02186833,-5.3327857,0.1272144423939944,4.4725272650702e-05,0.48033704197193,0.089047350307909,33.58,16.51,,,,,-2.5811847358516116,2.5811847358516116,,,,
Folic_acid,1ao6,-9.21,586.5180000000014,586.1771890320008,-1.4904999999999935,288.79,8,13,14,42,68,0.2916666666666667,3,0,45.6601916686383,22.52697666071031,10.876580172039011,13.505065046834044,271.6329019718076,0.5169365746834932,0.9797422752520067,0.0002768195781659,0.2002625129274591,0.9072582828167504,3277.435392495883,14847.913185408486,16365.695928738622,5.422474307301128,0.1813124595418209,30.0,0.0333333333333333,3.5133804493948003e-16,0.27627871470198,3.5133804493948003e-16,19.92,0.57,3.866177089382536,-3.3959303170152,17.743266849833,17.743266849833,0.57,19.92,9.15343843195,0.417980258,30.0,1.0,,,0.9999999999999992,1.0,21.1391971668482,1.81641041,1.71180493,-11.56174243,0.0558728783735392,1.9735467696476e-05,0.20990124986338,0.04142632533729,33.58,16.51,Ag_13,-2.24,22.0,Ag_13_1ao6.dlg,-2.9479031755003704,2.9479031755003704,0.7264062428081293,-0.7264062428081293,2.221496932692241,1.1107484663461205
Folic_acid,1ao6,-9.21,586.5180000000014,586.1771890320008,-1.4904999999999935,288.79,8,13,14,42,68,0.2916666666666667,3,0,45.6601916686383,22.52697666071031,10.876580172039011,13.505065046834044,271.6329019718076,0.5169365746834932,0.9797422752520067,0.0002768195781659,0.2002625129274591,0.9072582828167504,3277.435392495883,14847.913185408486,16365.695928738622,5.422474307301128,0.1813124595418209,30.0,0.0333333333333333,3.5133804493948003e-16,0.27627871470198,3.5133804493948003e-16,19.92,0.57,3.866177089382536,-3.3959303170152,17.743266849833,17.743266849833,0.57,19.92,9.15343843195,0.417980258,30.0,1.0,,,0.9999999999999992,1.0,21.1391971668482,1.81641041,1.71180493,-11.56174243,0.0558728783735392,1.9735467696476e-05,0.20990124986338,0.04142632533729,33.58,16.51,Au_13,-2.34,22.0,Au_13_1ao6.dlg,-2.9479031755003704,2.9479031755003704,0.6876301088504001,-0.6876301088504001,2.26027306664997,1.130136533324985
Folic_acid,1ao6,-9.21,586.5180000000014,586.1771890320008,-1.4904999999999935,288.79,8,13,14,42,68,0.2916666666666667,3,0,45.6601916686383,22.52697666071031,10.876580172039011,13.505065046834044,271.6329019718076,0.5169365746834932,0.9797422752520067,0.0002768195781659,0.2002625129274591,0.9072582828167504,3277.435392495883,14847.913185408486,16365.695928738622,5.422474307301128,0.1813124595418209,30.0,0.0333333333333333,3.5133804493948003e-16,0.27627871470198,3.5133804493948003e-16,19.92,0.57,3.866177089382536,-3.3959303170152,17.743266849833,17.743266849833,0.57,19.92,9.15343843195,0.417980258,30.0,1.0,,,0.9999999999999992,1.0,21.1391971668482,1.81641041,1.71180493,-11.56174243,0.0558728783735392,1.9735467696476e-05,0.20990124986338,0.04142632533729,33.58,16.51,ZnO_12_0,-7.76,22.0,ZnO_12_0_1ao6.dlg,-2.9479031755003704,2.9479031755003704,-1.4140363516585295,1.4140363516585295,4.3619395271589,2.18096976357945
Folic_acid,1hzh,-8.75,586.5180000000014,586.1771890320008,-1.4904999999999935,288.79,8,13,14,42,68,0.2916666666666667,3,0,45.6601916686383,22.52697666071031,10.876580172039011,13.505065046834044,271.6329019718076,0.5169365746834932,0.9797422752520067,0.0002768195781659,0.2002625129274591,0.9072582828167504,3277.435392495883,14847.913185408486,16365.695928738622,5.422474307301128,0.1813124595418209,30.0,0.0333333333333333,3.5133804493948003e-16,0.27627871470198,3.5133804493948003e-16,19.92,0.57,3.866177089382536,-3.3959303170152,17.743266849833,17.743266849833,0.57,19.92,9.15343843195,0.417980258,30.0,1.0,,,0.9999999999999992,1.0,21.1391971668482,1.81641041,1.71180493,-11.56174243,0.0558728783735392,1.9735467696476e-05,0.20990124986338,0.04142632533729,33.58,16.51,Ag_13,-2.13,20.0,Ag_13_1hzh.dlg,-2.812007457557419,2.812007457557419,0.7050874408894409,-0.7050874408894409,2.1069200166679782,1.0534600083339891
Folic_acid,1hzh,-8.75,586.5180000000014,586.1771890320008,-1.4904999999999935,288.79,8,13,14,42,68,0.2916666666666667,3,0,45.6601916686383,22.52697666071031,10.876580172039011,13.505065046834044,271.6329019718076,0.5169365746834932,0.9797422752520067,0.0002768195781659,0.2002625129274591,0.9072582828167504,3277.435392495883,14847.913185408486,16365.695928738622,5.422474307301128,0.1813124595418209,30.0,0.0333333333333333,3.5133804493948003e-16,0.27627871470198,3.5133804493948003e-16,19.92,0.57,3.866177089382536,-3.3959303170152,17.743266849833,17.743266849833,0.57,19.92,9.15343843195,0.417980258,30.0,1.0,,,0.9999999999999992,1.0,21.1391971668482,1.81641041,1.71180493,-11.56174243,0.0558728783735392,1.9735467696476e-05,0.20990124986338,0.04142632533729,33.58,16.51,Au_13,-2.12,19.0,Au_13_1hzh.dlg,-2.812007457557419,2.812007457557419,0.7091242010472047,-0.7091242010472047,2.1028832565102142,1.0514416282551071
Folic_acid,1hzh,-8.75,586.5180000000014,586.1771890320008,-1.4904999999999935,288.79,8,13,14,42,68,0.2916666666666667,3,0,45.6601916686383,22.52697666071031,10.876580172039011,13.505065046834044,271.6329019718076,0.5169365746834932,0.9797422752520067,0.0002768195781659,0.2002625129274591,0.9072582828167504,3277.435392495883,14847.913185408486,16365.695928738622,5.422474307301128,0.1813124595418209,30.0,0.0333333333333333,3.5133804493948003e-16,0.27627871470198,3.5133804493948003e-16,19.92,0.57,3.866177089382536,-3.3959303170152,17.743266849833,17.743266849833,0.57,19.92,9.15343843195,0.417980258,30.0,1.0,,,0.9999999999999992,1.0,21.1391971668482,1.81641041,1.71180493,-11.56174243,0.0558728783735392,1.9735467696476e-05,0.20990124986338,0.04142632533729,33.58,16.51,ZnO_12_0,-7.38,22.0,ZnO_12_0_1hzh.dlg,-2.812007457557419,2.812007457557419,-1.4142116419366457,1.4142116419366457,4.226219099494065,2.1131095497470325
Folic_acid,2hav,-10.09,586.5180000000014,586.1771890320008,-1.4904999999999935,288.79,8,13,14,42,68,0.2916666666666667,3,0,45.6601916686383,22.52697666071031,10.876580172039011,13.505065046834044,271.6329019718076,0.5169365746834932,0.9797422752520067,0.0002768195781659,0.2002625129274591,0.9072582828167504,3277.435392495883,14847.913185408486,16365.695928738622,5.422474307301128,0.1813124595418209,30.0,0.0333333333333333,3.5133804493948003e-16,0.27627871470198,3.5133804493948003e-16,19.92,0.57,3.866177089382536,-3.3959303170152,17.743266849833,17.743266849833,0.57,19.92,9.15343843195,0.417980258,30.0,1.0,,,0.9999999999999992,1.0,21.1391971668482,1.81641041,1.71180493,-11.56174243,0.0558728783735392,1.9735467696476e-05,0.20990124986338,0.04142632533729,33.58,16.51,Ag_13,-2.17,23.0,Ag_13_2hav.dlg,-2.959139896366932,2.959139896366932,0.7360514352688697,-0.7360514352688697,2.2230884610980626,1.1115442305490313
Folic_acid,2hav,-10.09,586.5180000000014,586.1771890320008,-1.4904999999999935,288.79,8,13,14,42,68,0.2916666666666667,3,0,45.6601916686383,22.52697666071031,10.876580172039011,13.505065046834044,271.6329019718076,0.5169365746834932,0.9797422752520067,0.0002768195781659,0.2002625129274591,0.9072582828167504,3277.435392495883,14847.913185408486,16365.695928738622,5.422474307301128,0.1813124595418209,30.0,0.0333333333333333,3.5133804493948003e-16,0.27627871470198,3.5133804493948003e-16,19.92,0.57,3.866177089382536,-3.3959303170152,17.743266849833,17.743266849833,0.57,19.92,9.15343843195,0.417980258,30.0,1.0,,,0.9999999999999992,1.0,21.1391971668482,1.81641041,1.71180493,-11.56174243,0.0558728783735392,1.9735467696476e-05,0.20990124986338,0.04142632533729,33.58,16.51,Au_13,-2.34,21.0,Au_13_2hav.dlg,-2.959139896366932,2.959139896366932,0.6777616476932294,-0.6777616476932294,2.2813782486737026,1.1406891243368513
Folic_acid,2hav,-10.09,586.5180000000014,586.1771890320008,-1.4904999999999935,288.79,8,13,14,42,68,0.2916666666666667,3,0,45.6601916686383,22.52697666071031,10.876580172039011,13.505065046834044,271.6329019718076,0.5169365746834932,0.9797422752520067,0.0002768195781659,0.2002625129274591,0.9072582828167504,3277.435392495883,14847.913185408486,16365.695928738622,5.422474307301128,0.1813124595418209,30.0,0.0333333333333333,3.5133804493948003e-16,0.27627871470198,3.5133804493948003e-16,19.92,0.57,3.866177089382536,-3.3959303170152,17.743266849833,17.743266849833,0.57,19.92,9.15343843195,0.417980258,30.0,1.0,,,0.9999999999999992,1.0,21.1391971668482,1.81641041,1.71180493,-11.56174243,0.0558728783735392,1.9735467696476e-05,0.20990124986338,0.04142632533729,33.58,16.51,ZnO_12_0,-8.44,21.0,ZnO_12_0_2hav.dlg,-2.959139896366932,2.959139896366932,-1.4138130829620992,1.4138130829620992,4.372952979329032,2.186476489664516
Folic_acid,3ghg,-7.912,586.5180000000014,586.1771890320008,-1.4904999999999935,288.79,8,13,14,42,68,0.2916666666666667,3,0,45.6601916686383,22.52697666071031,10.876580172039011,13.505065046834044,271.6329019718076,0.5169365746834932,0.9797422752520067,0.0002768195781659,0.2002625129274591,0.9072582828167504,3277.435392495883,14847.913185408486,16365.695928738622,5.422474307301128,0.1813124595418209,30.0,0.0333333333333333,3.5133804493948003e-16,0.27627871470198,3.5133804493948003e-16,19.92,0.57,3.866177089382536,-3.3959303170152,17.743266849833,17.743266849833,0.57,19.92,9.15343843195,0.417980258,30.0,1.0,,,0.9999999999999992,1.0,21.1391971668482,1.81641041,1.71180493,-11.56174243,0.0558728783735392,1.9735467696476e-05,0.20990124986338,0.04142632533729,33.58,16.51,,,,,-2.54262701572756,2.54262701572756,,,,
Gemcitabine,1ao6,-6.74,281.18999999999977,281.0623404600003,-1.1495000000000002,110.6,3,6,5,19,29,0.5555555555555556,2,0,18.608527367383008,9.140131994101012,5.770704907477396,4.47217001529447,117.9387405085825,0.3837358317502708,0.9603352292945708,0.0012210656002787,0.2788480722109152,0.8647725317022794,708.2113618669227,2196.327654432336,2539.774997372926,3.111405745934883,0.1797693321909345,30.0,0.0333333333333336,5.0417047431441e-11,0.17586492454623,5.0417047431441e-11,22.2,0.57,2.076503387700636,-1.993651959734,11.548779370057,11.548779370057,0.57,22.2,8.276142376573167,0.00987403729,30.0,1.0,,,1.00000000000001,1.0,13.542431329791,0.98903561,0.88443013,-6.65148096,0.1876424025510437,6.4540035239343e-05,0.7125948850861,0.12779368960956,33.58,16.51,Ag_13,-2.24,22.0,Ag_13_1ao6.dlg,-1.2963648551352636,1.2963648551352636,0.7264062428081293,-0.7264062428081293,0.5699586123271343,0.28497930616356715
Gemcitabine,1ao6,-6.74,281.18999999999977,281.0623404600003,-1.1495000000000002,110.6,3,6,5,19,29,0.5555555555555556,2,0,18.608527367383008,9.140131994101012,5.770704907477396,4.47217001529447,117.9387405085825,0.3837358317502708,0.9603352292945708,0.0012210656002787,0.2788480722109152,0.8647725317022794,708.2113618669227,2196.327654432336,2539.774997372926,3.111405745934883,0.1797693321909345,30.0,0.0333333333333336,5.0417047431441e-11,0.17586492454623,5.0417047431441e-11,22.2,0.57,2.076503387700636,-1.993651959734,11.548779370057,11.548779370057,0.57,22.2,8.276142376573167,0.00987403729,30.0,1.0,,,1.00000000000001,1.0,13.542431329791,0.98903561,0.88443013,-6.65148096,0.1876424025510437,6.4540035239343e-05,0.7125948850861,0.12779368960956,33.58,16.51,Au_13,-2.34,22.0,Au_13_1ao6.dlg,-1.2963648551352636,1.2963648551352636,0.6876301088504001,-0.6876301088504001,0.6087347462848635,0.30436737314243173
Gemcitabine,1ao6,-6.74,281.18999999999977,281.0623404600003,-1.1495000000000002,110.6,3,6,5,19,29,0.5555555555555556,2,0,18.608527367383008,9.140131994101012,5.770704907477396,4.47217001529447,117.9387405085825,0.3837358317502708,0.9603352292945708,0.0012210656002787,0.2788480722109152,0.8647725317022794,708.2113618669227,2196.327654432336,2539.774997372926,3.111405745934883,0.1797693321909345,30.0,0.0333333333333336,5.0417047431441e-11,0.17586492454623,5.0417047431441e-11,22.2,0.57,2.076503387700636,-1.993651959734,11.548779370057,11.548779370057,0.57,22.2,8.276142376573167,0.00987403729,30.0,1.0,,,1.00000000000001,1.0,13.542431329791,0.98903561,0.88443013,-6.65148096,0.1876424025510437,6.4540035239343e-05,0.7125948850861,0.12779368960956,33.58,16.51,ZnO_12_0,-7.76,22.0,ZnO_12_0_1ao6.dlg,-1.2963648551352636,1.2963648551352636,-1.4140363516585295,1.4140363516585295,2.710401206793793,1.3552006033968964
Gemcitabine,1hzh,-6.985,281.18999999999977,281.0623404600003,-1.1495000000000002,110.6,3,6,5,19,29,0.5555555555555556,2,0,18.608527367383008,9.140131994101012,5.770704907477396,4.47217001529447,117.9387405085825,0.3837358317502708,0.9603352292945708,0.0012210656002787,0.2788480722109152,0.8647725317022794,708.2113618669227,2196.327654432336,2539.774997372926,3.111405745934883,0.1797693321909345,30.0,0.0333333333333336,5.0417047431441e-11,0.17586492454623,5.0417047431441e-11,22.2,0.57,2.076503387700636,-1.993651959734,11.548779370057,11.548779370057,0.57,22.2,8.276142376573167,0.00987403729,30.0,1.0,,,1.00000000000001,1.0,13.542431329791,0.98903561,0.88443013,-6.65148096,0.1876424025510437,6.4540035239343e-05,0.7125948850861,0.12779368960956,33.58,16.51,Ag_13,-2.13,20.0,Ag_13_1hzh.dlg,-1.5846350005321026,1.5846350005321026,0.7050874408894409,-0.7050874408894409,0.8795475596426617,0.43977377982133087
Gemcitabine,1hzh,-6.985,281.18999999999977,281.0623404600003,-1.1495000000000002,110.6,3,6,5,19,29,0.5555555555555556,2,0,18.608527367383008,9.140131994101012,5.770704907477396,4.47217001529447,117.9387405085825,0.3837358317502708,0.9603352292945708,0.0012210656002787,0.2788480722109152,0.8647725317022794,708.2113618669227,2196.327654432336,2539.774997372926,3.111405745934883,0.1797693321909345,30.0,0.0333333333333336,5.0417047431441e-11,0.17586492454623,5.0417047431441e-11,22.2,0.57,2.076503387700636,-1.993651959734,11.548779370057,11.548779370057,0.57,22.2,8.276142376573167,0.00987403729,30.0,1.0,,,1.00000000000001,1.0,13.542431329791,0.98903561,0.88443013,-6.65148096,0.1876424025510437,6.4540035239343e-05,0.7125948850861,0.12779368960956,33.58,16.51,Au_13,-2.12,19.0,Au_13_1hzh.dlg,-1.5846350005321026,1.5846350005321026,0.7091242010472047,-0.7091242010472047,0.8755107994848979,0.4377553997424489
Gemcitabine,1hzh,-6.985,281.18999999999977,281.0623404600003,-1.1495000000000002,110.6,3,6,5,19,29,0.5555555555555556,2,0,18.608527367383008,9.140131994101012,5.770704907477396,4.47217001529447,117.9387405085825,0.3837358317502708,0.9603352292945708,0.0012210656002787,0.2788480722109152,0.8647725317022794,708.2113618669227,2196.327654432336,2539.774997372926,3.111405745934883,0.1797693321909345,30.0,0.0333333333333336,5.0417047431441e-11,0.17586492454623,5.0417047431441e-11,22.2,0.57,2.076503387700636,-1.993651959734,11.548779370057,11.548779370057,0.57,22.2,8.276142376573167,0.00987403729,30.0,1.0,,,1.00000000000001,1.0,13.542431329791,0.98903561,0.88443013,-6.65148096,0.1876424025510437,6.4540035239343e-05,0.7125948850861,0.12779368960956,33.58,16.51,ZnO_12_0,-7.38,22.0,ZnO_12_0_1hzh.dlg,-1.5846350005321026,1.5846350005321026,-1.4142116419366457,1.4142116419366457,2.9988466424687483,1.4994233212343742
Gemcitabine,2hav,-7.323,281.18999999999977,281.0623404600003,-1.1495000000000002,110.6,3,6,5,19,29,0.5555555555555556,2,0,18.608527367383008,9.140131994101012,5.770704907477396,4.47217001529447,117.9387405085825,0.3837358317502708,0.9603352292945708,0.0012210656002787,0.2788480722109152,0.8647725317022794,708.2113618669227,2196.327654432336,2539.774997372926,3.111405745934883,0.1797693321909345,30.0,0.0333333333333336,5.0417047431441e-11,0.17586492454623,5.0417047431441e-11,22.2,0.57,2.076503387700636,-1.993651959734,11.548779370057,11.548779370057,0.57,22.2,8.276142376573167,0.00987403729,30.0,1.0,,,1.00000000000001,1.0,13.542431329791,0.98903561,0.88443013,-6.65148096,0.1876424025510437,6.4540035239343e-05,0.7125948850861,0.12779368960956,33.58,16.51,Ag_13,-2.17,23.0,Ag_13_2hav.dlg,-1.3015735115548697,1.3015735115548697,0.7360514352688697,-0.7360514352688697,0.5655220762859999,0.28276103814299997
Gemcitabine,2hav,-7.323,281.18999999999977,281.0623404600003,-1.1495000000000002,110.6,3,6,5,19,29,0.5555555555555556,2,0,18.608527367383008,9.140131994101012,5.770704907477396,4.47217001529447,117.9387405085825,0.3837358317502708,0.9603352292945708,0.0012210656002787,0.2788480722109152,0.8647725317022794,708.2113618669227,2196.327654432336,2539.774997372926,3.111405745934883,0.1797693321909345,30.0,0.0333333333333336,5.0417047431441e-11,0.17586492454623,5.0417047431441e-11,22.2,0.57,2.076503387700636,-1.993651959734,11.548779370057,11.548779370057,0.57,22.2,8.276142376573167,0.00987403729,30.0,1.0,,,1.00000000000001,1.0,13.542431329791,0.98903561,0.88443013,-6.65148096,0.1876424025510437,6.4540035239343e-05,0.7125948850861,0.12779368960956,33.58,16.51,Au_13,-2.34,21.0,Au_13_2hav.dlg,-1.3015735115548697,1.3015735115548697,0.6777616476932294,-0.6777616476932294,0.6238118638616402,0.3119059319308201
Gemcitabine,2hav,-7.323,281.18999999999977,281.0623404600003,-1.1495000000000002,110.6,3,6,5,19,29,0.5555555555555556,2,0,18.608527367383008,9.140131994101012,5.770704907477396,4.47217001529447,117.9387405085825,0.3837358317502708,0.9603352292945708,0.0012210656002787,0.2788480722109152,0.8647725317022794,708.2113618669227,2196.327654432336,2539.774997372926,3.111405745934883,0.1797693321909345,30.0,0.0333333333333336,5.0417047431441e-11,0.17586492454623,5.0417047431441e-11,22.2,0.57,2.076503387700636,-1.993651959734,11.548779370057,11.548779370057,0.57,22.2,8.276142376573167,0.00987403729,30.0,1.0,,,1.00000000000001,1.0,13.542431329791,0.98903561,0.88443013,-6.65148096,0.1876424025510437,6.4540035239343e-05,0.7125948850861,0.12779368960956,33.58,16.51,ZnO_12_0,-8.44,21.0,ZnO_12_0_2hav.dlg,-1.3015735115548697,1.3015735115548697,-1.4138130829620992,1.4138130829620992,2.7153865945169686,1.3576932972584843
Gemcitabine,3ghg,-6.097,281.18999999999977,281.0623404600003,-1.1495000000000002,110.6,3,6,5,19,29,0.5555555555555556,2,0,18.608527367383008,9.140131994101012,5.770704907477396,4.47217001529447,117.9387405085825,0.3837358317502708,0.9603352292945708,0.0012210656002787,0.2788480722109152,0.8647725317022794,708.2113618669227,2196.327654432336,2539.774997372926,3.111405745934883,0.1797693321909345,30.0,0.0333333333333336,5.0417047431441e-11,0.17586492454623,5.0417047431441e-11,22.2,0.57,2.076503387700636,-1.993651959734,11.548779370057,11.548779370057,0.57,22.2,8.276142376573167,0.00987403729,30.0,1.0,,,1.00000000000001,1.0,13.542431329791,0.98903561,0.88443013,-6.65148096,0.1876424025510437,6.4540035239343e-05,0.7125948850861,0.12779368960956,33.58,16.51,,,,,-1.2222069775171107,1.2222069775171107,,,,
Glutathione_GSH,1ao6,-5.991,307.3279999999997,307.08380626400043,-2.206099999999998,158.82,6,8,11,20,37,0.6,0,0,26.199378819746915,12.310502258764837,4.598182993356211,9.15071374245247,143.82392910546153,0.6247059972773082,0.9891312661868846,0.0012136081047458,0.1470351599160231,0.9434449964841573,777.3885101745998,4988.081086642017,5287.092628855527,4.240483929246642,0.1367537794173905,30.0,0.0333333333333332,2.2138128013082e-11,0.12447414577972,2.2138128013082e-11,19.92,0.57,3.215515409828241,-1.0736232214739,12.76305065714,12.76305065714,0.57,19.92,8.293568142406667,0.0467856614,30.0,1.0,,,0.999999999999998,1.0,13.8366738786139,0.38948947,0.28488399,-7.74766745,0.1462161701362095,5.1767627858622e-05,0.55393236230948,0.096169001110236,33.58,16.51,Ag_13,-2.24,22.0,Ag_13_1ao6.dlg,-0.7955542470569373,0.7955542470569373,0.7264062428081293,-0.7264062428081293,0.06914800424880807,0.034574002124404035
Glutathione_GSH,1ao6,-5.991,307.3279999999997,307.08380626400043,-2.206099999999998,158.82,6,8,11,20,37,0.6,0,0,26.199378819746915,12.310502258764837,4.598182993356211,9.15071374245247,143.82392910546153,0.6247059972773082,0.9891312661868846,0.0012136081047458,0.1470351599160231,0.9434449964841573,777.3885101745998,4988.081086642017,5287.092628855527,4.240483929246642,0.1367537794173905,30.0,0.0333333333333332,2.2138128013082e-11,0.12447414577972,2.2138128013082e-11,19.92,0.57,3.215515409828241,-1.0736232214739,12.76305065714,12.76305065714,0.57,19.92,8.293568142406667,0.0467856614,30.0,1.0,,,0.999999999999998,1.0,13.8366738786139,0.38948947,0.28488399,-7.74766745,0.1462161701362095,5.1767627858622e-05,0.55393236230948,0.096169001110236,33.58,16.51,Au_13,-2.34,22.0,Au_13_1ao6.dlg,-0.7955542470569373,0.7955542470569373,0.6876301088504001,-0.6876301088504001,0.10792413820653723,0.05396206910326862
Glutathione_GSH,1ao6,-5.991,307.3279999999997,307.08380626400043,-2.206099999999998,158.82,6,8,11,20,37,0.6,0,0,26.199378819746915,12.310502258764837,4.598182993356211,9.15071374245247,143.82392910546153,0.6247059972773082,0.9891312661868846,0.0012136081047458,0.1470351599160231,0.9434449964841573,777.3885101745998,4988.081086642017,5287.092628855527,4.240483929246642,0.1367537794173905,30.0,0.0333333333333332,2.2138128013082e-11,0.12447414577972,2.2138128013082e-11,19.92,0.57,3.215515409828241,-1.0736232214739,12.76305065714,12.76305065714,0.57,19.92,8.293568142406667,0.0467856614,30.0,1.0,,,0.999999999999998,1.0,13.8366738786139,0.38948947,0.28488399,-7.74766745,0.1462161701362095,5.1767627858622e-05,0.55393236230948,0.096169001110236,33.58,16.51,ZnO_12_0,-7.76,22.0,ZnO_12_0_1ao6.dlg,-0.7955542470569373,0.7955542470569373,-1.4140363516585295,1.4140363516585295,2.209590598715467,1.1047952993577335
Glutathione_GSH,1hzh,-5.569,307.3279999999997,307.08380626400043,-2.206099999999998,158.82,6,8,11,20,37,0.6,0,0,26.199378819746915,12.310502258764837,4.598182993356211,9.15071374245247,143.82392910546153,0.6247059972773082,0.9891312661868846,0.0012136081047458,0.1470351599160231,0.9434449964841573,777.3885101745998,4988.081086642017,5287.092628855527,4.240483929246642,0.1367537794173905,30.0,0.0333333333333332,2.2138128013082e-11,0.12447414577972,2.2138128013082e-11,19.92,0.57,3.215515409828241,-1.0736232214739,12.76305065714,12.76305065714,0.57,19.92,8.293568142406667,0.0467856614,30.0,1.0,,,0.999999999999998,1.0,13.8366738786139,0.38948947,0.28488399,-7.74766745,0.1462161701362095,5.1767627858622e-05,0.55393236230948,0.096169001110236,33.58,16.51,Ag_13,-2.13,20.0,Ag_13_1hzh.dlg,-0.5999554542726984,0.5999554542726984,0.7050874408894409,-0.7050874408894409,-0.1051319866167425,-0.05256599330837125
Glutathione_GSH,1hzh,-5.569,307.3279999999997,307.08380626400043,-2.206099999999998,158.82,6,8,11,20,37,0.6,0,0,26.199378819746915,12.310502258764837,4.598182993356211,9.15071374245247,143.82392910546153,0.6247059972773082,0.9891312661868846,0.0012136081047458,0.1470351599160231,0.9434449964841573,777.3885101745998,4988.081086642017,5287.092628855527,4.240483929246642,0.1367537794173905,30.0,0.0333333333333332,2.2138128013082e-11,0.12447414577972,2.2138128013082e-11,19.92,0.57,3.215515409828241,-1.0736232214739,12.76305065714,12.76305065714,0.57,19.92,8.293568142406667,0.0467856614,30.0,1.0,,,0.999999999999998,1.0,13.8366738786139,0.38948947,0.28488399,-7.74766745,0.1462161701362095,5.1767627858622e-05,0.55393236230948,0.096169001110236,33.58,16.51,Au_13,-2.12,19.0,Au_13_1hzh.dlg,-0.5999554542726984,0.5999554542726984,0.7091242010472047,-0.7091242010472047,-0.10916874677450639,-0.05458437338725319
Glutathione_GSH,1hzh,-5.569,307.3279999999997,307.08380626400043,-2.206099999999998,158.82,6,8,11,20,37,0.6,0,0,26.199378819746915,12.310502258764837,4.598182993356211,9.15071374245247,143.82392910546153,0.6247059972773082,0.9891312661868846,0.0012136081047458,0.1470351599160231,0.9434449964841573,777.3885101745998,4988.081086642017,5287.092628855527,4.240483929246642,0.1367537794173905,30.0,0.0333333333333332,2.2138128013082e-11,0.12447414577972,2.2138128013082e-11,19.92,0.57,3.215515409828241,-1.0736232214739,12.76305065714,12.76305065714,0.57,19.92,8.293568142406667,0.0467856614,30.0,1.0,,,0.999999999999998,1.0,13.8366738786139,0.38948947,0.28488399,-7.74766745,0.1462161701362095,5.1767627858622e-05,0.55393236230948,0.096169001110236,33.58,16.51,ZnO_12_0,-7.38,22.0,ZnO_12_0_1hzh.dlg,-0.5999554542726984,0.5999554542726984,-1.4142116419366457,1.4142116419366457,2.014167096209344,1.007083548104672
Glutathione_GSH,2hav,-6.666,307.3279999999997,307.08380626400043,-2.206099999999998,158.82,6,8,11,20,37,0.6,0,0,26.199378819746915,12.310502258764837,4.598182993356211,9.15071374245247,143.82392910546153,0.6247059972773082,0.9891312661868846,0.0012136081047458,0.1470351599160231,0.9434449964841573,777.3885101745998,4988.081086642017,5287.092628855527,4.240483929246642,0.1367537794173905,30.0,0.0333333333333332,2.2138128013082e-11,0.12447414577972,2.2138128013082e-11,19.92,0.57,3.215515409828241,-1.0736232214739,12.76305065714,12.76305065714,0.57,19.92,8.293568142406667,0.0467856614,30.0,1.0,,,0.999999999999998,1.0,13.8366738786139,0.38948947,0.28488399,-7.74766745,0.1462161701362095,5.1767627858622e-05,0.55393236230948,0.096169001110236,33.58,16.51,Ag_13,-2.17,23.0,Ag_13_2hav.dlg,-0.9079988404954098,0.9079988404954098,0.7360514352688697,-0.7360514352688697,0.17194740522654006,0.08597370261327003
Glutathione_GSH,2hav,-6.666,307.3279999999997,307.08380626400043,-2.206099999999998,158.82,6,8,11,20,37,0.6,0,0,26.199378819746915,12.310502258764837,4.598182993356211,9.15071374245247,143.82392910546153,0.6247059972773082,0.9891312661868846,0.0012136081047458,0.1470351599160231,0.9434449964841573,777.3885101745998,4988.081086642017,5287.092628855527,4.240483929246642,0.1367537794173905,30.0,0.0333333333333332,2.2138128013082e-11,0.12447414577972,2.2138128013082e-11,19.92,0.57,3.215515409828241,-1.0736232214739,12.76305065714,12.76305065714,0.57,19.92,8.293568142406667,0.0467856614,30.0,1.0,,,0.999999999999998,1.0,13.8366738786139,0.38948947,0.28488399,-7.74766745,0.1462161701362095,5.1767627858622e-05,0.55393236230948,0.096169001110236,33.58,16.51,Au_13,-2.34,21.0,Au_13_2hav.dlg,-0.9079988404954098,0.9079988404954098,0.6777616476932294,-0.6777616476932294,0.23023719280218036,0.11511859640109018
Glutathione_GSH,2hav,-6.666,307.3279999999997,307.08380626400043,-2.206099999999998,158.82,6,8,11,20,37,0.6,0,0,26.199378819746915,12.310502258764837,4.598182993356211,9.15071374245247,143.82392910546153,0.6247059972773082,0.9891312661868846,0.0012136081047458,0.1470351599160231,0.9434449964841573,777.3885101745998,4988.081086642017,5287.092628855527,4.240483929246642,0.1367537794173905,30.0,0.0333333333333332,2.2138128013082e-11,0.12447414577972,2.2138128013082e-11,19.92,0.57,3.215515409828241,-1.0736232214739,12.76305065714,12.76305065714,0.57,19.92,8.293568142406667,0.0467856614,30.0,1.0,,,0.999999999999998,1.0,13.8366738786139,0.38948947,0.28488399,-7.74766745,0.1462161701362095,5.1767627858622e-05,0.55393236230948,0.096169001110236,33.58,16.51,ZnO_12_0,-8.44,21.0,ZnO_12_0_2hav.dlg,-0.9079988404954098,0.9079988404954098,-1.4138130829620992,1.4138130829620992,2.321811923457509,1.1609059617287545
Glutathione_GSH,3ghg,-5.348,307.3279999999997,307.08380626400043,-2.206099999999998,158.82,6,8,11,20,37,0.6,0,0,26.199378819746915,12.310502258764837,4.598182993356211,9.15071374245247,143.82392910546153,0.6247059972773082,0.9891312661868846,0.0012136081047458,0.1470351599160231,0.9434449964841573,777.3885101745998,4988.081086642017,5287.092628855527,4.240483929246642,0.1367537794173905,30.0,0.0333333333333332,2.2138128013082e-11,0.12447414577972,2.2138128013082e-11,19.92,0.57,3.215515409828241,-1.0736232214739,12.76305065714,12.76305065714,0.57,19.92,8.293568142406667,0.0467856614,30.0,1.0,,,0.999999999999998,1.0,13.8366738786139,0.38948947,0.28488399,-7.74766745,0.1462161701362095,5.1767627858622e-05,0.55393236230948,0.096169001110236,33.58,16.51,,,,,-0.6773063667073987,0.6773063667073987,,,,
HEPES,1ao6,-5.595,250.3640000000001,250.135113564,1.3711,66.51,1,3,7,16,38,1.0,1,0,29.52742035285537,14.45401322219567,2.5468813179678063,6.1826982557872885,130.60249714014995,0.5747155041546312,0.9853992263709396,0.0017684857355645,0.1702596977195542,0.907494362491453,513.1476857526044,2735.1078275322307,3013.911645713381,3.5364000621274267,0.2103821129757224,30.0,0.0333333333333332,2.190531306323e-06,0.21385504660153,2.190531306323e-06,15.37,0.57,-1.5274115739656946,-4.5266046066292,2.5543687884219,2.5543687884219,0.57,15.37,8.297574977028333,0.0071463424,30.0,1.0,,,0.999999999999998,1.0,7.0809733950511,2.72992029,2.6253148,-0.44049841,0.1701557211721069,5.9225170651575e-05,0.64688830631567,0.1128881510867,33.58,16.51,Ag_13,-2.24,22.0,Ag_13_1ao6.dlg,-0.530773204601641,0.530773204601641,0.7264062428081293,-0.7264062428081293,-0.19563303820648825,-0.09781651910324413
HEPES,1ao6,-5.595,250.3640000000001,250.135113564,1.3711,66.51,1,3,7,16,38,1.0,1,0,29.52742035285537,14.45401322219567,2.5468813179678063,6.1826982557872885,130.60249714014995,0.5747155041546312,0.9853992263709396,0.0017684857355645,0.1702596977195542,0.907494362491453,513.1476857526044,2735.1078275322307,3013.911645713381,3.5364000621274267,0.2103821129757224,30.0,0.0333333333333332,2.190531306323e-06,0.21385504660153,2.190531306323e-06,15.37,0.57,-1.5274115739656946,-4.5266046066292,2.5543687884219,2.5543687884219,0.57,15.37,8.297574977028333,0.0071463424,30.0,1.0,,,0.999999999999998,1.0,7.0809733950511,2.72992029,2.6253148,-0.44049841,0.1701557211721069,5.9225170651575e-05,0.64688830631567,0.1128881510867,33.58,16.51,Au_13,-2.34,22.0,Au_13_1ao6.dlg,-0.530773204601641,0.530773204601641,0.6876301088504001,-0.6876301088504001,-0.1568569042487591,-0.07842845212437954
HEPES,1ao6,-5.595,250.3640000000001,250.135113564,1.3711,66.51,1,3,7,16,38,1.0,1,0,29.52742035285537,14.45401322219567,2.5468813179678063,6.1826982557872885,130.60249714014995,0.5747155041546312,0.9853992263709396,0.0017684857355645,0.1702596977195542,0.907494362491453,513.1476857526044,2735.1078275322307,3013.911645713381,3.5364000621274267,0.2103821129757224,30.0,0.0333333333333332,2.190531306323e-06,0.21385504660153,2.190531306323e-06,15.37,0.57,-1.5274115739656946,-4.5266046066292,2.5543687884219,2.5543687884219,0.57,15.37,8.297574977028333,0.0071463424,30.0,1.0,,,0.999999999999998,1.0,7.0809733950511,2.72992029,2.6253148,-0.44049841,0.1701557211721069,5.9225170651575e-05,0.64688830631567,0.1128881510867,33.58,16.51,ZnO_12_0,-7.76,22.0,ZnO_12_0_1ao6.dlg,-0.530773204601641,0.530773204601641,-1.4140363516585295,1.4140363516585295,1.9448095562601706,0.9724047781300853
HEPES,1hzh,-5.747,250.3640000000001,250.135113564,1.3711,66.51,1,3,7,16,38,1.0,1,0,29.52742035285537,14.45401322219567,2.5468813179678063,6.1826982557872885,130.60249714014995,0.5747155041546312,0.9853992263709396,0.0017684857355645,0.1702596977195542,0.907494362491453,513.1476857526044,2735.1078275322307,3013.911645713381,3.5364000621274267,0.2103821129757224,30.0,0.0333333333333332,2.190531306323e-06,0.21385504660153,2.190531306323e-06,15.37,0.57,-1.5274115739656946,-4.5266046066292,2.5543687884219,2.5543687884219,0.57,15.37,8.297574977028333,0.0071463424,30.0,1.0,,,0.999999999999998,1.0,7.0809733950511,2.72992029,2.6253148,-0.44049841,0.1701557211721069,5.9225170651575e-05,0.64688830631567,0.1128881510867,33.58,16.51,Ag_13,-2.13,20.0,Ag_13_1hzh.dlg,-0.7237357927149115,0.7237357927149115,0.7050874408894409,-0.7050874408894409,0.018648351825470644,0.009324175912735322
HEPES,1hzh,-5.747,250.3640000000001,250.135113564,1.3711,66.51,1,3,7,16,38,1.0,1,0,29.52742035285537,14.45401322219567,2.5468813179678063,6.1826982557872885,130.60249714014995,0.5747155041546312,0.9853992263709396,0.0017684857355645,0.1702596977195542,0.907494362491453,513.1476857526044,2735.1078275322307,3013.911645713381,3.5364000621274267,0.2103821129757224,30.0,0.0333333333333332,2.190531306323e-06,0.21385504660153,2.190531306323e-06,15.37,0.57,-1.5274115739656946,-4.5266046066292,2.5543687884219,2.5543687884219,0.57,15.37,8.297574977028333,0.0071463424,30.0,1.0,,,0.999999999999998,1.0,7.0809733950511,2.72992029,2.6253148,-0.44049841,0.1701557211721069,5.9225170651575e-05,0.64688830631567,0.1128881510867,33.58,16.51,Au_13,-2.12,19.0,Au_13_1hzh.dlg,-0.7237357927149115,0.7237357927149115,0.7091242010472047,-0.7091242010472047,0.014611591667706758,0.007305795833853379
HEPES,1hzh,-5.747,250.3640000000001,250.135113564,1.3711,66.51,1,3,7,16,38,1.0,1,0,29.52742035285537,14.45401322219567,2.5468813179678063,6.1826982557872885,130.60249714014995,0.5747155041546312,0.9853992263709396,0.0017684857355645,0.1702596977195542,0.907494362491453,513.1476857526044,2735.1078275322307,3013.911645713381,3.5364000621274267,0.2103821129757224,30.0,0.0333333333333332,2.190531306323e-06,0.21385504660153,2.190531306323e-06,15.37,0.57,-1.5274115739656946,-4.5266046066292,2.5543687884219,2.5543687884219,0.57,15.37,8.297574977028333,0.0071463424,30.0,1.0,,,0.999999999999998,1.0,7.0809733950511,2.72992029,2.6253148,-0.44049841,0.1701557211721069,5.9225170651575e-05,0.64688830631567,0.1128881510867,33.58,16.51,ZnO_12_0,-7.38,22.0,ZnO_12_0_1hzh.dlg,-0.7237357927149115,0.7237357927149115,-1.4142116419366457,1.4142116419366457,2.137947434651557,1.0689737173257785
HEPES,2hav,-5.867,250.3640000000001,250.135113564,1.3711,66.51,1,3,7,16,38,1.0,1,0,29.52742035285537,14.45401322219567,2.5468813179678063,6.1826982557872885,130.60249714014995,0.5747155041546312,0.9853992263709396,0.0017684857355645,0.1702596977195542,0.907494362491453,513.1476857526044,2735.1078275322307,3013.911645713381,3.5364000621274267,0.2103821129757224,30.0,0.0333333333333332,2.190531306323e-06,0.21385504660153,2.190531306323e-06,15.37,0.57,-1.5274115739656946,-4.5266046066292,2.5543687884219,2.5543687884219,0.57,15.37,8.297574977028333,0.0071463424,30.0,1.0,,,0.999999999999998,1.0,7.0809733950511,2.72992029,2.6253148,-0.44049841,0.1701557211721069,5.9225170651575e-05,0.64688830631567,0.1128881510867,33.58,16.51,Ag_13,-2.17,23.0,Ag_13_2hav.dlg,-0.4293593242450163,0.4293593242450163,0.7360514352688697,-0.7360514352688697,-0.3066921110238534,-0.1533460555119267
HEPES,2hav,-5.867,250.3640000000001,250.135113564,1.3711,66.51,1,3,7,16,38,1.0,1,0,29.52742035285537,14.45401322219567,2.5468813179678063,6.1826982557872885,130.60249714014995,0.5747155041546312,0.9853992263709396,0.0017684857355645,0.1702596977195542,0.907494362491453,513.1476857526044,2735.1078275322307,3013.911645713381,3.5364000621274267,0.2103821129757224,30.0,0.0333333333333332,2.190531306323e-06,0.21385504660153,2.190531306323e-06,15.37,0.57,-1.5274115739656946,-4.5266046066292,2.5543687884219,2.5543687884219,0.57,15.37,8.297574977028333,0.0071463424,30.0,1.0,,,0.999999999999998,1.0,7.0809733950511,2.72992029,2.6253148,-0.44049841,0.1701557211721069,5.9225170651575e-05,0.64688830631567,0.1128881510867,33.58,16.51,Au_13,-2.34,21.0,Au_13_2hav.dlg,-0.4293593242450163,0.4293593242450163,0.6777616476932294,-0.6777616476932294,-0.2484023234482131,-0.12420116172410656
HEPES,2hav,-5.867,250.3640000000001,250.135113564,1.3711,66.51,1,3,7,16,38,1.0,1,0,29.52742035285537,14.45401322219567,2.5468813179678063,6.1826982557872885,130.60249714014995,0.5747155041546312,0.9853992263709396,0.0017684857355645,0.1702596977195542,0.907494362491453,513.1476857526044,2735.1078275322307,3013.911645713381,3.5364000621274267,0.2103821129757224,30.0,0.0333333333333332,2.190531306323e-06,0.21385504660153,2.190531306323e-06,15.37,0.57,-1.5274115739656946,-4.5266046066292,2.5543687884219,2.5543687884219,0.57,15.37,8.297574977028333,0.0071463424,30.0,1.0,,,0.999999999999998,1.0,7.0809733950511,2.72992029,2.6253148,-0.44049841,0.1701557211721069,5.9225170651575e-05,0.64688830631567,0.1128881510867,33.58,16.51,ZnO_12_0,-8.44,21.0,ZnO_12_0_2hav.dlg,-0.4293593242450163,0.4293593242450163,-1.4138130829620992,1.4138130829620992,1.8431724072071156,0.9215862036035578
HEPES,3ghg,-5.338,250.3640000000001,250.135113564,1.3711,66.51,1,3,7,16,38,1.0,1,0,29.52742035285537,14.45401322219567,2.5468813179678063,6.1826982557872885,130.60249714014995,0.5747155041546312,0.9853992263709396,0.0017684857355645,0.1702596977195542,0.907494362491453,513.1476857526044,2735.1078275322307,3013.911645713381,3.5364000621274267,0.2103821129757224,30.0,0.0333333333333332,2.190531306323e-06,0.21385504660153,2.190531306323e-06,15.37,0.57,-1.5274115739656946,-4.5266046066292,2.5543687884219,2.5543687884219,0.57,15.37,8.297574977028333,0.0071463424,30.0,1.0,,,0.999999999999998,1.0,7.0809733950511,2.72992029,2.6253148,-0.44049841,0.1701557211721069,5.9225170651575e-05,0.64688830631567,0.1128881510867,33.58,16.51,,,,,-0.6700313251745589,0.6700313251745589,,,,
Histidine,1ao6,-4.95,155.15700000000007,155.069476528,-0.6359000000000001,92.0,3,4,4,11,20,0.3333333333333333,1,0,14.1581373674276,6.776171356177496,2.071155482694469,3.156503765422208,76.15625907025266,0.5741599718567401,0.9851346343034536,0.0055518157326405,0.17178402805791,0.9427490230155808,169.8091342392569,931.9108255466808,988.503623759554,2.595348526336026,0.3290649731355813,30.0,0.0333333333333335,6.227759993701101e-10,0.10671896908235,6.227759993701101e-10,23.34,0.57,2.597566680640465,-0.64958839633748,11.035606009146,11.035606009146,0.57,23.34,8.0211256417305,0.00149495272,30.0,1.0,,,1.0000000000000058,1.0,11.68519440548348,0.00930039,-0.09530509,-6.26609077,0.2590897294502973,8.9625290381143e-05,0.98973907327327,0.16902122228652,33.58,16.51,Ag_13,-2.24,22.0,Ag_13_1ao6.dlg,-0.09950105211763575,0.09950105211763575,0.7264062428081293,-0.7264062428081293,-0.6269051906904936,-0.3134525953452468
Histidine,1ao6,-4.95,155.15700000000007,155.069476528,-0.6359000000000001,92.0,3,4,4,11,20,0.3333333333333333,1,0,14.1581373674276,6.776171356177496,2.071155482694469,3.156503765422208,76.15625907025266,0.5741599718567401,0.9851346343034536,0.0055518157326405,0.17178402805791,0.9427490230155808,169.8091342392569,931.9108255466808,988.503623759554,2.595348526336026,0.3290649731355813,30.0,0.0333333333333335,6.227759993701101e-10,0.10671896908235,6.227759993701101e-10,23.34,0.57,2.597566680640465,-0.64958839633748,11.035606009146,11.035606009146,0.57,23.34,8.0211256417305,0.00149495272,30.0,1.0,,,1.0000000000000058,1.0,11.68519440548348,0.00930039,-0.09530509,-6.26609077,0.2590897294502973,8.9625290381143e-05,0.98973907327327,0.16902122228652,33.58,16.51,Au_13,-2.34,22.0,Au_13_1ao6.dlg,-0.09950105211763575,0.09950105211763575,0.6876301088504001,-0.6876301088504001,-0.5881290567327644,-0.2940645283663822
Histidine,1ao6,-4.95,155.15700000000007,155.069476528,-0.6359000000000001,92.0,3,4,4,11,20,0.3333333333333333,1,0,14.1581373674276,6.776171356177496,2.071155482694469,3.156503765422208,76.15625907025266,0.5741599718567401,0.9851346343034536,0.0055518157326405,0.17178402805791,0.9427490230155808,169.8091342392569,931.9108255466808,988.503623759554,2.595348526336026,0.3290649731355813,30.0,0.0333333333333335,6.227759993701101e-10,0.10671896908235,6.227759993701101e-10,23.34,0.57,2.597566680640465,-0.64958839633748,11.035606009146,11.035606009146,0.57,23.34,8.0211256417305,0.00149495272,30.0,1.0,,,1.0000000000000058,1.0,11.68519440548348,0.00930039,-0.09530509,-6.26609077,0.2590897294502973,8.9625290381143e-05,0.98973907327327,0.16902122228652,33.58,16.51,ZnO_12_0,-7.76,22.0,ZnO_12_0_1ao6.dlg,-0.09950105211763575,0.09950105211763575,-1.4140363516585295,1.4140363516585295,1.5135374037761653,0.7567687018880827
Histidine,1hzh,-5.211,155.15700000000007,155.069476528,-0.6359000000000001,92.0,3,4,4,11,20,0.3333333333333333,1,0,14.1581373674276,6.776171356177496,2.071155482694469,3.156503765422208,76.15625907025266,0.5741599718567401,0.9851346343034536,0.0055518157326405,0.17178402805791,0.9427490230155808,169.8091342392569,931.9108255466808,988.503623759554,2.595348526336026,0.3290649731355813,30.0,0.0333333333333335,6.227759993701101e-10,0.10671896908235,6.227759993701101e-10,23.34,0.57,2.597566680640465,-0.64958839633748,11.035606009146,11.035606009146,0.57,23.34,8.0211256417305,0.00149495272,30.0,1.0,,,1.0000000000000058,1.0,11.68519440548348,0.00930039,-0.09530509,-6.26609077,0.2590897294502973,8.9625290381143e-05,0.98973907327327,0.16902122228652,33.58,16.51,Ag_13,-2.13,20.0,Ag_13_1hzh.dlg,-0.3510039870686967,0.3510039870686967,0.7050874408894409,-0.7050874408894409,-0.3540834538207442,-0.1770417269103721
Histidine,1hzh,-5.211,155.15700000000007,155.069476528,-0.6359000000000001,92.0,3,4,4,11,20,0.3333333333333333,1,0,14.1581373674276,6.776171356177496,2.071155482694469,3.156503765422208,76.15625907025266,0.5741599718567401,0.9851346343034536,0.0055518157326405,0.17178402805791,0.9427490230155808,169.8091342392569,931.9108255466808,988.503623759554,2.595348526336026,0.3290649731355813,30.0,0.0333333333333335,6.227759993701101e-10,0.10671896908235,6.227759993701101e-10,23.34,0.57,2.597566680640465,-0.64958839633748,11.035606009146,11.035606009146,0.57,23.34,8.0211256417305,0.00149495272,30.0,1.0,,,1.0000000000000058,1.0,11.68519440548348,0.00930039,-0.09530509,-6.26609077,0.2590897294502973,8.9625290381143e-05,0.98973907327327,0.16902122228652,33.58,16.51,Au_13,-2.12,19.0,Au_13_1hzh.dlg,-0.3510039870686967,0.3510039870686967,0.7091242010472047,-0.7091242010472047,-0.3581202139785081,-0.17906010698925404
Histidine,1hzh,-5.211,155.15700000000007,155.069476528,-0.6359000000000001,92.0,3,4,4,11,20,0.3333333333333333,1,0,14.1581373674276,6.776171356177496,2.071155482694469,3.156503765422208,76.15625907025266,0.5741599718567401,0.9851346343034536,0.0055518157326405,0.17178402805791,0.9427490230155808,169.8091342392569,931.9108255466808,988.503623759554,2.595348526336026,0.3290649731355813,30.0,0.0333333333333335,6.227759993701101e-10,0.10671896908235,6.227759993701101e-10,23.34,0.57,2.597566680640465,-0.64958839633748,11.035606009146,11.035606009146,0.57,23.34,8.0211256417305,0.00149495272,30.0,1.0,,,1.0000000000000058,1.0,11.68519440548348,0.00930039,-0.09530509,-6.26609077,0.2590897294502973,8.9625290381143e-05,0.98973907327327,0.16902122228652,33.58,16.51,ZnO_12_0,-7.38,22.0,ZnO_12_0_1hzh.dlg,-0.3510039870686967,0.3510039870686967,-1.4142116419366457,1.4142116419366457,1.7652156290053425,0.8826078145026712
Histidine,2hav,-5.484,155.15700000000007,155.069476528,-0.6359000000000001,92.0,3,4,4,11,20,0.3333333333333333,1,0,14.1581373674276,6.776171356177496,2.071155482694469,3.156503765422208,76.15625907025266,0.5741599718567401,0.9851346343034536,0.0055518157326405,0.17178402805791,0.9427490230155808,169.8091342392569,931.9108255466808,988.503623759554,2.595348526336026,0.3290649731355813,30.0,0.0333333333333335,6.227759993701101e-10,0.10671896908235,6.227759993701101e-10,23.34,0.57,2.597566680640465,-0.64958839633748,11.035606009146,11.035606009146,0.57,23.34,8.0211256417305,0.00149495272,30.0,1.0,,,1.0000000000000058,1.0,11.68519440548348,0.00930039,-0.09530509,-6.26609077,0.2590897294502973,8.9625290381143e-05,0.98973907327327,0.16902122228652,33.58,16.51,Ag_13,-2.17,23.0,Ag_13_2hav.dlg,-0.19992386151172395,0.19992386151172395,0.7360514352688697,-0.7360514352688697,-0.5361275737571458,-0.2680637868785729
Histidine,2hav,-5.484,155.15700000000007,155.069476528,-0.6359000000000001,92.0,3,4,4,11,20,0.3333333333333333,1,0,14.1581373674276,6.776171356177496,2.071155482694469,3.156503765422208,76.15625907025266,0.5741599718567401,0.9851346343034536,0.0055518157326405,0.17178402805791,0.9427490230155808,169.8091342392569,931.9108255466808,988.503623759554,2.595348526336026,0.3290649731355813,30.0,0.0333333333333335,6.227759993701101e-10,0.10671896908235,6.227759993701101e-10,23.34,0.57,2.597566680640465,-0.64958839633748,11.035606009146,11.035606009146,0.57,23.34,8.0211256417305,0.00149495272,30.0,1.0,,,1.0000000000000058,1.0,11.68519440548348,0.00930039,-0.09530509,-6.26609077,0.2590897294502973,8.9625290381143e-05,0.98973907327327,0.16902122228652,33.58,16.51,Au_13,-2.34,21.0,Au_13_2hav.dlg,-0.19992386151172395,0.19992386151172395,0.6777616476932294,-0.6777616476932294,-0.4778377861815055,-0.23891889309075276
Histidine,2hav,-5.484,155.15700000000007,155.069476528,-0.6359000000000001,92.0,3,4,4,11,20,0.3333333333333333,1,0,14.1581373674276,6.776171356177496,2.071155482694469,3.156503765422208,76.15625907025266,0.5741599718567401,0.9851346343034536,0.0055518157326405,0.17178402805791,0.9427490230155808,169.8091342392569,931.9108255466808,988.503623759554,2.595348526336026,0.3290649731355813,30.0,0.0333333333333335,6.227759993701101e-10,0.10671896908235,6.227759993701101e-10,23.34,0.57,2.597566680640465,-0.64958839633748,11.035606009146,11.035606009146,0.57,23.34,8.0211256417305,0.00149495272,30.0,1.0,,,1.0000000000000058,1.0,11.68519440548348,0.00930039,-0.09530509,-6.26609077,0.2590897294502973,8.9625290381143e-05,0.98973907327327,0.16902122228652,33.58,16.51,ZnO_12_0,-8.44,21.0,ZnO_12_0_2hav.dlg,-0.19992386151172395,0.19992386151172395,-1.4138130829620992,1.4138130829620992,1.6137369444738232,0.8068684722369116
Histidine,3ghg,-4.574,155.15700000000007,155.069476528,-0.6359000000000001,92.0,3,4,4,11,20,0.3333333333333333,1,0,14.1581373674276,6.776171356177496,2.071155482694469,3.156503765422208,76.15625907025266,0.5741599718567401,0.9851346343034536,0.0055518157326405,0.17178402805791,0.9427490230155808,169.8091342392569,931.9108255466808,988.503623759554,2.595348526336026,0.3290649731355813,30.0,0.0333333333333335,6.227759993701101e-10,0.10671896908235,6.227759993701101e-10,23.34,0.57,2.597566680640465,-0.64958839633748,11.035606009146,11.035606009146,0.57,23.34,8.0211256417305,0.00149495272,30.0,1.0,,,1.0000000000000058,1.0,11.68519440548348,0.00930039,-0.09530509,-6.26609077,0.2590897294502973,8.9625290381143e-05,0.98973907327327,0.16902122228652,33.58,16.51,,,,,-0.11421815206558712,0.11421815206558712,,,,
L-Cysteine,1ao6,-3.76,121.16099999999996,121.019749464,-0.6719000000000002,63.32000000000001,3,4,4,7,14,0.6666666666666666,0,0,10.171958466891548,4.546903005373416,1.3868313900093312,2.872924704797209,56.638321360859855,0.1730248138726565,0.8857705335398267,0.0041807408977621,0.4641234339187914,0.778285590151479,186.1597284271027,312.17004682999385,401.0996101948074,1.9265802940362469,0.5089813050557327,30.0,0.0333333333333333,1.1486299701546e-08,0.12291630264852,1.1486299701546e-08,21.06,0.57,1.4019869786391246,-1.3948419188606,8.5810080604406,8.5810080604406,0.57,21.06,8.035247476318883,0.000420157103,30.0,1.0,,,1.0,1.0,9.9758499793012,0.68303231,0.57842683,-4.37602264,0.3174839108407185,0.0001076850554557,1.2166307759398,0.20150563518239,33.58,16.51,Ag_13,-2.24,22.0,Ag_13_1ao6.dlg,0.6961793532404522,-0.6961793532404522,0.7264062428081293,-0.7264062428081293,-1.4225855960485814,-0.7112927980242907
L-Cysteine,1ao6,-3.76,121.16099999999996,121.019749464,-0.6719000000000002,63.32000000000001,3,4,4,7,14,0.6666666666666666,0,0,10.171958466891548,4.546903005373416,1.3868313900093312,2.872924704797209,56.638321360859855,0.1730248138726565,0.8857705335398267,0.0041807408977621,0.4641234339187914,0.778285590151479,186.1597284271027,312.17004682999385,401.0996101948074,1.9265802940362469,0.5089813050557327,30.0,0.0333333333333333,1.1486299701546e-08,0.12291630264852,1.1486299701546e-08,21.06,0.57,1.4019869786391246,-1.3948419188606,8.5810080604406,8.5810080604406,0.57,21.06,8.035247476318883,0.000420157103,30.0,1.0,,,1.0,1.0,9.9758499793012,0.68303231,0.57842683,-4.37602264,0.3174839108407185,0.0001076850554557,1.2166307759398,0.20150563518239,33.58,16.51,Au_13,-2.34,22.0,Au_13_1ao6.dlg,0.6961793532404522,-0.6961793532404522,0.6876301088504001,-0.6876301088504001,-1.3838094620908523,-0.6919047310454262
L-Cysteine,1ao6,-3.76,121.16099999999996,121.019749464,-0.6719000000000002,63.32000000000001,3,4,4,7,14,0.6666666666666666,0,0,10.171958466891548,4.546903005373416,1.3868313900093312,2.872924704797209,56.638321360859855,0.1730248138726565,0.8857705335398267,0.0041807408977621,0.4641234339187914,0.778285590151479,186.1597284271027,312.17004682999385,401.0996101948074,1.9265802940362469,0.5089813050557327,30.0,0.0333333333333333,1.1486299701546e-08,0.12291630264852,1.1486299701546e-08,21.06,0.57,1.4019869786391246,-1.3948419188606,8.5810080604406,8.5810080604406,0.57,21.06,8.035247476318883,0.000420157103,30.0,1.0,,,1.0,1.0,9.9758499793012,0.68303231,0.57842683,-4.37602264,0.3174839108407185,0.0001076850554557,1.2166307759398,0.20150563518239,33.58,16.51,ZnO_12_0,-7.76,22.0,ZnO_12_0_1ao6.dlg,0.6961793532404522,-0.6961793532404522,-1.4140363516585295,1.4140363516585295,0.7178569984180773,0.35892849920903863
L-Cysteine,1hzh,-3.566,121.16099999999996,121.019749464,-0.6719000000000002,63.32000000000001,3,4,4,7,14,0.6666666666666666,0,0,10.171958466891548,4.546903005373416,1.3868313900093312,2.872924704797209,56.638321360859855,0.1730248138726565,0.8857705335398267,0.0041807408977621,0.4641234339187914,0.778285590151479,186.1597284271027,312.17004682999385,401.0996101948074,1.9265802940362469,0.5089813050557327,30.0,0.0333333333333333,1.1486299701546e-08,0.12291630264852,1.1486299701546e-08,21.06,0.57,1.4019869786391246,-1.3948419188606,8.5810080604406,8.5810080604406,0.57,21.06,8.035247476318883,0.000420157103,30.0,1.0,,,1.0,1.0,9.9758499793012,0.68303231,0.57842683,-4.37602264,0.3174839108407185,0.0001076850554557,1.2166307759398,0.20150563518239,33.58,16.51,Ag_13,-2.13,20.0,Ag_13_1hzh.dlg,0.7929210507820944,-0.7929210507820944,0.7050874408894409,-0.7050874408894409,-1.4980084916715353,-0.7490042458357676
L-Cysteine,1hzh,-3.566,121.16099999999996,121.019749464,-0.6719000000000002,63.32000000000001,3,4,4,7,14,0.6666666666666666,0,0,10.171958466891548,4.546903005373416,1.3868313900093312,2.872924704797209,56.638321360859855,0.1730248138726565,0.8857705335398267,0.0041807408977621,0.4641234339187914,0.778285590151479,186.1597284271027,312.17004682999385,401.0996101948074,1.9265802940362469,0.5089813050557327,30.0,0.0333333333333333,1.1486299701546e-08,0.12291630264852,1.1486299701546e-08,21.06,0.57,1.4019869786391246,-1.3948419188606,8.5810080604406,8.5810080604406,0.57,21.06,8.035247476318883,0.000420157103,30.0,1.0,,,1.0,1.0,9.9758499793012,0.68303231,0.57842683,-4.37602264,0.3174839108407185,0.0001076850554557,1.2166307759398,0.20150563518239,33.58,16.51,Au_13,-2.12,19.0,Au_13_1hzh.dlg,0.7929210507820944,-0.7929210507820944,0.7091242010472047,-0.7091242010472047,-1.502045251829299,-0.7510226259146495
L-Cysteine,1hzh,-3.566,121.16099999999996,121.019749464,-0.6719000000000002,63.32000000000001,3,4,4,7,14,0.6666666666666666,0,0,10.171958466891548,4.546903005373416,1.3868313900093312,2.872924704797209,56.638321360859855,0.1730248138726565,0.8857705335398267,0.0041807408977621,0.4641234339187914,0.778285590151479,186.1597284271027,312.17004682999385,401.0996101948074,1.9265802940362469,0.5089813050557327,30.0,0.0333333333333333,1.1486299701546e-08,0.12291630264852,1.1486299701546e-08,21.06,0.57,1.4019869786391246,-1.3948419188606,8.5810080604406,8.5810080604406,0.57,21.06,8.035247476318883,0.000420157103,30.0,1.0,,,1.0,1.0,9.9758499793012,0.68303231,0.57842683,-4.37602264,0.3174839108407185,0.0001076850554557,1.2166307759398,0.20150563518239,33.58,16.51,ZnO_12_0,-7.38,22.0,ZnO_12_0_1hzh.dlg,0.7929210507820944,-0.7929210507820944,-1.4142116419366457,1.4142116419366457,0.6212905911545513,0.31064529557727566
L-Cysteine,2hav,-3.864,121.16099999999996,121.019749464,-0.6719000000000002,63.32000000000001,3,4,4,7,14,0.6666666666666666,0,0,10.171958466891548,4.546903005373416,1.3868313900093312,2.872924704797209,56.638321360859855,0.1730248138726565,0.8857705335398267,0.0041807408977621,0.4641234339187914,0.778285590151479,186.1597284271027,312.17004682999385,401.0996101948074,1.9265802940362469,0.5089813050557327,30.0,0.0333333333333333,1.1486299701546e-08,0.12291630264852,1.1486299701546e-08,21.06,0.57,1.4019869786391246,-1.3948419188606,8.5810080604406,8.5810080604406,0.57,21.06,8.035247476318883,0.000420157103,30.0,1.0,,,1.0,1.0,9.9758499793012,0.68303231,0.57842683,-4.37602264,0.3174839108407185,0.0001076850554557,1.2166307759398,0.20150563518239,33.58,16.51,Ag_13,-2.17,23.0,Ag_13_2hav.dlg,0.7705342315116016,-0.7705342315116016,0.7360514352688697,-0.7360514352688697,-1.5065856667804713,-0.7532928333902357
L-Cysteine,2hav,-3.864,121.16099999999996,121.019749464,-0.6719000000000002,63.32000000000001,3,4,4,7,14,0.6666666666666666,0,0,10.171958466891548,4.546903005373416,1.3868313900093312,2.872924704797209,56.638321360859855,0.1730248138726565,0.8857705335398267,0.0041807408977621,0.4641234339187914,0.778285590151479,186.1597284271027,312.17004682999385,401.0996101948074,1.9265802940362469,0.5089813050557327,30.0,0.0333333333333333,1.1486299701546e-08,0.12291630264852,1.1486299701546e-08,21.06,0.57,1.4019869786391246,-1.3948419188606,8.5810080604406,8.5810080604406,0.57,21.06,8.035247476318883,0.000420157103,30.0,1.0,,,1.0,1.0,9.9758499793012,0.68303231,0.57842683,-4.37602264,0.3174839108407185,0.0001076850554557,1.2166307759398,0.20150563518239,33.58,16.51,Au_13,-2.34,21.0,Au_13_2hav.dlg,0.7705342315116016,-0.7705342315116016,0.6777616476932294,-0.6777616476932294,-1.448295879204831,-0.7241479396024155
L-Cysteine,2hav,-3.864,121.16099999999996,121.019749464,-0.6719000000000002,63.32000000000001,3,4,4,7,14,0.6666666666666666,0,0,10.171958466891548,4.546903005373416,1.3868313900093312,2.872924704797209,56.638321360859855,0.1730248138726565,0.8857705335398267,0.0041807408977621,0.4641234339187914,0.778285590151479,186.1597284271027,312.17004682999385,401.0996101948074,1.9265802940362469,0.5089813050557327,30.0,0.0333333333333333,1.1486299701546e-08,0.12291630264852,1.1486299701546e-08,21.06,0.57,1.4019869786391246,-1.3948419188606,8.5810080604406,8.5810080604406,0.57,21.06,8.035247476318883,0.000420157103,30.0,1.0,,,1.0,1.0,9.9758499793012,0.68303231,0.57842683,-4.37602264,0.3174839108407185,0.0001076850554557,1.2166307759398,0.20150563518239,33.58,16.51,ZnO_12_0,-8.44,21.0,ZnO_12_0_2hav.dlg,0.7705342315116016,-0.7705342315116016,-1.4138130829620992,1.4138130829620992,0.6432788514504976,0.3216394257252488
L-Cysteine,3ghg,-3.351,121.16099999999996,121.019749464,-0.6719000000000002,63.32000000000001,3,4,4,7,14,0.6666666666666666,0,0,10.171958466891548,4.546903005373416,1.3868313900093312,2.872924704797209,56.638321360859855,0.1730248138726565,0.8857705335398267,0.0041807408977621,0.4641234339187914,0.778285590151479,186.1597284271027,312.17004682999385,401.0996101948074,1.9265802940362469,0.5089813050557327,30.0,0.0333333333333333,1.1486299701546e-08,0.12291630264852,1.1486299701546e-08,21.06,0.57,1.4019869786391246,-1.3948419188606,8.5810080604406,8.5810080604406,0.57,21.06,8.035247476318883,0.000420157103,30.0,1.0,,,1.0,1.0,9.9758499793012,0.68303231,0.57842683,-4.37602264,0.3174839108407185,0.0001076850554557,1.2166307759398,0.20150563518239,33.58,16.51,,,,,0.7755194274007378,-0.7755194274007378,,,,
L-Homocysteine,1ao6,-3.928,149.2150000000001,149.051049592,0.1083,63.32000000000001,3,4,6,9,20,0.8,0,0,15.171958466891546,7.046903005373416,1.506824018028378,4.639273249931248,74.9880875903243,0.5051760662557064,0.9784502520996304,0.004522530183436,0.2064826970139858,0.9013193660144794,199.2953787938451,869.9459425015018,965.1916682410732,2.610961423972435,0.370487356118157,30.0,0.0333333333333334,1.1527139476962e-07,0.096850640238254,1.1527139476962e-07,21.06,0.57,1.0156889589124876,-1.1385943785239,7.2690206157023,7.2690206157023,0.57,21.06,8.021274239948001,0.00445463318,30.0,1.0,,,1.000000000000002,1.0,8.4076149942262,0.58782152,0.48321604,-3.54460988,0.2652209044430128,9.1300163310407e-05,1.0140196222431,0.16923002433343,33.58,16.51,Ag_13,-2.24,22.0,Ag_13_1ao6.dlg,0.5838480018957809,-0.5838480018957809,0.7264062428081293,-0.7264062428081293,-1.31025424470391,-0.655127122351955
L-Homocysteine,1ao6,-3.928,149.2150000000001,149.051049592,0.1083,63.32000000000001,3,4,6,9,20,0.8,0,0,15.171958466891546,7.046903005373416,1.506824018028378,4.639273249931248,74.9880875903243,0.5051760662557064,0.9784502520996304,0.004522530183436,0.2064826970139858,0.9013193660144794,199.2953787938451,869.9459425015018,965.1916682410732,2.610961423972435,0.370487356118157,30.0,0.0333333333333334,1.1527139476962e-07,0.096850640238254,1.1527139476962e-07,21.06,0.57,1.0156889589124876,-1.1385943785239,7.2690206157023,7.2690206157023,0.57,21.06,8.021274239948001,0.00445463318,30.0,1.0,,,1.000000000000002,1.0,8.4076149942262,0.58782152,0.48321604,-3.54460988,0.2652209044430128,9.1300163310407e-05,1.0140196222431,0.16923002433343,33.58,16.51,Au_13,-2.34,22.0,Au_13_1ao6.dlg,0.5838480018957809,-0.5838480018957809,0.6876301088504001,-0.6876301088504001,-1.271478110746181,-0.6357390553730905
L-Homocysteine,1ao6,-3.928,149.2150000000001,149.051049592,0.1083,63.32000000000001,3,4,6,9,20,0.8,0,0,15.171958466891546,7.046903005373416,1.506824018028378,4.639273249931248,74.9880875903243,0.5051760662557064,0.9784502520996304,0.004522530183436,0.2064826970139858,0.9013193660144794,199.2953787938451,869.9459425015018,965.1916682410732,2.610961423972435,0.370487356118157,30.0,0.0333333333333334,1.1527139476962e-07,0.096850640238254,1.1527139476962e-07,21.06,0.57,1.0156889589124876,-1.1385943785239,7.2690206157023,7.2690206157023,0.57,21.06,8.021274239948001,0.00445463318,30.0,1.0,,,1.000000000000002,1.0,8.4076149942262,0.58782152,0.48321604,-3.54460988,0.2652209044430128,9.1300163310407e-05,1.0140196222431,0.16923002433343,33.58,16.51,ZnO_12_0,-7.76,22.0,ZnO_12_0_1ao6.dlg,0.5838480018957809,-0.5838480018957809,-1.4140363516585295,1.4140363516585295,0.8301883497627486,0.4150941748813743
L-Homocysteine,1hzh,-4.206,149.2150000000001,149.051049592,0.1083,63.32000000000001,3,4,6,9,20,0.8,0,0,15.171958466891546,7.046903005373416,1.506824018028378,4.639273249931248,74.9880875903243,0.5051760662557064,0.9784502520996304,0.004522530183436,0.2064826970139858,0.9013193660144794,199.2953787938451,869.9459425015018,965.1916682410732,2.610961423972435,0.370487356118157,30.0,0.0333333333333334,1.1527139476962e-07,0.096850640238254,1.1527139476962e-07,21.06,0.57,1.0156889589124876,-1.1385943785239,7.2690206157023,7.2690206157023,0.57,21.06,8.021274239948001,0.00445463318,30.0,1.0,,,1.000000000000002,1.0,8.4076149942262,0.58782152,0.48321604,-3.54460988,0.2652209044430128,9.1300163310407e-05,1.0140196222431,0.16923002433343,33.58,16.51,Ag_13,-2.13,20.0,Ag_13_1hzh.dlg,0.34786814851795655,-0.34786814851795655,0.7050874408894409,-0.7050874408894409,-1.0529555894073974,-0.5264777947036987
L-Homocysteine,1hzh,-4.206,149.2150000000001,149.051049592,0.1083,63.32000000000001,3,4,6,9,20,0.8,0,0,15.171958466891546,7.046903005373416,1.506824018028378,4.639273249931248,74.9880875903243,0.5051760662557064,0.9784502520996304,0.004522530183436,0.2064826970139858,0.9013193660144794,199.2953787938451,869.9459425015018,965.1916682410732,2.610961423972435,0.370487356118157,30.0,0.0333333333333334,1.1527139476962e-07,0.096850640238254,1.1527139476962e-07,21.06,0.57,1.0156889589124876,-1.1385943785239,7.2690206157023,7.2690206157023,0.57,21.06,8.021274239948001,0.00445463318,30.0,1.0,,,1.000000000000002,1.0,8.4076149942262,0.58782152,0.48321604,-3.54460988,0.2652209044430128,9.1300163310407e-05,1.0140196222431,0.16923002433343,33.58,16.51,Au_13,-2.12,19.0,Au_13_1hzh.dlg,0.34786814851795655,-0.34786814851795655,0.7091242010472047,-0.7091242010472047,-1.0569923495651614,-0.5284961747825807
L-Homocysteine,1hzh,-4.206,149.2150000000001,149.051049592,0.1083,63.32000000000001,3,4,6,9,20,0.8,0,0,15.171958466891546,7.046903005373416,1.506824018028378,4.639273249931248,74.9880875903243,0.5051760662557064,0.9784502520996304,0.004522530183436,0.2064826970139858,0.9013193660144794,199.2953787938451,869.9459425015018,965.1916682410732,2.610961423972435,0.370487356118157,30.0,0.0333333333333334,1.1527139476962e-07,0.096850640238254,1.1527139476962e-07,21.06,0.57,1.0156889589124876,-1.1385943785239,7.2690206157023,7.2690206157023,0.57,21.06,8.021274239948001,0.00445463318,30.0,1.0,,,1.000000000000002,1.0,8.4076149942262,0.58782152,0.48321604,-3.54460988,0.2652209044430128,9.1300163310407e-05,1.0140196222431,0.16923002433343,33.58,16.51,ZnO_12_0,-7.38,22.0,ZnO_12_0_1hzh.dlg,0.34786814851795655,-0.34786814851795655,-1.4142116419366457,1.4142116419366457,1.0663434934186893,0.5331717467093446
L-Homocysteine,2hav,-4.41,149.2150000000001,149.051049592,0.1083,63.32000000000001,3,4,6,9,20,0.8,0,0,15.171958466891546,7.046903005373416,1.506824018028378,4.639273249931248,74.9880875903243,0.5051760662557064,0.9784502520996304,0.004522530183436,0.2064826970139858,0.9013193660144794,199.2953787938451,869.9459425015018,965.1916682410732,2.610961423972435,0.370487356118157,30.0,0.0333333333333334,1.1527139476962e-07,0.096850640238254,1.1527139476962e-07,21.06,0.57,1.0156889589124876,-1.1385943785239,7.2690206157023,7.2690206157023,0.57,21.06,8.021274239948001,0.00445463318,30.0,1.0,,,1.000000000000002,1.0,8.4076149942262,0.58782152,0.48321604,-3.54460988,0.2652209044430128,9.1300163310407e-05,1.0140196222431,0.16923002433343,33.58,16.51,Ag_13,-2.17,23.0,Ag_13_2hav.dlg,0.44345391127040656,-0.44345391127040656,0.7360514352688697,-0.7360514352688697,-1.1795053465392762,-0.5897526732696381
L-Homocysteine,2hav,-4.41,149.2150000000001,149.051049592,0.1083,63.32000000000001,3,4,6,9,20,0.8,0,0,15.171958466891546,7.046903005373416,1.506824018028378,4.639273249931248,74.9880875903243,0.5051760662557064,0.9784502520996304,0.004522530183436,0.2064826970139858,0.9013193660144794,199.2953787938451,869.9459425015018,965.1916682410732,2.610961423972435,0.370487356118157,30.0,0.0333333333333334,1.1527139476962e-07,0.096850640238254,1.1527139476962e-07,21.06,0.57,1.0156889589124876,-1.1385943785239,7.2690206157023,7.2690206157023,0.57,21.06,8.021274239948001,0.00445463318,30.0,1.0,,,1.000000000000002,1.0,8.4076149942262,0.58782152,0.48321604,-3.54460988,0.2652209044430128,9.1300163310407e-05,1.0140196222431,0.16923002433343,33.58,16.51,Au_13,-2.34,21.0,Au_13_2hav.dlg,0.44345391127040656,-0.44345391127040656,0.6777616476932294,-0.6777616476932294,-1.1212155589636361,-0.5606077794818181
L-Homocysteine,2hav,-4.41,149.2150000000001,149.051049592,0.1083,63.32000000000001,3,4,6,9,20,0.8,0,0,15.171958466891546,7.046903005373416,1.506824018028378,4.639273249931248,74.9880875903243,0.5051760662557064,0.9784502520996304,0.004522530183436,0.2064826970139858,0.9013193660144794,199.2953787938451,869.9459425015018,965.1916682410732,2.610961423972435,0.370487356118157,30.0,0.0333333333333334,1.1527139476962e-07,0.096850640238254,1.1527139476962e-07,21.06,0.57,1.0156889589124876,-1.1385943785239,7.2690206157023,7.2690206157023,0.57,21.06,8.021274239948001,0.00445463318,30.0,1.0,,,1.000000000000002,1.0,8.4076149942262,0.58782152,0.48321604,-3.54460988,0.2652209044430128,9.1300163310407e-05,1.0140196222431,0.16923002433343,33.58,16.51,ZnO_12_0,-8.44,21.0,ZnO_12_0_2hav.dlg,0.44345391127040656,-0.44345391127040656,-1.4138130829620992,1.4138130829620992,0.9703591716916926,0.4851795858458463
L-Homocysteine,3ghg,-3.825,149.2150000000001,149.051049592,0.1083,63.32000000000001,3,4,6,9,20,0.8,0,0,15.171958466891546,7.046903005373416,1.506824018028378,4.639273249931248,74.9880875903243,0.5051760662557064,0.9784502520996304,0.004522530183436,0.2064826970139858,0.9013193660144794,199.2953787938451,869.9459425015018,965.1916682410732,2.610961423972435,0.370487356118157,30.0,0.0333333333333334,1.1527139476962e-07,0.096850640238254,1.1527139476962e-07,21.06,0.57,1.0156889589124876,-1.1385943785239,7.2690206157023,7.2690206157023,0.57,21.06,8.021274239948001,0.00445463318,30.0,1.0,,,1.000000000000002,1.0,8.4076149942262,0.58782152,0.48321604,-3.54460988,0.2652209044430128,9.1300163310407e-05,1.0140196222431,0.16923002433343,33.58,16.51,,,,,0.43068245874412436,-0.43068245874412436,,,,
Lipoic_acid_thioctic_acid,1ao6,-5.395,220.3590000000001,220.059171752,3.175200000000002,37.3,1,4,6,13,29,0.8888888888888888,1,0,22.132993161855453,10.891411538058255,2.292419389887445,6.59820436720464,109.82109303960527,0.7095392191593317,0.993947373005398,0.0032954649796541,0.1098572696532553,0.9779209721772064,296.7474933627813,2641.5693573709814,2701.209435656023,3.577181024944019,0.2104059379957552,30.0,0.0333333333333331,0.00029831804902,0.17714435797586,0.0003634044605223,11.95,33.58,-1.908500239044369,-3.9362362061703,0.0,-0.12163680404291,33.58,11.95,8.126326052168332,0.0674738591,30.0,1.0,,,0.9999999999999932,1.0,3.9362362061703,2.39477425,2.29016877,-0.12472923,0.2034207092553541,7.0057232091799e-05,0.77512576757266,0.13146246850718,33.58,16.51,Ag_13,-2.24,22.0,Ag_13_1ao6.dlg,-0.39704540538179417,0.39704540538179417,0.7264062428081293,-0.7264062428081293,-0.3293608374263351,-0.16468041871316755
Lipoic_acid_thioctic_acid,1ao6,-5.395,220.3590000000001,220.059171752,3.175200000000002,37.3,1,4,6,13,29,0.8888888888888888,1,0,22.132993161855453,10.891411538058255,2.292419389887445,6.59820436720464,109.82109303960527,0.7095392191593317,0.993947373005398,0.0032954649796541,0.1098572696532553,0.9779209721772064,296.7474933627813,2641.5693573709814,2701.209435656023,3.577181024944019,0.2104059379957552,30.0,0.0333333333333331,0.00029831804902,0.17714435797586,0.0003634044605223,11.95,33.58,-1.908500239044369,-3.9362362061703,0.0,-0.12163680404291,33.58,11.95,8.126326052168332,0.0674738591,30.0,1.0,,,0.9999999999999932,1.0,3.9362362061703,2.39477425,2.29016877,-0.12472923,0.2034207092553541,7.0057232091799e-05,0.77512576757266,0.13146246850718,33.58,16.51,Au_13,-2.34,22.0,Au_13_1ao6.dlg,-0.39704540538179417,0.39704540538179417,0.6876301088504001,-0.6876301088504001,-0.29058470346860593,-0.14529235173430297
Lipoic_acid_thioctic_acid,1ao6,-5.395,220.3590000000001,220.059171752,3.175200000000002,37.3,1,4,6,13,29,0.8888888888888888,1,0,22.132993161855453,10.891411538058255,2.292419389887445,6.59820436720464,109.82109303960527,0.7095392191593317,0.993947373005398,0.0032954649796541,0.1098572696532553,0.9779209721772064,296.7474933627813,2641.5693573709814,2701.209435656023,3.577181024944019,0.2104059379957552,30.0,0.0333333333333331,0.00029831804902,0.17714435797586,0.0003634044605223,11.95,33.58,-1.908500239044369,-3.9362362061703,0.0,-0.12163680404291,33.58,11.95,8.126326052168332,0.0674738591,30.0,1.0,,,0.9999999999999932,1.0,3.9362362061703,2.39477425,2.29016877,-0.12472923,0.2034207092553541,7.0057232091799e-05,0.77512576757266,0.13146246850718,33.58,16.51,ZnO_12_0,-7.76,22.0,ZnO_12_0_1ao6.dlg,-0.39704540538179417,0.39704540538179417,-1.4140363516585295,1.4140363516585295,1.8110817570403237,0.9055408785201619
Lipoic_acid_thioctic_acid,1hzh,-5.311,220.3590000000001,220.059171752,3.175200000000002,37.3,1,4,6,13,29,0.8888888888888888,1,0,22.132993161855453,10.891411538058255,2.292419389887445,6.59820436720464,109.82109303960527,0.7095392191593317,0.993947373005398,0.0032954649796541,0.1098572696532553,0.9779209721772064,296.7474933627813,2641.5693573709814,2701.209435656023,3.577181024944019,0.2104059379957552,30.0,0.0333333333333331,0.00029831804902,0.17714435797586,0.0003634044605223,11.95,33.58,-1.908500239044369,-3.9362362061703,0.0,-0.12163680404291,33.58,11.95,8.126326052168332,0.0674738591,30.0,1.0,,,0.9999999999999932,1.0,3.9362362061703,2.39477425,2.29016877,-0.12472923,0.2034207092553541,7.0057232091799e-05,0.77512576757266,0.13146246850718,33.58,16.51,Ag_13,-2.13,20.0,Ag_13_1hzh.dlg,-0.4205435030474679,0.4205435030474679,0.7050874408894409,-0.7050874408894409,-0.28454393784197296,-0.14227196892098648
Lipoic_acid_thioctic_acid,1hzh,-5.311,220.3590000000001,220.059171752,3.175200000000002,37.3,1,4,6,13,29,0.8888888888888888,1,0,22.132993161855453,10.891411538058255,2.292419389887445,6.59820436720464,109.82109303960527,0.7095392191593317,0.993947373005398,0.0032954649796541,0.1098572696532553,0.9779209721772064,296.7474933627813,2641.5693573709814,2701.209435656023,3.577181024944019,0.2104059379957552,30.0,0.0333333333333331,0.00029831804902,0.17714435797586,0.0003634044605223,11.95,33.58,-1.908500239044369,-3.9362362061703,0.0,-0.12163680404291,33.58,11.95,8.126326052168332,0.0674738591,30.0,1.0,,,0.9999999999999932,1.0,3.9362362061703,2.39477425,2.29016877,-0.12472923,0.2034207092553541,7.0057232091799e-05,0.77512576757266,0.13146246850718,33.58,16.51,Au_13,-2.12,19.0,Au_13_1hzh.dlg,-0.4205435030474679,0.4205435030474679,0.7091242010472047,-0.7091242010472047,-0.28858069799973685,-0.14429034899986842
Lipoic_acid_thioctic_acid,1hzh,-5.311,220.3590000000001,220.059171752,3.175200000000002,37.3,1,4,6,13,29,0.8888888888888888,1,0,22.132993161855453,10.891411538058255,2.292419389887445,6.59820436720464,109.82109303960527,0.7095392191593317,0.993947373005398,0.0032954649796541,0.1098572696532553,0.9779209721772064,296.7474933627813,2641.5693573709814,2701.209435656023,3.577181024944019,0.2104059379957552,30.0,0.0333333333333331,0.00029831804902,0.17714435797586,0.0003634044605223,11.95,33.58,-1.908500239044369,-3.9362362061703,0.0,-0.12163680404291,33.58,11.95,8.126326052168332,0.0674738591,30.0,1.0,,,0.9999999999999932,1.0,3.9362362061703,2.39477425,2.29016877,-0.12472923,0.2034207092553541,7.0057232091799e-05,0.77512576757266,0.13146246850718,33.58,16.51,ZnO_12_0,-7.38,22.0,ZnO_12_0_1hzh.dlg,-0.4205435030474679,0.4205435030474679,-1.4142116419366457,1.4142116419366457,1.8347551449841135,0.9173775724920568
Lipoic_acid_thioctic_acid,2hav,-5.252,220.3590000000001,220.059171752,3.175200000000002,37.3,1,4,6,13,29,0.8888888888888888,1,0,22.132993161855453,10.891411538058255,2.292419389887445,6.59820436720464,109.82109303960527,0.7095392191593317,0.993947373005398,0.0032954649796541,0.1098572696532553,0.9779209721772064,296.7474933627813,2641.5693573709814,2701.209435656023,3.577181024944019,0.2104059379957552,30.0,0.0333333333333331,0.00029831804902,0.17714435797586,0.0003634044605223,11.95,33.58,-1.908500239044369,-3.9362362061703,0.0,-0.12163680404291,33.58,11.95,8.126326052168332,0.0674738591,30.0,1.0,,,0.9999999999999932,1.0,3.9362362061703,2.39477425,2.29016877,-0.12472923,0.2034207092553541,7.0057232091799e-05,0.77512576757266,0.13146246850718,33.58,16.51,Ag_13,-2.17,23.0,Ag_13_2hav.dlg,-0.06094467781949449,0.06094467781949449,0.7360514352688697,-0.7360514352688697,-0.6751067574493752,-0.3375533787246876
Lipoic_acid_thioctic_acid,2hav,-5.252,220.3590000000001,220.059171752,3.175200000000002,37.3,1,4,6,13,29,0.8888888888888888,1,0,22.132993161855453,10.891411538058255,2.292419389887445,6.59820436720464,109.82109303960527,0.7095392191593317,0.993947373005398,0.0032954649796541,0.1098572696532553,0.9779209721772064,296.7474933627813,2641.5693573709814,2701.209435656023,3.577181024944019,0.2104059379957552,30.0,0.0333333333333331,0.00029831804902,0.17714435797586,0.0003634044605223,11.95,33.58,-1.908500239044369,-3.9362362061703,0.0,-0.12163680404291,33.58,11.95,8.126326052168332,0.0674738591,30.0,1.0,,,0.9999999999999932,1.0,3.9362362061703,2.39477425,2.29016877,-0.12472923,0.2034207092553541,7.0057232091799e-05,0.77512576757266,0.13146246850718,33.58,16.51,Au_13,-2.34,21.0,Au_13_2hav.dlg,-0.06094467781949449,0.06094467781949449,0.6777616476932294,-0.6777616476932294,-0.6168169698737349,-0.30840848493686746
Lipoic_acid_thioctic_acid,2hav,-5.252,220.3590000000001,220.059171752,3.175200000000002,37.3,1,4,6,13,29,0.8888888888888888,1,0,22.132993161855453,10.891411538058255,2.292419389887445,6.59820436720464,109.82109303960527,0.7095392191593317,0.993947373005398,0.0032954649796541,0.1098572696532553,0.9779209721772064,296.7474933627813,2641.5693573709814,2701.209435656023,3.577181024944019,0.2104059379957552,30.0,0.0333333333333331,0.00029831804902,0.17714435797586,0.0003634044605223,11.95,33.58,-1.908500239044369,-3.9362362061703,0.0,-0.12163680404291,33.58,11.95,8.126326052168332,0.0674738591,30.0,1.0,,,0.9999999999999932,1.0,3.9362362061703,2.39477425,2.29016877,-0.12472923,0.2034207092553541,7.0057232091799e-05,0.77512576757266,0.13146246850718,33.58,16.51,ZnO_12_0,-8.44,21.0,ZnO_12_0_2hav.dlg,-0.06094467781949449,0.06094467781949449,-1.4138130829620992,1.4138130829620992,1.4747577607815936,0.7373788803907968
Lipoic_acid_thioctic_acid,3ghg,-4.704,220.3590000000001,220.059171752,3.175200000000002,37.3,1,4,6,13,29,0.8888888888888888,1,0,22.132993161855453,10.891411538058255,2.292419389887445,6.59820436720464,109.82109303960527,0.7095392191593317,0.993947373005398,0.0032954649796541,0.1098572696532553,0.9779209721772064,296.7474933627813,2641.5693573709814,2701.209435656023,3.577181024944019,0.2104059379957552,30.0,0.0333333333333331,0.00029831804902,0.17714435797586,0.0003634044605223,11.95,33.58,-1.908500239044369,-3.9362362061703,0.0,-0.12163680404291,33.58,11.95,8.126326052168332,0.0674738591,30.0,1.0,,,0.9999999999999932,1.0,3.9362362061703,2.39477425,2.29016877,-0.12472923,0.2034207092553541,7.0057232091799e-05,0.77512576757266,0.13146246850718,33.58,16.51,,,,,-0.2087936919925063,0.2087936919925063,,,,
Lysine,1ao6,-4.592,146.1900000000001,146.105527688,-0.4727000000000004,89.34,3,4,7,10,24,0.8333333333333334,0,0,18.710923771927643,8.802564558427516,1.3185036207983014,5.19660435670694,80.18798263550777,0.5478104687073937,0.9828253534347828,0.0047428922548443,0.184538138729624,0.9251872275342942,195.06815205201323,977.9797499836196,1057.0614475407558,2.7617810689128617,0.2552089043192135,30.0,0.0333333333333332,2.7221122464027e-07,0.09934843605906,2.7221122464027e-07,23.34,0.57,1.5068628480296955,-0.53742502788365,7.356277115324,7.356277115324,0.57,23.34,7.995872440333501,0.00111744575,30.0,1.0,,,0.999999999999998,1.0,7.8937021432076495,-0.10113391,-0.20573939,-3.74773324,0.246852532742718,8.6734464549099e-05,0.94214165456493,0.15934977659845,33.58,16.51,Ag_13,-2.24,22.0,Ag_13_1ao6.dlg,0.13987170848589014,-0.13987170848589014,0.7264062428081293,-0.7264062428081293,-0.8662779512940194,-0.4331389756470097
Lysine,1ao6,-4.592,146.1900000000001,146.105527688,-0.4727000000000004,89.34,3,4,7,10,24,0.8333333333333334,0,0,18.710923771927643,8.802564558427516,1.3185036207983014,5.19660435670694,80.18798263550777,0.5478104687073937,0.9828253534347828,0.0047428922548443,0.184538138729624,0.9251872275342942,195.06815205201323,977.9797499836196,1057.0614475407558,2.7617810689128617,0.2552089043192135,30.0,0.0333333333333332,2.7221122464027e-07,0.09934843605906,2.7221122464027e-07,23.34,0.57,1.5068628480296955,-0.53742502788365,7.356277115324,7.356277115324,0.57,23.34,7.995872440333501,0.00111744575,30.0,1.0,,,0.999999999999998,1.0,7.8937021432076495,-0.10113391,-0.20573939,-3.74773324,0.246852532742718,8.6734464549099e-05,0.94214165456493,0.15934977659845,33.58,16.51,Au_13,-2.34,22.0,Au_13_1ao6.dlg,0.13987170848589014,-0.13987170848589014,0.6876301088504001,-0.6876301088504001,-0.8275018173362902,-0.4137509086681451
Lysine,1ao6,-4.592,146.1900000000001,146.105527688,-0.4727000000000004,89.34,3,4,7,10,24,0.8333333333333334,0,0,18.710923771927643,8.802564558427516,1.3185036207983014,5.19660435670694,80.18798263550777,0.5478104687073937,0.9828253534347828,0.0047428922548443,0.184538138729624,0.9251872275342942,195.06815205201323,977.9797499836196,1057.0614475407558,2.7617810689128617,0.2552089043192135,30.0,0.0333333333333332,2.7221122464027e-07,0.09934843605906,2.7221122464027e-07,23.34,0.57,1.5068628480296955,-0.53742502788365,7.356277115324,7.356277115324,0.57,23.34,7.995872440333501,0.00111744575,30.0,1.0,,,0.999999999999998,1.0,7.8937021432076495,-0.10113391,-0.20573939,-3.74773324,0.246852532742718,8.6734464549099e-05,0.94214165456493,0.15934977659845,33.58,16.51,ZnO_12_0,-7.76,22.0,ZnO_12_0_1ao6.dlg,0.13987170848589014,-0.13987170848589014,-1.4140363516585295,1.4140363516585295,1.2741646431726394,0.6370823215863197
Lysine,1hzh,-4.851,146.1900000000001,146.105527688,-0.4727000000000004,89.34,3,4,7,10,24,0.8333333333333334,0,0,18.710923771927643,8.802564558427516,1.3185036207983014,5.19660435670694,80.18798263550777,0.5478104687073937,0.9828253534347828,0.0047428922548443,0.184538138729624,0.9251872275342942,195.06815205201323,977.9797499836196,1057.0614475407558,2.7617810689128617,0.2552089043192135,30.0,0.0333333333333332,2.7221122464027e-07,0.09934843605906,2.7221122464027e-07,23.34,0.57,1.5068628480296955,-0.53742502788365,7.356277115324,7.356277115324,0.57,23.34,7.995872440333501,0.00111744575,30.0,1.0,,,0.999999999999998,1.0,7.8937021432076495,-0.10113391,-0.20573939,-3.74773324,0.246852532742718,8.6734464549099e-05,0.94214165456493,0.15934977659845,33.58,16.51,Ag_13,-2.13,20.0,Ag_13_1hzh.dlg,-0.10066172954511915,0.10066172954511915,0.7050874408894409,-0.7050874408894409,-0.6044257113443217,-0.30221285567216083
Lysine,1hzh,-4.851,146.1900000000001,146.105527688,-0.4727000000000004,89.34,3,4,7,10,24,0.8333333333333334,0,0,18.710923771927643,8.802564558427516,1.3185036207983014,5.19660435670694,80.18798263550777,0.5478104687073937,0.9828253534347828,0.0047428922548443,0.184538138729624,0.9251872275342942,195.06815205201323,977.9797499836196,1057.0614475407558,2.7617810689128617,0.2552089043192135,30.0,0.0333333333333332,2.7221122464027e-07,0.09934843605906,2.7221122464027e-07,23.34,0.57,1.5068628480296955,-0.53742502788365,7.356277115324,7.356277115324,0.57,23.34,7.995872440333501,0.00111744575,30.0,1.0,,,0.999999999999998,1.0,7.8937021432076495,-0.10113391,-0.20573939,-3.74773324,0.246852532742718,8.6734464549099e-05,0.94214165456493,0.15934977659845,33.58,16.51,Au_13,-2.12,19.0,Au_13_1hzh.dlg,-0.10066172954511915,0.10066172954511915,0.7091242010472047,-0.7091242010472047,-0.6084624715020857,-0.30423123575104283
Lysine,1hzh,-4.851,146.1900000000001,146.105527688,-0.4727000000000004,89.34,3,4,7,10,24,0.8333333333333334,0,0,18.710923771927643,8.802564558427516,1.3185036207983014,5.19660435670694,80.18798263550777,0.5478104687073937,0.9828253534347828,0.0047428922548443,0.184538138729624,0.9251872275342942,195.06815205201323,977.9797499836196,1057.0614475407558,2.7617810689128617,0.2552089043192135,30.0,0.0333333333333332,2.7221122464027e-07,0.09934843605906,2.7221122464027e-07,23.34,0.57,1.5068628480296955,-0.53742502788365,7.356277115324,7.356277115324,0.57,23.34,7.995872440333501,0.00111744575,30.0,1.0,,,0.999999999999998,1.0,7.8937021432076495,-0.10113391,-0.20573939,-3.74773324,0.246852532742718,8.6734464549099e-05,0.94214165456493,0.15934977659845,33.58,16.51,ZnO_12_0,-7.38,22.0,ZnO_12_0_1hzh.dlg,-0.10066172954511915,0.10066172954511915,-1.4142116419366457,1.4142116419366457,1.5148733714817648,0.7574366857408824
Lysine,2hav,-4.766,146.1900000000001,146.105527688,-0.4727000000000004,89.34,3,4,7,10,24,0.8333333333333334,0,0,18.710923771927643,8.802564558427516,1.3185036207983014,5.19660435670694,80.18798263550777,0.5478104687073937,0.9828253534347828,0.0047428922548443,0.184538138729624,0.9251872275342942,195.06815205201323,977.9797499836196,1057.0614475407558,2.7617810689128617,0.2552089043192135,30.0,0.0333333333333332,2.7221122464027e-07,0.09934843605906,2.7221122464027e-07,23.34,0.57,1.5068628480296955,-0.53742502788365,7.356277115324,7.356277115324,0.57,23.34,7.995872440333501,0.00111744575,30.0,1.0,,,0.999999999999998,1.0,7.8937021432076495,-0.10113391,-0.20573939,-3.74773324,0.246852532742718,8.6734464549099e-05,0.94214165456493,0.15934977659845,33.58,16.51,Ag_13,-2.17,23.0,Ag_13_2hav.dlg,0.23019275008750303,-0.23019275008750303,0.7360514352688697,-0.7360514352688697,-0.9662441853563728,-0.4831220926781864
Lysine,2hav,-4.766,146.1900000000001,146.105527688,-0.4727000000000004,89.34,3,4,7,10,24,0.8333333333333334,0,0,18.710923771927643,8.802564558427516,1.3185036207983014,5.19660435670694,80.18798263550777,0.5478104687073937,0.9828253534347828,0.0047428922548443,0.184538138729624,0.9251872275342942,195.06815205201323,977.9797499836196,1057.0614475407558,2.7617810689128617,0.2552089043192135,30.0,0.0333333333333332,2.7221122464027e-07,0.09934843605906,2.7221122464027e-07,23.34,0.57,1.5068628480296955,-0.53742502788365,7.356277115324,7.356277115324,0.57,23.34,7.995872440333501,0.00111744575,30.0,1.0,,,0.999999999999998,1.0,7.8937021432076495,-0.10113391,-0.20573939,-3.74773324,0.246852532742718,8.6734464549099e-05,0.94214165456493,0.15934977659845,33.58,16.51,Au_13,-2.34,21.0,Au_13_2hav.dlg,0.23019275008750303,-0.23019275008750303,0.6777616476932294,-0.6777616476932294,-0.9079543977807325,-0.45397719889036625
Lysine,2hav,-4.766,146.1900000000001,146.105527688,-0.4727000000000004,89.34,3,4,7,10,24,0.8333333333333334,0,0,18.710923771927643,8.802564558427516,1.3185036207983014,5.19660435670694,80.18798263550777,0.5478104687073937,0.9828253534347828,0.0047428922548443,0.184538138729624,0.9251872275342942,195.06815205201323,977.9797499836196,1057.0614475407558,2.7617810689128617,0.2552089043192135,30.0,0.0333333333333332,2.7221122464027e-07,0.09934843605906,2.7221122464027e-07,23.34,0.57,1.5068628480296955,-0.53742502788365,7.356277115324,7.356277115324,0.57,23.34,7.995872440333501,0.00111744575,30.0,1.0,,,0.999999999999998,1.0,7.8937021432076495,-0.10113391,-0.20573939,-3.74773324,0.246852532742718,8.6734464549099e-05,0.94214165456493,0.15934977659845,33.58,16.51,ZnO_12_0,-8.44,21.0,ZnO_12_0_2hav.dlg,0.23019275008750303,-0.23019275008750303,-1.4138130829620992,1.4138130829620992,1.1836203328745962,0.5918101664372981
Lysine,3ghg,-4.158,146.1900000000001,146.105527688,-0.4727000000000004,89.34,3,4,7,10,24,0.8333333333333334,0,0,18.710923771927643,8.802564558427516,1.3185036207983014,5.19660435670694,80.18798263550777,0.5478104687073937,0.9828253534347828,0.0047428922548443,0.184538138729624,0.9251872275342942,195.06815205201323,977.9797499836196,1057.0614475407558,2.7617810689128617,0.2552089043192135,30.0,0.0333333333333332,2.7221122464027e-07,0.09934843605906,2.7221122464027e-07,23.34,0.57,1.5068628480296955,-0.53742502788365,7.356277115324,7.356277115324,0.57,23.34,7.995872440333501,0.00111744575,30.0,1.0,,,0.999999999999998,1.0,7.8937021432076495,-0.10113391,-0.20573939,-3.74773324,0.246852532742718,8.6734464549099e-05,0.94214165456493,0.15934977659845,33.58,16.51,,,,,0.18842357570055412,-0.18842357570055412,,,,
Mannose,1ao6,-4.721,180.1560000000001,180.063388104,-3.2214000000000005,110.38,5,6,6,12,24,1.0,1,0,17.44948974278318,8.220110468942837,2.411787232595313,3.648916103234773,85.93584172942023,0.2431597237851626,0.9173744044926014,0.0018767071783634,0.398025378565042,0.7177714484911846,382.4632083078049,689.7077066075042,960.9015628266174,2.375401724700458,0.3076058257617874,30.0,0.0333333333333333,4.4639976423625e-12,0.10811597052136,4.4639976423625e-12,22.2,0.57,3.165808765165841,-0.85018977288686,13.886551440416,13.886551440416,0.57,22.2,7.96316526555695,0.000595364177,30.0,1.0,,,1.0000000000000018,1.0,14.73674121330286,0.24514188,0.1405364,-8.19408689,0.2487063498659772,8.3969429966991e-05,0.94504078759786,0.17043338505377,33.58,16.51,Ag_13,-2.24,22.0,Ag_13_1ao6.dlg,0.05361727798908875,-0.05361727798908875,0.7264062428081293,-0.7264062428081293,-0.780023520797218,-0.390011760398609
Mannose,1ao6,-4.721,180.1560000000001,180.063388104,-3.2214000000000005,110.38,5,6,6,12,24,1.0,1,0,17.44948974278318,8.220110468942837,2.411787232595313,3.648916103234773,85.93584172942023,0.2431597237851626,0.9173744044926014,0.0018767071783634,0.398025378565042,0.7177714484911846,382.4632083078049,689.7077066075042,960.9015628266174,2.375401724700458,0.3076058257617874,30.0,0.0333333333333333,4.4639976423625e-12,0.10811597052136,4.4639976423625e-12,22.2,0.57,3.165808765165841,-0.85018977288686,13.886551440416,13.886551440416,0.57,22.2,7.96316526555695,0.000595364177,30.0,1.0,,,1.0000000000000018,1.0,14.73674121330286,0.24514188,0.1405364,-8.19408689,0.2487063498659772,8.3969429966991e-05,0.94504078759786,0.17043338505377,33.58,16.51,Au_13,-2.34,22.0,Au_13_1ao6.dlg,0.05361727798908875,-0.05361727798908875,0.6876301088504001,-0.6876301088504001,-0.7412473868394889,-0.37062369341974444
Mannose,1ao6,-4.721,180.1560000000001,180.063388104,-3.2214000000000005,110.38,5,6,6,12,24,1.0,1,0,17.44948974278318,8.220110468942837,2.411787232595313,3.648916103234773,85.93584172942023,0.2431597237851626,0.9173744044926014,0.0018767071783634,0.398025378565042,0.7177714484911846,382.4632083078049,689.7077066075042,960.9015628266174,2.375401724700458,0.3076058257617874,30.0,0.0333333333333333,4.4639976423625e-12,0.10811597052136,4.4639976423625e-12,22.2,0.57,3.165808765165841,-0.85018977288686,13.886551440416,13.886551440416,0.57,22.2,7.96316526555695,0.000595364177,30.0,1.0,,,1.0000000000000018,1.0,14.73674121330286,0.24514188,0.1405364,-8.19408689,0.2487063498659772,8.3969429966991e-05,0.94504078759786,0.17043338505377,33.58,16.51,ZnO_12_0,-7.76,22.0,ZnO_12_0_1ao6.dlg,0.05361727798908875,-0.05361727798908875,-1.4140363516585295,1.4140363516585295,1.3604190736694408,0.6802095368347204
Mannose,1hzh,-5.292,180.1560000000001,180.063388104,-3.2214000000000005,110.38,5,6,6,12,24,1.0,1,0,17.44948974278318,8.220110468942837,2.411787232595313,3.648916103234773,85.93584172942023,0.2431597237851626,0.9173744044926014,0.0018767071783634,0.398025378565042,0.7177714484911846,382.4632083078049,689.7077066075042,960.9015628266174,2.375401724700458,0.3076058257617874,30.0,0.0333333333333333,4.4639976423625e-12,0.10811597052136,4.4639976423625e-12,22.2,0.57,3.165808765165841,-0.85018977288686,13.886551440416,13.886551440416,0.57,22.2,7.96316526555695,0.000595364177,30.0,1.0,,,1.0000000000000018,1.0,14.73674121330286,0.24514188,0.1405364,-8.19408689,0.2487063498659772,8.3969429966991e-05,0.94504078759786,0.17043338505377,33.58,16.51,Ag_13,-2.13,20.0,Ag_13_1hzh.dlg,-0.4073309950115012,0.4073309950115012,0.7050874408894409,-0.7050874408894409,-0.29775644587793965,-0.14887822293896982
Mannose,1hzh,-5.292,180.1560000000001,180.063388104,-3.2214000000000005,110.38,5,6,6,12,24,1.0,1,0,17.44948974278318,8.220110468942837,2.411787232595313,3.648916103234773,85.93584172942023,0.2431597237851626,0.9173744044926014,0.0018767071783634,0.398025378565042,0.7177714484911846,382.4632083078049,689.7077066075042,960.9015628266174,2.375401724700458,0.3076058257617874,30.0,0.0333333333333333,4.4639976423625e-12,0.10811597052136,4.4639976423625e-12,22.2,0.57,3.165808765165841,-0.85018977288686,13.886551440416,13.886551440416,0.57,22.2,7.96316526555695,0.000595364177,30.0,1.0,,,1.0000000000000018,1.0,14.73674121330286,0.24514188,0.1405364,-8.19408689,0.2487063498659772,8.3969429966991e-05,0.94504078759786,0.17043338505377,33.58,16.51,Au_13,-2.12,19.0,Au_13_1hzh.dlg,-0.4073309950115012,0.4073309950115012,0.7091242010472047,-0.7091242010472047,-0.30179320603570353,-0.15089660301785177
Mannose,1hzh,-5.292,180.1560000000001,180.063388104,-3.2214000000000005,110.38,5,6,6,12,24,1.0,1,0,17.44948974278318,8.220110468942837,2.411787232595313,3.648916103234773,85.93584172942023,0.2431597237851626,0.9173744044926014,0.0018767071783634,0.398025378565042,0.7177714484911846,382.4632083078049,689.7077066075042,960.9015628266174,2.375401724700458,0.3076058257617874,30.0,0.0333333333333333,4.4639976423625e-12,0.10811597052136,4.4639976423625e-12,22.2,0.57,3.165808765165841,-0.85018977288686,13.886551440416,13.886551440416,0.57,22.2,7.96316526555695,0.000595364177,30.0,1.0,,,1.0000000000000018,1.0,14.73674121330286,0.24514188,0.1405364,-8.19408689,0.2487063498659772,8.3969429966991e-05,0.94504078759786,0.17043338505377,33.58,16.51,ZnO_12_0,-7.38,22.0,ZnO_12_0_1hzh.dlg,-0.4073309950115012,0.4073309950115012,-1.4142116419366457,1.4142116419366457,1.8215426369481469,0.9107713184740734
Mannose,2hav,-5.609,180.1560000000001,180.063388104,-3.2214000000000005,110.38,5,6,6,12,24,1.0,1,0,17.44948974278318,8.220110468942837,2.411787232595313,3.648916103234773,85.93584172942023,0.2431597237851626,0.9173744044926014,0.0018767071783634,0.398025378565042,0.7177714484911846,382.4632083078049,689.7077066075042,960.9015628266174,2.375401724700458,0.3076058257617874,30.0,0.0333333333333333,4.4639976423625e-12,0.10811597052136,4.4639976423625e-12,22.2,0.57,3.165808765165841,-0.85018977288686,13.886551440416,13.886551440416,0.57,22.2,7.96316526555695,0.000595364177,30.0,1.0,,,1.0000000000000018,1.0,14.73674121330286,0.24514188,0.1405364,-8.19408689,0.2487063498659772,8.3969429966991e-05,0.94504078759786,0.17043338505377,33.58,16.51,Ag_13,-2.17,23.0,Ag_13_2hav.dlg,-0.2748048872079682,0.2748048872079682,0.7360514352688697,-0.7360514352688697,-0.46124654806090154,-0.23062327403045077
Mannose,2hav,-5.609,180.1560000000001,180.063388104,-3.2214000000000005,110.38,5,6,6,12,24,1.0,1,0,17.44948974278318,8.220110468942837,2.411787232595313,3.648916103234773,85.93584172942023,0.2431597237851626,0.9173744044926014,0.0018767071783634,0.398025378565042,0.7177714484911846,382.4632083078049,689.7077066075042,960.9015628266174,2.375401724700458,0.3076058257617874,30.0,0.0333333333333333,4.4639976423625e-12,0.10811597052136,4.4639976423625e-12,22.2,0.57,3.165808765165841,-0.85018977288686,13.886551440416,13.886551440416,0.57,22.2,7.96316526555695,0.000595364177,30.0,1.0,,,1.0000000000000018,1.0,14.73674121330286,0.24514188,0.1405364,-8.19408689,0.2487063498659772,8.3969429966991e-05,0.94504078759786,0.17043338505377,33.58,16.51,Au_13,-2.34,21.0,Au_13_2hav.dlg,-0.2748048872079682,0.2748048872079682,0.6777616476932294,-0.6777616476932294,-0.40295676048526125,-0.20147838024263062
Mannose,2hav,-5.609,180.1560000000001,180.063388104,-3.2214000000000005,110.38,5,6,6,12,24,1.0,1,0,17.44948974278318,8.220110468942837,2.411787232595313,3.648916103234773,85.93584172942023,0.2431597237851626,0.9173744044926014,0.0018767071783634,0.398025378565042,0.7177714484911846,382.4632083078049,689.7077066075042,960.9015628266174,2.375401724700458,0.3076058257617874,30.0,0.0333333333333333,4.4639976423625e-12,0.10811597052136,4.4639976423625e-12,22.2,0.57,3.165808765165841,-0.85018977288686,13.886551440416,13.886551440416,0.57,22.2,7.96316526555695,0.000595364177,30.0,1.0,,,1.0000000000000018,1.0,14.73674121330286,0.24514188,0.1405364,-8.19408689,0.2487063498659772,8.3969429966991e-05,0.94504078759786,0.17043338505377,33.58,16.51,ZnO_12_0,-8.44,21.0,ZnO_12_0_2hav.dlg,-0.2748048872079682,0.2748048872079682,-1.4138130829620992,1.4138130829620992,1.6886179701700674,0.8443089850850337
Mannose,3ghg,-4.9,180.1560000000001,180.063388104,-3.2214000000000005,110.38,5,6,6,12,24,1.0,1,0,17.44948974278318,8.220110468942837,2.411787232595313,3.648916103234773,85.93584172942023,0.2431597237851626,0.9173744044926014,0.0018767071783634,0.398025378565042,0.7177714484911846,382.4632083078049,689.7077066075042,960.9015628266174,2.375401724700458,0.3076058257617874,30.0,0.0333333333333333,4.4639976423625e-12,0.10811597052136,4.4639976423625e-12,22.2,0.57,3.165808765165841,-0.85018977288686,13.886551440416,13.886551440416,0.57,22.2,7.96316526555695,0.000595364177,30.0,1.0,,,1.0000000000000018,1.0,14.73674121330286,0.24514188,0.1405364,-8.19408689,0.2487063498659772,8.3969429966991e-05,0.94504078759786,0.17043338505377,33.58,16.51,,,,,-0.3513845060361696,0.3513845060361696,,,,
Mercaptoethanol_2-mercaptoethanol,1ao6,-2.571,78.13599999999997,78.013935812,-0.0915,20.23,2,2,3,4,10,1.0,0,0,7.816496580927726,3.4747448713915894,0.5447959818219784,3.3099999999999983,39.25088268476229,0.7668885793910445,0.9963642547767356,0.0504287479492683,0.0851954916835395,0.9612595064143784,19.06173651944347,215.0732987860832,223.74114102479385,1.7117228120289028,0.3607680895434875,30.0,0.0333333333333333,7.5651130239848e-05,0.07289962579944,7.5651130239848e-05,15.37,0.57,0.460518578587218,-0.68626263148707,3.5483680673351,3.5483680673351,0.57,15.37,7.815164790164717,0.000374995743,30.0,1.0,,,0.999999999999999,1.0,4.23463069882217,0.32325556,0.21865007,-1.58356391,0.3784286233589238,0.0001293641194858,1.4484810112454,0.23693391019972,33.58,16.51,Ag_13,-2.24,22.0,Ag_13_1ao6.dlg,1.4911911196024403,-1.4911911196024403,0.7264062428081293,-0.7264062428081293,-2.2175973624105696,-1.1087986812052848
Mercaptoethanol_2-mercaptoethanol,1ao6,-2.571,78.13599999999997,78.013935812,-0.0915,20.23,2,2,3,4,10,1.0,0,0,7.816496580927726,3.4747448713915894,0.5447959818219784,3.3099999999999983,39.25088268476229,0.7668885793910445,0.9963642547767356,0.0504287479492683,0.0851954916835395,0.9612595064143784,19.06173651944347,215.0732987860832,223.74114102479385,1.7117228120289028,0.3607680895434875,30.0,0.0333333333333333,7.5651130239848e-05,0.07289962579944,7.5651130239848e-05,15.37,0.57,0.460518578587218,-0.68626263148707,3.5483680673351,3.5483680673351,0.57,15.37,7.815164790164717,0.000374995743,30.0,1.0,,,0.999999999999999,1.0,4.23463069882217,0.32325556,0.21865007,-1.58356391,0.3784286233589238,0.0001293641194858,1.4484810112454,0.23693391019972,33.58,16.51,Au_13,-2.34,22.0,Au_13_1ao6.dlg,1.4911911196024403,-1.4911911196024403,0.6876301088504001,-0.6876301088504001,-2.1788212284528403,-1.0894106142264202
Mercaptoethanol_2-mercaptoethanol,1ao6,-2.571,78.13599999999997,78.013935812,-0.0915,20.23,2,2,3,4,10,1.0,0,0,7.816496580927726,3.4747448713915894,0.5447959818219784,3.3099999999999983,39.25088268476229,0.7668885793910445,0.9963642547767356,0.0504287479492683,0.0851954916835395,0.9612595064143784,19.06173651944347,215.0732987860832,223.74114102479385,1.7117228120289028,0.3607680895434875,30.0,0.0333333333333333,7.5651130239848e-05,0.07289962579944,7.5651130239848e-05,15.37,0.57,0.460518578587218,-0.68626263148707,3.5483680673351,3.5483680673351,0.57,15.37,7.815164790164717,0.000374995743,30.0,1.0,,,0.999999999999999,1.0,4.23463069882217,0.32325556,0.21865007,-1.58356391,0.3784286233589238,0.0001293641194858,1.4484810112454,0.23693391019972,33.58,16.51,ZnO_12_0,-7.76,22.0,ZnO_12_0_1ao6.dlg,1.4911911196024403,-1.4911911196024403,-1.4140363516585295,1.4140363516585295,-0.07715476794391085,-0.038577383971955426
Mercaptoethanol_2-mercaptoethanol,1hzh,-2.626,78.13599999999997,78.013935812,-0.0915,20.23,2,2,3,4,10,1.0,0,0,7.816496580927726,3.4747448713915894,0.5447959818219784,3.3099999999999983,39.25088268476229,0.7668885793910445,0.9963642547767356,0.0504287479492683,0.0851954916835395,0.9612595064143784,19.06173651944347,215.0732987860832,223.74114102479385,1.7117228120289028,0.3607680895434875,30.0,0.0333333333333333,7.5651130239848e-05,0.07289962579944,7.5651130239848e-05,15.37,0.57,0.460518578587218,-0.68626263148707,3.5483680673351,3.5483680673351,0.57,15.37,7.815164790164717,0.000374995743,30.0,1.0,,,0.999999999999999,1.0,4.23463069882217,0.32325556,0.21865007,-1.58356391,0.3784286233589238,0.0001293641194858,1.4484810112454,0.23693391019972,33.58,16.51,Ag_13,-2.13,20.0,Ag_13_1hzh.dlg,1.4465925009825462,-1.4465925009825462,0.7050874408894409,-0.7050874408894409,-2.151679941871987,-1.0758399709359936
Mercaptoethanol_2-mercaptoethanol,1hzh,-2.626,78.13599999999997,78.013935812,-0.0915,20.23,2,2,3,4,10,1.0,0,0,7.816496580927726,3.4747448713915894,0.5447959818219784,3.3099999999999983,39.25088268476229,0.7668885793910445,0.9963642547767356,0.0504287479492683,0.0851954916835395,0.9612595064143784,19.06173651944347,215.0732987860832,223.74114102479385,1.7117228120289028,0.3607680895434875,30.0,0.0333333333333333,7.5651130239848e-05,0.07289962579944,7.5651130239848e-05,15.37,0.57,0.460518578587218,-0.68626263148707,3.5483680673351,3.5483680673351,0.57,15.37,7.815164790164717,0.000374995743,30.0,1.0,,,0.999999999999999,1.0,4.23463069882217,0.32325556,0.21865007,-1.58356391,0.3784286233589238,0.0001293641194858,1.4484810112454,0.23693391019972,33.58,16.51,Au_13,-2.12,19.0,Au_13_1hzh.dlg,1.4465925009825462,-1.4465925009825462,0.7091242010472047,-0.7091242010472047,-2.1557167020297507,-1.0778583510148754
Mercaptoethanol_2-mercaptoethanol,1hzh,-2.626,78.13599999999997,78.013935812,-0.0915,20.23,2,2,3,4,10,1.0,0,0,7.816496580927726,3.4747448713915894,0.5447959818219784,3.3099999999999983,39.25088268476229,0.7668885793910445,0.9963642547767356,0.0504287479492683,0.0851954916835395,0.9612595064143784,19.06173651944347,215.0732987860832,223.74114102479385,1.7117228120289028,0.3607680895434875,30.0,0.0333333333333333,7.5651130239848e-05,0.07289962579944,7.5651130239848e-05,15.37,0.57,0.460518578587218,-0.68626263148707,3.5483680673351,3.5483680673351,0.57,15.37,7.815164790164717,0.000374995743,30.0,1.0,,,0.999999999999999,1.0,4.23463069882217,0.32325556,0.21865007,-1.58356391,0.3784286233589238,0.0001293641194858,1.4484810112454,0.23693391019972,33.58,16.51,ZnO_12_0,-7.38,22.0,ZnO_12_0_1hzh.dlg,1.4465925009825462,-1.4465925009825462,-1.4142116419366457,1.4142116419366457,-0.03238085904590049,-0.016190429522950245
Mercaptoethanol_2-mercaptoethanol,2hav,-2.738,78.13599999999997,78.013935812,-0.0915,20.23,2,2,3,4,10,1.0,0,0,7.816496580927726,3.4747448713915894,0.5447959818219784,3.3099999999999983,39.25088268476229,0.7668885793910445,0.9963642547767356,0.0504287479492683,0.0851954916835395,0.9612595064143784,19.06173651944347,215.0732987860832,223.74114102479385,1.7117228120289028,0.3607680895434875,30.0,0.0333333333333333,7.5651130239848e-05,0.07289962579944,7.5651130239848e-05,15.37,0.57,0.460518578587218,-0.68626263148707,3.5483680673351,3.5483680673351,0.57,15.37,7.815164790164717,0.000374995743,30.0,1.0,,,0.999999999999999,1.0,4.23463069882217,0.32325556,0.21865007,-1.58356391,0.3784286233589238,0.0001293641194858,1.4484810112454,0.23693391019972,33.58,16.51,Ag_13,-2.17,23.0,Ag_13_2hav.dlg,1.44506251098337,-1.44506251098337,0.7360514352688697,-0.7360514352688697,-2.1811139462522395,-1.0905569731261198
Mercaptoethanol_2-mercaptoethanol,2hav,-2.738,78.13599999999997,78.013935812,-0.0915,20.23,2,2,3,4,10,1.0,0,0,7.816496580927726,3.4747448713915894,0.5447959818219784,3.3099999999999983,39.25088268476229,0.7668885793910445,0.9963642547767356,0.0504287479492683,0.0851954916835395,0.9612595064143784,19.06173651944347,215.0732987860832,223.74114102479385,1.7117228120289028,0.3607680895434875,30.0,0.0333333333333333,7.5651130239848e-05,0.07289962579944,7.5651130239848e-05,15.37,0.57,0.460518578587218,-0.68626263148707,3.5483680673351,3.5483680673351,0.57,15.37,7.815164790164717,0.000374995743,30.0,1.0,,,0.999999999999999,1.0,4.23463069882217,0.32325556,0.21865007,-1.58356391,0.3784286233589238,0.0001293641194858,1.4484810112454,0.23693391019972,33.58,16.51,Au_13,-2.34,21.0,Au_13_2hav.dlg,1.44506251098337,-1.44506251098337,0.6777616476932294,-0.6777616476932294,-2.1228241586765995,-1.0614120793382997
Mercaptoethanol_2-mercaptoethanol,2hav,-2.738,78.13599999999997,78.013935812,-0.0915,20.23,2,2,3,4,10,1.0,0,0,7.816496580927726,3.4747448713915894,0.5447959818219784,3.3099999999999983,39.25088268476229,0.7668885793910445,0.9963642547767356,0.0504287479492683,0.0851954916835395,0.9612595064143784,19.06173651944347,215.0732987860832,223.74114102479385,1.7117228120289028,0.3607680895434875,30.0,0.0333333333333333,7.5651130239848e-05,0.07289962579944,7.5651130239848e-05,15.37,0.57,0.460518578587218,-0.68626263148707,3.5483680673351,3.5483680673351,0.57,15.37,7.815164790164717,0.000374995743,30.0,1.0,,,0.999999999999999,1.0,4.23463069882217,0.32325556,0.21865007,-1.58356391,0.3784286233589238,0.0001293641194858,1.4484810112454,0.23693391019972,33.58,16.51,ZnO_12_0,-8.44,21.0,ZnO_12_0_2hav.dlg,1.44506251098337,-1.44506251098337,-1.4138130829620992,1.4138130829620992,-0.03124942802127073,-0.015624714010635365
Mercaptoethanol_2-mercaptoethanol,3ghg,-2.187,78.13599999999997,78.013935812,-0.0915,20.23,2,2,3,4,10,1.0,0,0,7.816496580927726,3.4747448713915894,0.5447959818219784,3.3099999999999983,39.25088268476229,0.7668885793910445,0.9963642547767356,0.0504287479492683,0.0851954916835395,0.9612595064143784,19.06173651944347,215.0732987860832,223.74114102479385,1.7117228120289028,0.3607680895434875,30.0,0.0333333333333333,7.5651130239848e-05,0.07289962579944,7.5651130239848e-05,15.37,0.57,0.460518578587218,-0.68626263148707,3.5483680673351,3.5483680673351,0.57,15.37,7.815164790164717,0.000374995743,30.0,1.0,,,0.999999999999999,1.0,4.23463069882217,0.32325556,0.21865007,-1.58356391,0.3784286233589238,0.0001293641194858,1.4484810112454,0.23693391019972,33.58,16.51,,,,,1.6223342618233072,-1.6223342618233072,,,,
Methionine,1ao6,-3.854,149.2150000000001,149.051049592,0.1513999999999997,63.32000000000001,2,4,5,9,20,0.8,0,0,15.171958466891546,7.092778860141485,1.506824018028378,4.639273249931248,74.27523508448357,0.4577058456083925,0.9725105312798722,0.0040963077995574,0.2328588983692502,0.8793245679411723,214.66271846958804,810.6119349239098,921.8574852535456,2.5543268769836915,0.2415587896305008,30.0,0.0333333333333337,7.0236969311363e-08,0.10292805897599,7.0236969311363e-08,21.06,0.57,0.8252957672865897,-1.4916459490499,7.2588185514385,7.2588185514385,0.57,21.06,8.108279619785332,0.00142924338,30.0,1.0,,,1.0000000000000124,1.0,8.7504645004884,0.85282517,0.74821968,-3.49904493,0.2624017723766366,9.0204789597151e-05,1.0034843898671,0.16750696546406,33.58,16.51,Ag_13,-2.24,22.0,Ag_13_1ao6.dlg,0.6333272876071241,-0.6333272876071241,0.7264062428081293,-0.7264062428081293,-1.3597335304152534,-0.6798667652076267
Methionine,1ao6,-3.854,149.2150000000001,149.051049592,0.1513999999999997,63.32000000000001,2,4,5,9,20,0.8,0,0,15.171958466891546,7.092778860141485,1.506824018028378,4.639273249931248,74.27523508448357,0.4577058456083925,0.9725105312798722,0.0040963077995574,0.2328588983692502,0.8793245679411723,214.66271846958804,810.6119349239098,921.8574852535456,2.5543268769836915,0.2415587896305008,30.0,0.0333333333333337,7.0236969311363e-08,0.10292805897599,7.0236969311363e-08,21.06,0.57,0.8252957672865897,-1.4916459490499,7.2588185514385,7.2588185514385,0.57,21.06,8.108279619785332,0.00142924338,30.0,1.0,,,1.0000000000000124,1.0,8.7504645004884,0.85282517,0.74821968,-3.49904493,0.2624017723766366,9.0204789597151e-05,1.0034843898671,0.16750696546406,33.58,16.51,Au_13,-2.34,22.0,Au_13_1ao6.dlg,0.6333272876071241,-0.6333272876071241,0.6876301088504001,-0.6876301088504001,-1.320957396457524,-0.660478698228762
Methionine,1ao6,-3.854,149.2150000000001,149.051049592,0.1513999999999997,63.32000000000001,2,4,5,9,20,0.8,0,0,15.171958466891546,7.092778860141485,1.506824018028378,4.639273249931248,74.27523508448357,0.4577058456083925,0.9725105312798722,0.0040963077995574,0.2328588983692502,0.8793245679411723,214.66271846958804,810.6119349239098,921.8574852535456,2.5543268769836915,0.2415587896305008,30.0,0.0333333333333337,7.0236969311363e-08,0.10292805897599,7.0236969311363e-08,21.06,0.57,0.8252957672865897,-1.4916459490499,7.2588185514385,7.2588185514385,0.57,21.06,8.108279619785332,0.00142924338,30.0,1.0,,,1.0000000000000124,1.0,8.7504645004884,0.85282517,0.74821968,-3.49904493,0.2624017723766366,9.0204789597151e-05,1.0034843898671,0.16750696546406,33.58,16.51,ZnO_12_0,-7.76,22.0,ZnO_12_0_1ao6.dlg,0.6333272876071241,-0.6333272876071241,-1.4140363516585295,1.4140363516585295,0.7807090640514054,0.3903545320257027
Methionine,1hzh,-4.194,149.2150000000001,149.051049592,0.1513999999999997,63.32000000000001,2,4,5,9,20,0.8,0,0,15.171958466891546,7.092778860141485,1.506824018028378,4.639273249931248,74.27523508448357,0.4577058456083925,0.9725105312798722,0.0040963077995574,0.2328588983692502,0.8793245679411723,214.66271846958804,810.6119349239098,921.8574852535456,2.5543268769836915,0.2415587896305008,30.0,0.0333333333333337,7.0236969311363e-08,0.10292805897599,7.0236969311363e-08,21.06,0.57,0.8252957672865897,-1.4916459490499,7.2588185514385,7.2588185514385,0.57,21.06,8.108279619785332,0.00142924338,30.0,1.0,,,1.0000000000000124,1.0,8.7504645004884,0.85282517,0.74821968,-3.49904493,0.2624017723766366,9.0204789597151e-05,1.0034843898671,0.16750696546406,33.58,16.51,Ag_13,-2.13,20.0,Ag_13_1hzh.dlg,0.3562128904354095,-0.3562128904354095,0.7050874408894409,-0.7050874408894409,-1.0613003313248504,-0.5306501656624252
Methionine,1hzh,-4.194,149.2150000000001,149.051049592,0.1513999999999997,63.32000000000001,2,4,5,9,20,0.8,0,0,15.171958466891546,7.092778860141485,1.506824018028378,4.639273249931248,74.27523508448357,0.4577058456083925,0.9725105312798722,0.0040963077995574,0.2328588983692502,0.8793245679411723,214.66271846958804,810.6119349239098,921.8574852535456,2.5543268769836915,0.2415587896305008,30.0,0.0333333333333337,7.0236969311363e-08,0.10292805897599,7.0236969311363e-08,21.06,0.57,0.8252957672865897,-1.4916459490499,7.2588185514385,7.2588185514385,0.57,21.06,8.108279619785332,0.00142924338,30.0,1.0,,,1.0000000000000124,1.0,8.7504645004884,0.85282517,0.74821968,-3.49904493,0.2624017723766366,9.0204789597151e-05,1.0034843898671,0.16750696546406,33.58,16.51,Au_13,-2.12,19.0,Au_13_1hzh.dlg,0.3562128904354095,-0.3562128904354095,0.7091242010472047,-0.7091242010472047,-1.0653370914826144,-0.5326685457413072
Methionine,1hzh,-4.194,149.2150000000001,149.051049592,0.1513999999999997,63.32000000000001,2,4,5,9,20,0.8,0,0,15.171958466891546,7.092778860141485,1.506824018028378,4.639273249931248,74.27523508448357,0.4577058456083925,0.9725105312798722,0.0040963077995574,0.2328588983692502,0.8793245679411723,214.66271846958804,810.6119349239098,921.8574852535456,2.5543268769836915,0.2415587896305008,30.0,0.0333333333333337,7.0236969311363e-08,0.10292805897599,7.0236969311363e-08,21.06,0.57,0.8252957672865897,-1.4916459490499,7.2588185514385,7.2588185514385,0.57,21.06,8.108279619785332,0.00142924338,30.0,1.0,,,1.0000000000000124,1.0,8.7504645004884,0.85282517,0.74821968,-3.49904493,0.2624017723766366,9.0204789597151e-05,1.0034843898671,0.16750696546406,33.58,16.51,ZnO_12_0,-7.38,22.0,ZnO_12_0_1hzh.dlg,0.3562128904354095,-0.3562128904354095,-1.4142116419366457,1.4142116419366457,1.0579987515012363,0.5289993757506182
Methionine,2hav,-4.401,149.2150000000001,149.051049592,0.1513999999999997,63.32000000000001,2,4,5,9,20,0.8,0,0,15.171958466891546,7.092778860141485,1.506824018028378,4.639273249931248,74.27523508448357,0.4577058456083925,0.9725105312798722,0.0040963077995574,0.2328588983692502,0.8793245679411723,214.66271846958804,810.6119349239098,921.8574852535456,2.5543268769836915,0.2415587896305008,30.0,0.0333333333333337,7.0236969311363e-08,0.10292805897599,7.0236969311363e-08,21.06,0.57,0.8252957672865897,-1.4916459490499,7.2588185514385,7.2588185514385,0.57,21.06,8.108279619785332,0.00142924338,30.0,1.0,,,1.0000000000000124,1.0,8.7504645004884,0.85282517,0.74821968,-3.49904493,0.2624017723766366,9.0204789597151e-05,1.0034843898671,0.16750696546406,33.58,16.51,Ag_13,-2.17,23.0,Ag_13_2hav.dlg,0.44884534512053637,-0.44884534512053637,0.7360514352688697,-0.7360514352688697,-1.1848967803894062,-0.5924483901947031
Methionine,2hav,-4.401,149.2150000000001,149.051049592,0.1513999999999997,63.32000000000001,2,4,5,9,20,0.8,0,0,15.171958466891546,7.092778860141485,1.506824018028378,4.639273249931248,74.27523508448357,0.4577058456083925,0.9725105312798722,0.0040963077995574,0.2328588983692502,0.8793245679411723,214.66271846958804,810.6119349239098,921.8574852535456,2.5543268769836915,0.2415587896305008,30.0,0.0333333333333337,7.0236969311363e-08,0.10292805897599,7.0236969311363e-08,21.06,0.57,0.8252957672865897,-1.4916459490499,7.2588185514385,7.2588185514385,0.57,21.06,8.108279619785332,0.00142924338,30.0,1.0,,,1.0000000000000124,1.0,8.7504645004884,0.85282517,0.74821968,-3.49904493,0.2624017723766366,9.0204789597151e-05,1.0034843898671,0.16750696546406,33.58,16.51,Au_13,-2.34,21.0,Au_13_2hav.dlg,0.44884534512053637,-0.44884534512053637,0.6777616476932294,-0.6777616476932294,-1.1266069928137659,-0.5633034964068829
Methionine,2hav,-4.401,149.2150000000001,149.051049592,0.1513999999999997,63.32000000000001,2,4,5,9,20,0.8,0,0,15.171958466891546,7.092778860141485,1.506824018028378,4.639273249931248,74.27523508448357,0.4577058456083925,0.9725105312798722,0.0040963077995574,0.2328588983692502,0.8793245679411723,214.66271846958804,810.6119349239098,921.8574852535456,2.5543268769836915,0.2415587896305008,30.0,0.0333333333333337,7.0236969311363e-08,0.10292805897599,7.0236969311363e-08,21.06,0.57,0.8252957672865897,-1.4916459490499,7.2588185514385,7.2588185514385,0.57,21.06,8.108279619785332,0.00142924338,30.0,1.0,,,1.0000000000000124,1.0,8.7504645004884,0.85282517,0.74821968,-3.49904493,0.2624017723766366,9.0204789597151e-05,1.0034843898671,0.16750696546406,33.58,16.51,ZnO_12_0,-8.44,21.0,ZnO_12_0_2hav.dlg,0.44884534512053637,-0.44884534512053637,-1.4138130829620992,1.4138130829620992,0.9649677378415629,0.48248386892078143
Methionine,3ghg,-3.829,149.2150000000001,149.051049592,0.1513999999999997,63.32000000000001,2,4,5,9,20,0.8,0,0,15.171958466891546,7.092778860141485,1.506824018028378,4.639273249931248,74.27523508448357,0.4577058456083925,0.9725105312798722,0.0040963077995574,0.2328588983692502,0.8793245679411723,214.66271846958804,810.6119349239098,921.8574852535456,2.5543268769836915,0.2415587896305008,30.0,0.0333333333333337,7.0236969311363e-08,0.10292805897599,7.0236969311363e-08,21.06,0.57,0.8252957672865897,-1.4916459490499,7.2588185514385,7.2588185514385,0.57,21.06,8.108279619785332,0.00142924338,30.0,1.0,,,1.0000000000000124,1.0,8.7504645004884,0.85282517,0.74821968,-3.49904493,0.2624017723766366,9.0204789597151e-05,1.0034843898671,0.16750696546406,33.58,16.51,,,,,0.42777244213098836,-0.42777244213098836,,,,
Methotrexate,1ao6,-7.615,422.4019999999998,422.1662304240005,-2.177909999999996,220.33,5,10,10,30,52,0.4375,2,0,36.027198506782845,17.60501819381877,6.852282585019872,9.105778638434312,201.85079184468984,0.6676289625132008,0.9919181325866736,0.000635184897133,0.1268795422665369,0.9304793379020848,1464.8952487721988,10742.904150064516,11545.559060221714,5.302547048138705,0.1307833996846965,30.0,0.0333333333333337,1.1355167479818001e-15,0.15088192967845,1.1355167479818001e-15,21.06,0.57,4.585038278267597,-1.3586313172341,18.684724764342,18.684724764342,0.57,21.06,8.849949903066666,0.164441633,30.0,1.0,,,1.0000000000000118,1.0,20.0433560815761,0.54759266,0.44298718,-11.96185852,0.0784648480379846,2.7792277731515e-05,0.29489222586045,0.058057618339675,33.58,16.51,Ag_13,-2.24,22.0,Ag_13_1ao6.dlg,-1.8814239767220926,1.8814239767220926,0.7264062428081293,-0.7264062428081293,1.1550177339139633,0.5775088669569817
Methotrexate,1ao6,-7.615,422.4019999999998,422.1662304240005,-2.177909999999996,220.33,5,10,10,30,52,0.4375,2,0,36.027198506782845,17.60501819381877,6.852282585019872,9.105778638434312,201.85079184468984,0.6676289625132008,0.9919181325866736,0.000635184897133,0.1268795422665369,0.9304793379020848,1464.8952487721988,10742.904150064516,11545.559060221714,5.302547048138705,0.1307833996846965,30.0,0.0333333333333337,1.1355167479818001e-15,0.15088192967845,1.1355167479818001e-15,21.06,0.57,4.585038278267597,-1.3586313172341,18.684724764342,18.684724764342,0.57,21.06,8.849949903066666,0.164441633,30.0,1.0,,,1.0000000000000118,1.0,20.0433560815761,0.54759266,0.44298718,-11.96185852,0.0784648480379846,2.7792277731515e-05,0.29489222586045,0.058057618339675,33.58,16.51,Au_13,-2.34,22.0,Au_13_1ao6.dlg,-1.8814239767220926,1.8814239767220926,0.6876301088504001,-0.6876301088504001,1.1937938678716926,0.5968969339358463
Methotrexate,1ao6,-7.615,422.4019999999998,422.1662304240005,-2.177909999999996,220.33,5,10,10,30,52,0.4375,2,0,36.027198506782845,17.60501819381877,6.852282585019872,9.105778638434312,201.85079184468984,0.6676289625132008,0.9919181325866736,0.000635184897133,0.1268795422665369,0.9304793379020848,1464.8952487721988,10742.904150064516,11545.559060221714,5.302547048138705,0.1307833996846965,30.0,0.0333333333333337,1.1355167479818001e-15,0.15088192967845,1.1355167479818001e-15,21.06,0.57,4.585038278267597,-1.3586313172341,18.684724764342,18.684724764342,0.57,21.06,8.849949903066666,0.164441633,30.0,1.0,,,1.0000000000000118,1.0,20.0433560815761,0.54759266,0.44298718,-11.96185852,0.0784648480379846,2.7792277731515e-05,0.29489222586045,0.058057618339675,33.58,16.51,ZnO_12_0,-7.76,22.0,ZnO_12_0_1ao6.dlg,-1.8814239767220926,1.8814239767220926,-1.4140363516585295,1.4140363516585295,3.295460328380622,1.647730164190311
Methotrexate,1hzh,-7.407,422.4019999999998,422.1662304240005,-2.177909999999996,220.33,5,10,10,30,52,0.4375,2,0,36.027198506782845,17.60501819381877,6.852282585019872,9.105778638434312,201.85079184468984,0.6676289625132008,0.9919181325866736,0.000635184897133,0.1268795422665369,0.9304793379020848,1464.8952487721988,10742.904150064516,11545.559060221714,5.302547048138705,0.1307833996846965,30.0,0.0333333333333337,1.1355167479818001e-15,0.15088192967845,1.1355167479818001e-15,21.06,0.57,4.585038278267597,-1.3586313172341,18.684724764342,18.684724764342,0.57,21.06,8.849949903066666,0.164441633,30.0,1.0,,,1.0000000000000118,1.0,20.0433560815761,0.54759266,0.44298718,-11.96185852,0.0784648480379846,2.7792277731515e-05,0.29489222586045,0.058057618339675,33.58,16.51,Ag_13,-2.13,20.0,Ag_13_1hzh.dlg,-1.878091757962518,1.878091757962518,0.7050874408894409,-0.7050874408894409,1.1730043170730773,0.5865021585365386
Methotrexate,1hzh,-7.407,422.4019999999998,422.1662304240005,-2.177909999999996,220.33,5,10,10,30,52,0.4375,2,0,36.027198506782845,17.60501819381877,6.852282585019872,9.105778638434312,201.85079184468984,0.6676289625132008,0.9919181325866736,0.000635184897133,0.1268795422665369,0.9304793379020848,1464.8952487721988,10742.904150064516,11545.559060221714,5.302547048138705,0.1307833996846965,30.0,0.0333333333333337,1.1355167479818001e-15,0.15088192967845,1.1355167479818001e-15,21.06,0.57,4.585038278267597,-1.3586313172341,18.684724764342,18.684724764342,0.57,21.06,8.849949903066666,0.164441633,30.0,1.0,,,1.0000000000000118,1.0,20.0433560815761,0.54759266,0.44298718,-11.96185852,0.0784648480379846,2.7792277731515e-05,0.29489222586045,0.058057618339675,33.58,16.51,Au_13,-2.12,19.0,Au_13_1hzh.dlg,-1.878091757962518,1.878091757962518,0.7091242010472047,-0.7091242010472047,1.1689675569153133,0.5844837784576566
Methotrexate,1hzh,-7.407,422.4019999999998,422.1662304240005,-2.177909999999996,220.33,5,10,10,30,52,0.4375,2,0,36.027198506782845,17.60501819381877,6.852282585019872,9.105778638434312,201.85079184468984,0.6676289625132008,0.9919181325866736,0.000635184897133,0.1268795422665369,0.9304793379020848,1464.8952487721988,10742.904150064516,11545.559060221714,5.302547048138705,0.1307833996846965,30.0,0.0333333333333337,1.1355167479818001e-15,0.15088192967845,1.1355167479818001e-15,21.06,0.57,4.585038278267597,-1.3586313172341,18.684724764342,18.684724764342,0.57,21.06,8.849949903066666,0.164441633,30.0,1.0,,,1.0000000000000118,1.0,20.0433560815761,0.54759266,0.44298718,-11.96185852,0.0784648480379846,2.7792277731515e-05,0.29489222586045,0.058057618339675,33.58,16.51,ZnO_12_0,-7.38,22.0,ZnO_12_0_1hzh.dlg,-1.878091757962518,1.878091757962518,-1.4142116419366457,1.4142116419366457,3.292303399899164,1.646151699949582
Methotrexate,2hav,-8.247,422.4019999999998,422.1662304240005,-2.177909999999996,220.33,5,10,10,30,52,0.4375,2,0,36.027198506782845,17.60501819381877,6.852282585019872,9.105778638434312,201.85079184468984,0.6676289625132008,0.9919181325866736,0.000635184897133,0.1268795422665369,0.9304793379020848,1464.8952487721988,10742.904150064516,11545.559060221714,5.302547048138705,0.1307833996846965,30.0,0.0333333333333337,1.1355167479818001e-15,0.15088192967845,1.1355167479818001e-15,21.06,0.57,4.585038278267597,-1.3586313172341,18.684724764342,18.684724764342,0.57,21.06,8.849949903066666,0.164441633,30.0,1.0,,,1.0000000000000118,1.0,20.0433560815761,0.54759266,0.44298718,-11.96185852,0.0784648480379846,2.7792277731515e-05,0.29489222586045,0.058057618339675,33.58,16.51,Ag_13,-2.17,23.0,Ag_13_2hav.dlg,-1.8550940535015068,1.8550940535015068,0.7360514352688697,-0.7360514352688697,1.119042618232637,0.5595213091163185
Methotrexate,2hav,-8.247,422.4019999999998,422.1662304240005,-2.177909999999996,220.33,5,10,10,30,52,0.4375,2,0,36.027198506782845,17.60501819381877,6.852282585019872,9.105778638434312,201.85079184468984,0.6676289625132008,0.9919181325866736,0.000635184897133,0.1268795422665369,0.9304793379020848,1464.8952487721988,10742.904150064516,11545.559060221714,5.302547048138705,0.1307833996846965,30.0,0.0333333333333337,1.1355167479818001e-15,0.15088192967845,1.1355167479818001e-15,21.06,0.57,4.585038278267597,-1.3586313172341,18.684724764342,18.684724764342,0.57,21.06,8.849949903066666,0.164441633,30.0,1.0,,,1.0000000000000118,1.0,20.0433560815761,0.54759266,0.44298718,-11.96185852,0.0784648480379846,2.7792277731515e-05,0.29489222586045,0.058057618339675,33.58,16.51,Au_13,-2.34,21.0,Au_13_2hav.dlg,-1.8550940535015068,1.8550940535015068,0.6777616476932294,-0.6777616476932294,1.1773324058082775,0.5886662029041387
Methotrexate,2hav,-8.247,422.4019999999998,422.1662304240005,-2.177909999999996,220.33,5,10,10,30,52,0.4375,2,0,36.027198506782845,17.60501819381877,6.852282585019872,9.105778638434312,201.85079184468984,0.6676289625132008,0.9919181325866736,0.000635184897133,0.1268795422665369,0.9304793379020848,1464.8952487721988,10742.904150064516,11545.559060221714,5.302547048138705,0.1307833996846965,30.0,0.0333333333333337,1.1355167479818001e-15,0.15088192967845,1.1355167479818001e-15,21.06,0.57,4.585038278267597,-1.3586313172341,18.684724764342,18.684724764342,0.57,21.06,8.849949903066666,0.164441633,30.0,1.0,,,1.0000000000000118,1.0,20.0433560815761,0.54759266,0.44298718,-11.96185852,0.0784648480379846,2.7792277731515e-05,0.29489222586045,0.058057618339675,33.58,16.51,ZnO_12_0,-8.44,21.0,ZnO_12_0_2hav.dlg,-1.8550940535015068,1.8550940535015068,-1.4138130829620992,1.4138130829620992,3.268907136463606,1.634453568231803
Methotrexate,3ghg,-7.009,422.4019999999998,422.1662304240005,-2.177909999999996,220.33,5,10,10,30,52,0.4375,2,0,36.027198506782845,17.60501819381877,6.852282585019872,9.105778638434312,201.85079184468984,0.6676289625132008,0.9919181325866736,0.000635184897133,0.1268795422665369,0.9304793379020848,1464.8952487721988,10742.904150064516,11545.559060221714,5.302547048138705,0.1307833996846965,30.0,0.0333333333333337,1.1355167479818001e-15,0.15088192967845,1.1355167479818001e-15,21.06,0.57,4.585038278267597,-1.3586313172341,18.684724764342,18.684724764342,0.57,21.06,8.849949903066666,0.164441633,30.0,1.0,,,1.0000000000000118,1.0,20.0433560815761,0.54759266,0.44298718,-11.96185852,0.0784648480379846,2.7792277731515e-05,0.29489222586045,0.058057618339675,33.58,16.51,,,,,-1.8856907653121135,1.8856907653121135,,,,
mPEG-thiol_n_3_methyl-capped,1ao6,-3.745,180.2690000000001,180.082015372,0.5958000000000001,27.69,1,4,9,11,27,1.0,0,0,21.132993161855453,10.087117307087384,1.7081831852280678,10.23,95.58502993662076,0.574296388551234,0.9853817909107354,0.0027051521343561,0.1703605768408631,0.902094682914698,333.47280970185165,1765.8078770751667,1957.4529265262736,3.354383573498432,0.2454617813688341,30.0,0.0333333333333334,0.0011575544585811,0.070211733464406,0.0011575544585811,11.95,0.57,0.2114630544993457,-0.5201473497617,2.0100191057785,2.0100191057785,0.57,11.95,7.955895350681501,0.00488048856,30.0,1.0,,,1.000000000000003,1.0,2.5301664555402,0.16547096,0.06086548,-2.11128659,0.221436343722993,7.97670091978e-05,0.84033258211248,0.14391127768968,33.58,16.51,Ag_13,-2.24,22.0,Ag_13_1ao6.dlg,0.7062089381819405,-0.7062089381819405,0.7264062428081293,-0.7264062428081293,-1.4326151809900698,-0.7163075904950349
mPEG-thiol_n_3_methyl-capped,1ao6,-3.745,180.2690000000001,180.082015372,0.5958000000000001,27.69,1,4,9,11,27,1.0,0,0,21.132993161855453,10.087117307087384,1.7081831852280678,10.23,95.58502993662076,0.574296388551234,0.9853817909107354,0.0027051521343561,0.1703605768408631,0.902094682914698,333.47280970185165,1765.8078770751667,1957.4529265262736,3.354383573498432,0.2454617813688341,30.0,0.0333333333333334,0.0011575544585811,0.070211733464406,0.0011575544585811,11.95,0.57,0.2114630544993457,-0.5201473497617,2.0100191057785,2.0100191057785,0.57,11.95,7.955895350681501,0.00488048856,30.0,1.0,,,1.000000000000003,1.0,2.5301664555402,0.16547096,0.06086548,-2.11128659,0.221436343722993,7.97670091978e-05,0.84033258211248,0.14391127768968,33.58,16.51,Au_13,-2.34,22.0,Au_13_1ao6.dlg,0.7062089381819405,-0.7062089381819405,0.6876301088504001,-0.6876301088504001,-1.3938390470323405,-0.6969195235161703
mPEG-thiol_n_3_methyl-capped,1ao6,-3.745,180.2690000000001,180.082015372,0.5958000000000001,27.69,1,4,9,11,27,1.0,0,0,21.132993161855453,10.087117307087384,1.7081831852280678,10.23,95.58502993662076,0.574296388551234,0.9853817909107354,0.0027051521343561,0.1703605768408631,0.902094682914698,333.47280970185165,1765.8078770751667,1957.4529265262736,3.354383573498432,0.2454617813688341,30.0,0.0333333333333334,0.0011575544585811,0.070211733464406,0.0011575544585811,11.95,0.57,0.2114630544993457,-0.5201473497617,2.0100191057785,2.0100191057785,0.57,11.95,7.955895350681501,0.00488048856,30.0,1.0,,,1.000000000000003,1.0,2.5301664555402,0.16547096,0.06086548,-2.11128659,0.221436343722993,7.97670091978e-05,0.84033258211248,0.14391127768968,33.58,16.51,ZnO_12_0,-7.76,22.0,ZnO_12_0_1ao6.dlg,0.7062089381819405,-0.7062089381819405,-1.4140363516585295,1.4140363516585295,0.707827413476589,0.3539137067382945
mPEG-thiol_n_3_methyl-capped,1hzh,-3.471,180.2690000000001,180.082015372,0.5958000000000001,27.69,1,4,9,11,27,1.0,0,0,21.132993161855453,10.087117307087384,1.7081831852280678,10.23,95.58502993662076,0.574296388551234,0.9853817909107354,0.0027051521343561,0.1703605768408631,0.902094682914698,333.47280970185165,1765.8078770751667,1957.4529265262736,3.354383573498432,0.2454617813688341,30.0,0.0333333333333334,0.0011575544585811,0.070211733464406,0.0011575544585811,11.95,0.57,0.2114630544993457,-0.5201473497617,2.0100191057785,2.0100191057785,0.57,11.95,7.955895350681501,0.00488048856,30.0,1.0,,,1.000000000000003,1.0,2.5301664555402,0.16547096,0.06086548,-2.11128659,0.221436343722993,7.97670091978e-05,0.84033258211248,0.14391127768968,33.58,16.51,Ag_13,-2.13,20.0,Ag_13_1hzh.dlg,0.8589835909619271,-0.8589835909619271,0.7050874408894409,-0.7050874408894409,-1.564071031851368,-0.782035515925684
mPEG-thiol_n_3_methyl-capped,1hzh,-3.471,180.2690000000001,180.082015372,0.5958000000000001,27.69,1,4,9,11,27,1.0,0,0,21.132993161855453,10.087117307087384,1.7081831852280678,10.23,95.58502993662076,0.574296388551234,0.9853817909107354,0.0027051521343561,0.1703605768408631,0.902094682914698,333.47280970185165,1765.8078770751667,1957.4529265262736,3.354383573498432,0.2454617813688341,30.0,0.0333333333333334,0.0011575544585811,0.070211733464406,0.0011575544585811,11.95,0.57,0.2114630544993457,-0.5201473497617,2.0100191057785,2.0100191057785,0.57,11.95,7.955895350681501,0.00488048856,30.0,1.0,,,1.000000000000003,1.0,2.5301664555402,0.16547096,0.06086548,-2.11128659,0.221436343722993,7.97670091978e-05,0.84033258211248,0.14391127768968,33.58,16.51,Au_13,-2.12,19.0,Au_13_1hzh.dlg,0.8589835909619271,-0.8589835909619271,0.7091242010472047,-0.7091242010472047,-1.568107792009132,-0.784053896004566
mPEG-thiol_n_3_methyl-capped,1hzh,-3.471,180.2690000000001,180.082015372,0.5958000000000001,27.69,1,4,9,11,27,1.0,0,0,21.132993161855453,10.087117307087384,1.7081831852280678,10.23,95.58502993662076,0.574296388551234,0.9853817909107354,0.0027051521343561,0.1703605768408631,0.902094682914698,333.47280970185165,1765.8078770751667,1957.4529265262736,3.354383573498432,0.2454617813688341,30.0,0.0333333333333334,0.0011575544585811,0.070211733464406,0.0011575544585811,11.95,0.57,0.2114630544993457,-0.5201473497617,2.0100191057785,2.0100191057785,0.57,11.95,7.955895350681501,0.00488048856,30.0,1.0,,,1.000000000000003,1.0,2.5301664555402,0.16547096,0.06086548,-2.11128659,0.221436343722993,7.97670091978e-05,0.84033258211248,0.14391127768968,33.58,16.51,ZnO_12_0,-7.38,22.0,ZnO_12_0_1hzh.dlg,0.8589835909619271,-0.8589835909619271,-1.4142116419366457,1.4142116419366457,0.5552280509747186,0.2776140254873593
mPEG-thiol_n_3_methyl-capped,2hav,-4.006,180.2690000000001,180.082015372,0.5958000000000001,27.69,1,4,9,11,27,1.0,0,0,21.132993161855453,10.087117307087384,1.7081831852280678,10.23,95.58502993662076,0.574296388551234,0.9853817909107354,0.0027051521343561,0.1703605768408631,0.902094682914698,333.47280970185165,1765.8078770751667,1957.4529265262736,3.354383573498432,0.2454617813688341,30.0,0.0333333333333334,0.0011575544585811,0.070211733464406,0.0011575544585811,11.95,0.57,0.2114630544993457,-0.5201473497617,2.0100191057785,2.0100191057785,0.57,11.95,7.955895350681501,0.00488048856,30.0,1.0,,,1.000000000000003,1.0,2.5301664555402,0.16547096,0.06086548,-2.11128659,0.221436343722993,7.97670091978e-05,0.84033258211248,0.14391127768968,33.58,16.51,Ag_13,-2.17,23.0,Ag_13_2hav.dlg,0.685469386320668,-0.685469386320668,0.7360514352688697,-0.7360514352688697,-1.4215208215895379,-0.7107604107947689
mPEG-thiol_n_3_methyl-capped,2hav,-4.006,180.2690000000001,180.082015372,0.5958000000000001,27.69,1,4,9,11,27,1.0,0,0,21.132993161855453,10.087117307087384,1.7081831852280678,10.23,95.58502993662076,0.574296388551234,0.9853817909107354,0.0027051521343561,0.1703605768408631,0.902094682914698,333.47280970185165,1765.8078770751667,1957.4529265262736,3.354383573498432,0.2454617813688341,30.0,0.0333333333333334,0.0011575544585811,0.070211733464406,0.0011575544585811,11.95,0.57,0.2114630544993457,-0.5201473497617,2.0100191057785,2.0100191057785,0.57,11.95,7.955895350681501,0.00488048856,30.0,1.0,,,1.000000000000003,1.0,2.5301664555402,0.16547096,0.06086548,-2.11128659,0.221436343722993,7.97670091978e-05,0.84033258211248,0.14391127768968,33.58,16.51,Au_13,-2.34,21.0,Au_13_2hav.dlg,0.685469386320668,-0.685469386320668,0.6777616476932294,-0.6777616476932294,-1.3632310340138973,-0.6816155170069487
mPEG-thiol_n_3_methyl-capped,2hav,-4.006,180.2690000000001,180.082015372,0.5958000000000001,27.69,1,4,9,11,27,1.0,0,0,21.132993161855453,10.087117307087384,1.7081831852280678,10.23,95.58502993662076,0.574296388551234,0.9853817909107354,0.0027051521343561,0.1703605768408631,0.902094682914698,333.47280970185165,1765.8078770751667,1957.4529265262736,3.354383573498432,0.2454617813688341,30.0,0.0333333333333334,0.0011575544585811,0.070211733464406,0.0011575544585811,11.95,0.57,0.2114630544993457,-0.5201473497617,2.0100191057785,2.0100191057785,0.57,11.95,7.955895350681501,0.00488048856,30.0,1.0,,,1.000000000000003,1.0,2.5301664555402,0.16547096,0.06086548,-2.11128659,0.221436343722993,7.97670091978e-05,0.84033258211248,0.14391127768968,33.58,16.51,ZnO_12_0,-8.44,21.0,ZnO_12_0_2hav.dlg,0.685469386320668,-0.685469386320668,-1.4138130829620992,1.4138130829620992,0.7283436966414312,0.3641718483207156
mPEG-thiol_n_3_methyl-capped,3ghg,-3.096,180.2690000000001,180.082015372,0.5958000000000001,27.69,1,4,9,11,27,1.0,0,0,21.132993161855453,10.087117307087384,1.7081831852280678,10.23,95.58502993662076,0.574296388551234,0.9853817909107354,0.0027051521343561,0.1703605768408631,0.902094682914698,333.47280970185165,1765.8078770751667,1957.4529265262736,3.354383573498432,0.2454617813688341,30.0,0.0333333333333334,0.0011575544585811,0.070211733464406,0.0011575544585811,11.95,0.57,0.2114630544993457,-0.5201473497617,2.0100191057785,2.0100191057785,0.57,11.95,7.955895350681501,0.00488048856,30.0,1.0,,,1.000000000000003,1.0,2.5301664555402,0.16547096,0.06086548,-2.11128659,0.221436343722993,7.97670091978e-05,0.84033258211248,0.14391127768968,33.58,16.51,,,,,0.9610329864881563,-0.9610329864881563,,,,
mPEG-thiol_n_6_methyl-capped,1ao6,-4.282,312.42799999999943,312.1606596160008,0.6456000000000004,55.38000000000001,1,7,18,20,48,1.0,0,0,37.357738033247045,18.06186217847897,3.3090797674690733,19.110000000000003,165.9749643135348,0.7624987997736643,0.9962333826767508,0.001094910231684,0.08671243994052,0.9443920821186582,862.5292327994401,9393.874496097904,9947.006835363967,5.686203162432181,0.0886432377931009,30.0,0.0333333333333333,3.1617461902952e-05,0.10618991711158,3.1617461902952e-05,26.75,0.57,1.366486628508436,-0.26133810026695,4.7428243016011,4.7428243016011,0.57,26.75,8.175335635116666,0.216165531,30.0,1.0,,,1.000000000000001,1.0,5.00416240186805,-0.5432255,-0.64783098,-3.2966148,0.105867222349034,4.0151484997479e-05,0.39679224620884,0.073830929628347,33.58,16.51,Ag_13,-2.24,22.0,Ag_13_1ao6.dlg,0.34714979727665224,-0.34714979727665224,0.7264062428081293,-0.7264062428081293,-1.0735560400847814,-0.5367780200423907
mPEG-thiol_n_6_methyl-capped,1ao6,-4.282,312.42799999999943,312.1606596160008,0.6456000000000004,55.38000000000001,1,7,18,20,48,1.0,0,0,37.357738033247045,18.06186217847897,3.3090797674690733,19.110000000000003,165.9749643135348,0.7624987997736643,0.9962333826767508,0.001094910231684,0.08671243994052,0.9443920821186582,862.5292327994401,9393.874496097904,9947.006835363967,5.686203162432181,0.0886432377931009,30.0,0.0333333333333333,3.1617461902952e-05,0.10618991711158,3.1617461902952e-05,26.75,0.57,1.366486628508436,-0.26133810026695,4.7428243016011,4.7428243016011,0.57,26.75,8.175335635116666,0.216165531,30.0,1.0,,,1.000000000000001,1.0,5.00416240186805,-0.5432255,-0.64783098,-3.2966148,0.105867222349034,4.0151484997479e-05,0.39679224620884,0.073830929628347,33.58,16.51,Au_13,-2.34,22.0,Au_13_1ao6.dlg,0.34714979727665224,-0.34714979727665224,0.6876301088504001,-0.6876301088504001,-1.0347799061270524,-0.5173899530635262
mPEG-thiol_n_6_methyl-capped,1ao6,-4.282,312.42799999999943,312.1606596160008,0.6456000000000004,55.38000000000001,1,7,18,20,48,1.0,0,0,37.357738033247045,18.06186217847897,3.3090797674690733,19.110000000000003,165.9749643135348,0.7624987997736643,0.9962333826767508,0.001094910231684,0.08671243994052,0.9443920821186582,862.5292327994401,9393.874496097904,9947.006835363967,5.686203162432181,0.0886432377931009,30.0,0.0333333333333333,3.1617461902952e-05,0.10618991711158,3.1617461902952e-05,26.75,0.57,1.366486628508436,-0.26133810026695,4.7428243016011,4.7428243016011,0.57,26.75,8.175335635116666,0.216165531,30.0,1.0,,,1.000000000000001,1.0,5.00416240186805,-0.5432255,-0.64783098,-3.2966148,0.105867222349034,4.0151484997479e-05,0.39679224620884,0.073830929628347,33.58,16.51,ZnO_12_0,-7.76,22.0,ZnO_12_0_1ao6.dlg,0.34714979727665224,-0.34714979727665224,-1.4140363516585295,1.4140363516585295,1.0668865543818773,0.5334432771909386
mPEG-thiol_n_6_methyl-capped,1hzh,-3.962,312.42799999999943,312.1606596160008,0.6456000000000004,55.38000000000001,1,7,18,20,48,1.0,0,0,37.357738033247045,18.06186217847897,3.3090797674690733,19.110000000000003,165.9749643135348,0.7624987997736643,0.9962333826767508,0.001094910231684,0.08671243994052,0.9443920821186582,862.5292327994401,9393.874496097904,9947.006835363967,5.686203162432181,0.0886432377931009,30.0,0.0333333333333333,3.1617461902952e-05,0.10618991711158,3.1617461902952e-05,26.75,0.57,1.366486628508436,-0.26133810026695,4.7428243016011,4.7428243016011,0.57,26.75,8.175335635116666,0.216165531,30.0,1.0,,,1.000000000000001,1.0,5.00416240186805,-0.5432255,-0.64783098,-3.2966148,0.105867222349034,4.0151484997479e-05,0.39679224620884,0.073830929628347,33.58,16.51,Ag_13,-2.13,20.0,Ag_13_1hzh.dlg,0.5175445675061592,-0.5175445675061592,0.7050874408894409,-0.7050874408894409,-1.2226320083956002,-0.6113160041978001
mPEG-thiol_n_6_methyl-capped,1hzh,-3.962,312.42799999999943,312.1606596160008,0.6456000000000004,55.38000000000001,1,7,18,20,48,1.0,0,0,37.357738033247045,18.06186217847897,3.3090797674690733,19.110000000000003,165.9749643135348,0.7624987997736643,0.9962333826767508,0.001094910231684,0.08671243994052,0.9443920821186582,862.5292327994401,9393.874496097904,9947.006835363967,5.686203162432181,0.0886432377931009,30.0,0.0333333333333333,3.1617461902952e-05,0.10618991711158,3.1617461902952e-05,26.75,0.57,1.366486628508436,-0.26133810026695,4.7428243016011,4.7428243016011,0.57,26.75,8.175335635116666,0.216165531,30.0,1.0,,,1.000000000000001,1.0,5.00416240186805,-0.5432255,-0.64783098,-3.2966148,0.105867222349034,4.0151484997479e-05,0.39679224620884,0.073830929628347,33.58,16.51,Au_13,-2.12,19.0,Au_13_1hzh.dlg,0.5175445675061592,-0.5175445675061592,0.7091242010472047,-0.7091242010472047,-1.226668768553364,-0.613334384276682
mPEG-thiol_n_6_methyl-capped,1hzh,-3.962,312.42799999999943,312.1606596160008,0.6456000000000004,55.38000000000001,1,7,18,20,48,1.0,0,0,37.357738033247045,18.06186217847897,3.3090797674690733,19.110000000000003,165.9749643135348,0.7624987997736643,0.9962333826767508,0.001094910231684,0.08671243994052,0.9443920821186582,862.5292327994401,9393.874496097904,9947.006835363967,5.686203162432181,0.0886432377931009,30.0,0.0333333333333333,3.1617461902952e-05,0.10618991711158,3.1617461902952e-05,26.75,0.57,1.366486628508436,-0.26133810026695,4.7428243016011,4.7428243016011,0.57,26.75,8.175335635116666,0.216165531,30.0,1.0,,,1.000000000000001,1.0,5.00416240186805,-0.5432255,-0.64783098,-3.2966148,0.105867222349034,4.0151484997479e-05,0.39679224620884,0.073830929628347,33.58,16.51,ZnO_12_0,-7.38,22.0,ZnO_12_0_1hzh.dlg,0.5175445675061592,-0.5175445675061592,-1.4142116419366457,1.4142116419366457,0.8966670744304865,0.44833353721524327
mPEG-thiol_n_6_methyl-capped,2hav,-4.626,312.42799999999943,312.1606596160008,0.6456000000000004,55.38000000000001,1,7,18,20,48,1.0,0,0,37.357738033247045,18.06186217847897,3.3090797674690733,19.110000000000003,165.9749643135348,0.7624987997736643,0.9962333826767508,0.001094910231684,0.08671243994052,0.9443920821186582,862.5292327994401,9393.874496097904,9947.006835363967,5.686203162432181,0.0886432377931009,30.0,0.0333333333333333,3.1617461902952e-05,0.10618991711158,3.1617461902952e-05,26.75,0.57,1.366486628508436,-0.26133810026695,4.7428243016011,4.7428243016011,0.57,26.75,8.175335635116666,0.216165531,30.0,1.0,,,1.000000000000001,1.0,5.00416240186805,-0.5432255,-0.64783098,-3.2966148,0.105867222349034,4.0151484997479e-05,0.39679224620884,0.073830929628347,33.58,16.51,Ag_13,-2.17,23.0,Ag_13_2hav.dlg,0.3140594988672964,-0.3140594988672964,0.7360514352688697,-0.7360514352688697,-1.050110934136166,-0.525055467068083
mPEG-thiol_n_6_methyl-capped,2hav,-4.626,312.42799999999943,312.1606596160008,0.6456000000000004,55.38000000000001,1,7,18,20,48,1.0,0,0,37.357738033247045,18.06186217847897,3.3090797674690733,19.110000000000003,165.9749643135348,0.7624987997736643,0.9962333826767508,0.001094910231684,0.08671243994052,0.9443920821186582,862.5292327994401,9393.874496097904,9947.006835363967,5.686203162432181,0.0886432377931009,30.0,0.0333333333333333,3.1617461902952e-05,0.10618991711158,3.1617461902952e-05,26.75,0.57,1.366486628508436,-0.26133810026695,4.7428243016011,4.7428243016011,0.57,26.75,8.175335635116666,0.216165531,30.0,1.0,,,1.000000000000001,1.0,5.00416240186805,-0.5432255,-0.64783098,-3.2966148,0.105867222349034,4.0151484997479e-05,0.39679224620884,0.073830929628347,33.58,16.51,Au_13,-2.34,21.0,Au_13_2hav.dlg,0.3140594988672964,-0.3140594988672964,0.6777616476932294,-0.6777616476932294,-0.9918211465605258,-0.4959105732802629
mPEG-thiol_n_6_methyl-capped,2hav,-4.626,312.42799999999943,312.1606596160008,0.6456000000000004,55.38000000000001,1,7,18,20,48,1.0,0,0,37.357738033247045,18.06186217847897,3.3090797674690733,19.110000000000003,165.9749643135348,0.7624987997736643,0.9962333826767508,0.001094910231684,0.08671243994052,0.9443920821186582,862.5292327994401,9393.874496097904,9947.006835363967,5.686203162432181,0.0886432377931009,30.0,0.0333333333333333,3.1617461902952e-05,0.10618991711158,3.1617461902952e-05,26.75,0.57,1.366486628508436,-0.26133810026695,4.7428243016011,4.7428243016011,0.57,26.75,8.175335635116666,0.216165531,30.0,1.0,,,1.000000000000001,1.0,5.00416240186805,-0.5432255,-0.64783098,-3.2966148,0.105867222349034,4.0151484997479e-05,0.39679224620884,0.073830929628347,33.58,16.51,ZnO_12_0,-8.44,21.0,ZnO_12_0_2hav.dlg,0.3140594988672964,-0.3140594988672964,-1.4138130829620992,1.4138130829620992,1.0997535840948027,0.5498767920474014
mPEG-thiol_n_6_methyl-capped,3ghg,-3.657,312.42799999999943,312.1606596160008,0.6456000000000004,55.38000000000001,1,7,18,20,48,1.0,0,0,37.357738033247045,18.06186217847897,3.3090797674690733,19.110000000000003,165.9749643135348,0.7624987997736643,0.9962333826767508,0.001094910231684,0.08671243994052,0.9443920821186582,862.5292327994401,9393.874496097904,9947.006835363967,5.686203162432181,0.0886432377931009,30.0,0.0333333333333333,3.1617461902952e-05,0.10618991711158,3.1617461902952e-05,26.75,0.57,1.366486628508436,-0.26133810026695,4.7428243016011,4.7428243016011,0.57,26.75,8.175335635116666,0.216165531,30.0,1.0,,,1.000000000000001,1.0,5.00416240186805,-0.5432255,-0.64783098,-3.2966148,0.105867222349034,4.0151484997479e-05,0.39679224620884,0.073830929628347,33.58,16.51,,,,,0.5529031564958354,-0.5529031564958354,,,,
PEG-amine_n_3_proxy,1ao6,-4.153,177.24400000000017,177.136493468,0.0147999999999999,53.71000000000001,1,4,10,12,31,1.0,0,0,24.671958466891542,11.842778860141484,1.5624733880068136,10.840000000000002,100.78492498180422,0.6032165792476983,0.9877354943095475,0.0026081109293104,0.1561364572451728,0.8868074716990274,340.0190773072286,1931.204688491047,2177.70457525698,3.542639300661968,0.119018197882181,30.0,0.0333333333333333,0.0001559914543717,0.098202346488279,0.0001559914543717,26.75,0.57,0.8852795054637421,-0.32923079263098,3.6430140077586,3.6430140077586,0.57,26.75,7.973348540260834,0.00398833867,30.0,1.0,,,1.0000000000000009,1.0,3.97224480038958,-0.34864045,-0.45324593,-2.76030471,0.197306224863806,7.2485958884827e-05,0.74631452526109,0.13320032487412,33.58,16.51,Ag_13,-2.24,22.0,Ag_13_1ao6.dlg,0.4334042277734536,-0.4334042277734536,0.7264062428081293,-0.7264062428081293,-1.1598104705815828,-0.5799052352907914
PEG-amine_n_3_proxy,1ao6,-4.153,177.24400000000017,177.136493468,0.0147999999999999,53.71000000000001,1,4,10,12,31,1.0,0,0,24.671958466891542,11.842778860141484,1.5624733880068136,10.840000000000002,100.78492498180422,0.6032165792476983,0.9877354943095475,0.0026081109293104,0.1561364572451728,0.8868074716990274,340.0190773072286,1931.204688491047,2177.70457525698,3.542639300661968,0.119018197882181,30.0,0.0333333333333333,0.0001559914543717,0.098202346488279,0.0001559914543717,26.75,0.57,0.8852795054637421,-0.32923079263098,3.6430140077586,3.6430140077586,0.57,26.75,7.973348540260834,0.00398833867,30.0,1.0,,,1.0000000000000009,1.0,3.97224480038958,-0.34864045,-0.45324593,-2.76030471,0.197306224863806,7.2485958884827e-05,0.74631452526109,0.13320032487412,33.58,16.51,Au_13,-2.34,22.0,Au_13_1ao6.dlg,0.4334042277734536,-0.4334042277734536,0.6876301088504001,-0.6876301088504001,-1.1210343366238538,-0.5605171683119269
PEG-amine_n_3_proxy,1ao6,-4.153,177.24400000000017,177.136493468,0.0147999999999999,53.71000000000001,1,4,10,12,31,1.0,0,0,24.671958466891542,11.842778860141484,1.5624733880068136,10.840000000000002,100.78492498180422,0.6032165792476983,0.9877354943095475,0.0026081109293104,0.1561364572451728,0.8868074716990274,340.0190773072286,1931.204688491047,2177.70457525698,3.542639300661968,0.119018197882181,30.0,0.0333333333333333,0.0001559914543717,0.098202346488279,0.0001559914543717,26.75,0.57,0.8852795054637421,-0.32923079263098,3.6430140077586,3.6430140077586,0.57,26.75,7.973348540260834,0.00398833867,30.0,1.0,,,1.0000000000000009,1.0,3.97224480038958,-0.34864045,-0.45324593,-2.76030471,0.197306224863806,7.2485958884827e-05,0.74631452526109,0.13320032487412,33.58,16.51,ZnO_12_0,-7.76,22.0,ZnO_12_0_1ao6.dlg,0.4334042277734536,-0.4334042277734536,-1.4140363516585295,1.4140363516585295,0.9806321238850759,0.49031606194253796
PEG-amine_n_3_proxy,1hzh,-4.18,177.24400000000017,177.136493468,0.0147999999999999,53.71000000000001,1,4,10,12,31,1.0,0,0,24.671958466891542,11.842778860141484,1.5624733880068136,10.840000000000002,100.78492498180422,0.6032165792476983,0.9877354943095475,0.0026081109293104,0.1561364572451728,0.8868074716990274,340.0190773072286,1931.204688491047,2177.70457525698,3.542639300661968,0.119018197882181,30.0,0.0333333333333333,0.0001559914543717,0.098202346488279,0.0001559914543717,26.75,0.57,0.8852795054637421,-0.32923079263098,3.6430140077586,3.6430140077586,0.57,26.75,7.973348540260834,0.00398833867,30.0,1.0,,,1.0000000000000009,1.0,3.97224480038958,-0.34864045,-0.45324593,-2.76030471,0.197306224863806,7.2485958884827e-05,0.74631452526109,0.13320032487412,33.58,16.51,Ag_13,-2.13,20.0,Ag_13_1hzh.dlg,0.36594842267243766,-0.36594842267243766,0.7050874408894409,-0.7050874408894409,-1.0710358635618786,-0.5355179317809393
PEG-amine_n_3_proxy,1hzh,-4.18,177.24400000000017,177.136493468,0.0147999999999999,53.71000000000001,1,4,10,12,31,1.0,0,0,24.671958466891542,11.842778860141484,1.5624733880068136,10.840000000000002,100.78492498180422,0.6032165792476983,0.9877354943095475,0.0026081109293104,0.1561364572451728,0.8868074716990274,340.0190773072286,1931.204688491047,2177.70457525698,3.542639300661968,0.119018197882181,30.0,0.0333333333333333,0.0001559914543717,0.098202346488279,0.0001559914543717,26.75,0.57,0.8852795054637421,-0.32923079263098,3.6430140077586,3.6430140077586,0.57,26.75,7.973348540260834,0.00398833867,30.0,1.0,,,1.0000000000000009,1.0,3.97224480038958,-0.34864045,-0.45324593,-2.76030471,0.197306224863806,7.2485958884827e-05,0.74631452526109,0.13320032487412,33.58,16.51,Au_13,-2.12,19.0,Au_13_1hzh.dlg,0.36594842267243766,-0.36594842267243766,0.7091242010472047,-0.7091242010472047,-1.0750726237196424,-0.5375363118598212
PEG-amine_n_3_proxy,1hzh,-4.18,177.24400000000017,177.136493468,0.0147999999999999,53.71000000000001,1,4,10,12,31,1.0,0,0,24.671958466891542,11.842778860141484,1.5624733880068136,10.840000000000002,100.78492498180422,0.6032165792476983,0.9877354943095475,0.0026081109293104,0.1561364572451728,0.8868074716990274,340.0190773072286,1931.204688491047,2177.70457525698,3.542639300661968,0.119018197882181,30.0,0.0333333333333333,0.0001559914543717,0.098202346488279,0.0001559914543717,26.75,0.57,0.8852795054637421,-0.32923079263098,3.6430140077586,3.6430140077586,0.57,26.75,7.973348540260834,0.00398833867,30.0,1.0,,,1.0000000000000009,1.0,3.97224480038958,-0.34864045,-0.45324593,-2.76030471,0.197306224863806,7.2485958884827e-05,0.74631452526109,0.13320032487412,33.58,16.51,ZnO_12_0,-7.38,22.0,ZnO_12_0_1hzh.dlg,0.36594842267243766,-0.36594842267243766,-1.4142116419366457,1.4142116419366457,1.048263219264208,0.524131609632104
PEG-amine_n_3_proxy,2hav,-4.513,177.24400000000017,177.136493468,0.0147999999999999,53.71000000000001,1,4,10,12,31,1.0,0,0,24.671958466891542,11.842778860141484,1.5624733880068136,10.840000000000002,100.78492498180422,0.6032165792476983,0.9877354943095475,0.0026081109293104,0.1561364572451728,0.8868074716990274,340.0190773072286,1931.204688491047,2177.70457525698,3.542639300661968,0.119018197882181,30.0,0.0333333333333333,0.0001559914543717,0.098202346488279,0.0001559914543717,26.75,0.57,0.8852795054637421,-0.32923079263098,3.6430140077586,3.6430140077586,0.57,26.75,7.973348540260834,0.00398833867,30.0,1.0,,,1.0000000000000009,1.0,3.97224480038958,-0.34864045,-0.45324593,-2.76030471,0.197306224863806,7.2485958884827e-05,0.74631452526109,0.13320032487412,33.58,16.51,Ag_13,-2.17,23.0,Ag_13_2hav.dlg,0.3817519460967015,-0.3817519460967015,0.7360514352688697,-0.7360514352688697,-1.1178033813655712,-0.5589016906827856
PEG-amine_n_3_proxy,2hav,-4.513,177.24400000000017,177.136493468,0.0147999999999999,53.71000000000001,1,4,10,12,31,1.0,0,0,24.671958466891542,11.842778860141484,1.5624733880068136,10.840000000000002,100.78492498180422,0.6032165792476983,0.9877354943095475,0.0026081109293104,0.1561364572451728,0.8868074716990274,340.0190773072286,1931.204688491047,2177.70457525698,3.542639300661968,0.119018197882181,30.0,0.0333333333333333,0.0001559914543717,0.098202346488279,0.0001559914543717,26.75,0.57,0.8852795054637421,-0.32923079263098,3.6430140077586,3.6430140077586,0.57,26.75,7.973348540260834,0.00398833867,30.0,1.0,,,1.0000000000000009,1.0,3.97224480038958,-0.34864045,-0.45324593,-2.76030471,0.197306224863806,7.2485958884827e-05,0.74631452526109,0.13320032487412,33.58,16.51,Au_13,-2.34,21.0,Au_13_2hav.dlg,0.3817519460967015,-0.3817519460967015,0.6777616476932294,-0.6777616476932294,-1.059513593789931,-0.5297567968949655
PEG-amine_n_3_proxy,2hav,-4.513,177.24400000000017,177.136493468,0.0147999999999999,53.71000000000001,1,4,10,12,31,1.0,0,0,24.671958466891542,11.842778860141484,1.5624733880068136,10.840000000000002,100.78492498180422,0.6032165792476983,0.9877354943095475,0.0026081109293104,0.1561364572451728,0.8868074716990274,340.0190773072286,1931.204688491047,2177.70457525698,3.542639300661968,0.119018197882181,30.0,0.0333333333333333,0.0001559914543717,0.098202346488279,0.0001559914543717,26.75,0.57,0.8852795054637421,-0.32923079263098,3.6430140077586,3.6430140077586,0.57,26.75,7.973348540260834,0.00398833867,30.0,1.0,,,1.0000000000000009,1.0,3.97224480038958,-0.34864045,-0.45324593,-2.76030471,0.197306224863806,7.2485958884827e-05,0.74631452526109,0.13320032487412,33.58,16.51,ZnO_12_0,-8.44,21.0,ZnO_12_0_2hav.dlg,0.3817519460967015,-0.3817519460967015,-1.4138130829620992,1.4138130829620992,1.0320611368653978,0.5160305684326989
PEG-amine_n_3_proxy,3ghg,-3.632,177.24400000000017,177.136493468,0.0147999999999999,53.71000000000001,1,4,10,12,31,1.0,0,0,24.671958466891542,11.842778860141484,1.5624733880068136,10.840000000000002,100.78492498180422,0.6032165792476983,0.9877354943095475,0.0026081109293104,0.1561364572451728,0.8868074716990274,340.0190773072286,1931.204688491047,2177.70457525698,3.542639300661968,0.119018197882181,30.0,0.0333333333333333,0.0001559914543717,0.098202346488279,0.0001559914543717,26.75,0.57,0.8852795054637421,-0.32923079263098,3.6430140077586,3.6430140077586,0.57,26.75,7.973348540260834,0.00398833867,30.0,1.0,,,1.0000000000000009,1.0,3.97224480038958,-0.34864045,-0.45324593,-2.76030471,0.197306224863806,7.2485958884827e-05,0.74631452526109,0.13320032487412,33.58,16.51,,,,,0.5710907603279353,-0.5710907603279353,,,,
PEG-dithiol_n_3,1ao6,-3.649,226.3630000000001,226.069736436,0.8957999999999999,27.69,2,5,12,13,31,1.0,0,0,24.04124145231932,11.44948974278318,2.2981908436031366,12.580000000000002,115.59587558255896,0.171649681169801,0.8831101506329518,0.0009607777003021,0.4691657083046938,0.7515545264974332,782.2356058649981,1253.0598463805495,1667.290665150201,2.8597947587391768,0.3253843285109241,30.0,0.0333333333333331,0.0045657988144528,0.10687769862087,0.0045657988144528,11.95,0.57,-0.4884129158405464,-1.4236808893155,0.51966788561821,0.51966788561821,0.57,11.95,7.910275904374332,0.00251863305,30.0,1.0,,,0.9999999999999948,1.0,1.94334877493371,0.77862271,0.67401723,-1.69521057,0.2071666044389799,7.4079761292001e-05,0.78689820089465,0.13357007025297,33.58,16.51,Ag_13,-2.24,22.0,Ag_13_1ao6.dlg,0.770398281807467,-0.770398281807467,0.7264062428081293,-0.7264062428081293,-1.4968045246155963,-0.7484022623077982
PEG-dithiol_n_3,1ao6,-3.649,226.3630000000001,226.069736436,0.8957999999999999,27.69,2,5,12,13,31,1.0,0,0,24.04124145231932,11.44948974278318,2.2981908436031366,12.580000000000002,115.59587558255896,0.171649681169801,0.8831101506329518,0.0009607777003021,0.4691657083046938,0.7515545264974332,782.2356058649981,1253.0598463805495,1667.290665150201,2.8597947587391768,0.3253843285109241,30.0,0.0333333333333331,0.0045657988144528,0.10687769862087,0.0045657988144528,11.95,0.57,-0.4884129158405464,-1.4236808893155,0.51966788561821,0.51966788561821,0.57,11.95,7.910275904374332,0.00251863305,30.0,1.0,,,0.9999999999999948,1.0,1.94334877493371,0.77862271,0.67401723,-1.69521057,0.2071666044389799,7.4079761292001e-05,0.78689820089465,0.13357007025297,33.58,16.51,Au_13,-2.34,22.0,Au_13_1ao6.dlg,0.770398281807467,-0.770398281807467,0.6876301088504001,-0.6876301088504001,-1.458028390657867,-0.7290141953289335
PEG-dithiol_n_3,1ao6,-3.649,226.3630000000001,226.069736436,0.8957999999999999,27.69,2,5,12,13,31,1.0,0,0,24.04124145231932,11.44948974278318,2.2981908436031366,12.580000000000002,115.59587558255896,0.171649681169801,0.8831101506329518,0.0009607777003021,0.4691657083046938,0.7515545264974332,782.2356058649981,1253.0598463805495,1667.290665150201,2.8597947587391768,0.3253843285109241,30.0,0.0333333333333331,0.0045657988144528,0.10687769862087,0.0045657988144528,11.95,0.57,-0.4884129158405464,-1.4236808893155,0.51966788561821,0.51966788561821,0.57,11.95,7.910275904374332,0.00251863305,30.0,1.0,,,0.9999999999999948,1.0,1.94334877493371,0.77862271,0.67401723,-1.69521057,0.2071666044389799,7.4079761292001e-05,0.78689820089465,0.13357007025297,33.58,16.51,ZnO_12_0,-7.76,22.0,ZnO_12_0_1ao6.dlg,0.770398281807467,-0.770398281807467,-1.4140363516585295,1.4140363516585295,0.6436380698510625,0.32181903492553127
PEG-dithiol_n_3,1hzh,-3.431,226.3630000000001,226.069736436,0.8957999999999999,27.69,2,5,12,13,31,1.0,0,0,24.04124145231932,11.44948974278318,2.2981908436031366,12.580000000000002,115.59587558255896,0.171649681169801,0.8831101506329518,0.0009607777003021,0.4691657083046938,0.7515545264974332,782.2356058649981,1253.0598463805495,1667.290665150201,2.8597947587391768,0.3253843285109241,30.0,0.0333333333333331,0.0045657988144528,0.10687769862087,0.0045657988144528,11.95,0.57,-0.4884129158405464,-1.4236808893155,0.51966788561821,0.51966788561821,0.57,11.95,7.910275904374332,0.00251863305,30.0,1.0,,,0.9999999999999948,1.0,1.94334877493371,0.77862271,0.67401723,-1.69521057,0.2071666044389799,7.4079761292001e-05,0.78689820089465,0.13357007025297,33.58,16.51,Ag_13,-2.13,20.0,Ag_13_1hzh.dlg,0.8867993973534357,-0.8867993973534357,0.7050874408894409,-0.7050874408894409,-1.5918868382428766,-0.7959434191214383
PEG-dithiol_n_3,1hzh,-3.431,226.3630000000001,226.069736436,0.8957999999999999,27.69,2,5,12,13,31,1.0,0,0,24.04124145231932,11.44948974278318,2.2981908436031366,12.580000000000002,115.59587558255896,0.171649681169801,0.8831101506329518,0.0009607777003021,0.4691657083046938,0.7515545264974332,782.2356058649981,1253.0598463805495,1667.290665150201,2.8597947587391768,0.3253843285109241,30.0,0.0333333333333331,0.0045657988144528,0.10687769862087,0.0045657988144528,11.95,0.57,-0.4884129158405464,-1.4236808893155,0.51966788561821,0.51966788561821,0.57,11.95,7.910275904374332,0.00251863305,30.0,1.0,,,0.9999999999999948,1.0,1.94334877493371,0.77862271,0.67401723,-1.69521057,0.2071666044389799,7.4079761292001e-05,0.78689820089465,0.13357007025297,33.58,16.51,Au_13,-2.12,19.0,Au_13_1hzh.dlg,0.8867993973534357,-0.8867993973534357,0.7091242010472047,-0.7091242010472047,-1.5959235984006406,-0.7979617992003203
PEG-dithiol_n_3,1hzh,-3.431,226.3630000000001,226.069736436,0.8957999999999999,27.69,2,5,12,13,31,1.0,0,0,24.04124145231932,11.44948974278318,2.2981908436031366,12.580000000000002,115.59587558255896,0.171649681169801,0.8831101506329518,0.0009607777003021,0.4691657083046938,0.7515545264974332,782.2356058649981,1253.0598463805495,1667.290665150201,2.8597947587391768,0.3253843285109241,30.0,0.0333333333333331,0.0045657988144528,0.10687769862087,0.0045657988144528,11.95,0.57,-0.4884129158405464,-1.4236808893155,0.51966788561821,0.51966788561821,0.57,11.95,7.910275904374332,0.00251863305,30.0,1.0,,,0.9999999999999948,1.0,1.94334877493371,0.77862271,0.67401723,-1.69521057,0.2071666044389799,7.4079761292001e-05,0.78689820089465,0.13357007025297,33.58,16.51,ZnO_12_0,-7.38,22.0,ZnO_12_0_1hzh.dlg,0.8867993973534357,-0.8867993973534357,-1.4142116419366457,1.4142116419366457,0.52741224458321,0.263706122291605
PEG-dithiol_n_3,2hav,-4.13,226.3630000000001,226.069736436,0.8957999999999999,27.69,2,5,12,13,31,1.0,0,0,24.04124145231932,11.44948974278318,2.2981908436031366,12.580000000000002,115.59587558255896,0.171649681169801,0.8831101506329518,0.0009607777003021,0.4691657083046938,0.7515545264974332,782.2356058649981,1253.0598463805495,1667.290665150201,2.8597947587391768,0.3253843285109241,30.0,0.0333333333333331,0.0045657988144528,0.10687769862087,0.0045657988144528,11.95,0.57,-0.4884129158405464,-1.4236808893155,0.51966788561821,0.51966788561821,0.57,11.95,7.910275904374332,0.00251863305,30.0,1.0,,,0.9999999999999948,1.0,1.94334877493371,0.77862271,0.67401723,-1.69521057,0.2071666044389799,7.4079761292001e-05,0.78689820089465,0.13357007025297,33.58,16.51,Ag_13,-2.17,23.0,Ag_13_2hav.dlg,0.6111874088299939,-0.6111874088299939,0.7360514352688697,-0.7360514352688697,-1.3472388440988636,-0.6736194220494318
PEG-dithiol_n_3,2hav,-4.13,226.3630000000001,226.069736436,0.8957999999999999,27.69,2,5,12,13,31,1.0,0,0,24.04124145231932,11.44948974278318,2.2981908436031366,12.580000000000002,115.59587558255896,0.171649681169801,0.8831101506329518,0.0009607777003021,0.4691657083046938,0.7515545264974332,782.2356058649981,1253.0598463805495,1667.290665150201,2.8597947587391768,0.3253843285109241,30.0,0.0333333333333331,0.0045657988144528,0.10687769862087,0.0045657988144528,11.95,0.57,-0.4884129158405464,-1.4236808893155,0.51966788561821,0.51966788561821,0.57,11.95,7.910275904374332,0.00251863305,30.0,1.0,,,0.9999999999999948,1.0,1.94334877493371,0.77862271,0.67401723,-1.69521057,0.2071666044389799,7.4079761292001e-05,0.78689820089465,0.13357007025297,33.58,16.51,Au_13,-2.34,21.0,Au_13_2hav.dlg,0.6111874088299939,-0.6111874088299939,0.6777616476932294,-0.6777616476932294,-1.2889490565232233,-0.6444745282616117
PEG-dithiol_n_3,2hav,-4.13,226.3630000000001,226.069736436,0.8957999999999999,27.69,2,5,12,13,31,1.0,0,0,24.04124145231932,11.44948974278318,2.2981908436031366,12.580000000000002,115.59587558255896,0.171649681169801,0.8831101506329518,0.0009607777003021,0.4691657083046938,0.7515545264974332,782.2356058649981,1253.0598463805495,1667.290665150201,2.8597947587391768,0.3253843285109241,30.0,0.0333333333333331,0.0045657988144528,0.10687769862087,0.0045657988144528,11.95,0.57,-0.4884129158405464,-1.4236808893155,0.51966788561821,0.51966788561821,0.57,11.95,7.910275904374332,0.00251863305,30.0,1.0,,,0.9999999999999948,1.0,1.94334877493371,0.77862271,0.67401723,-1.69521057,0.2071666044389799,7.4079761292001e-05,0.78689820089465,0.13357007025297,33.58,16.51,ZnO_12_0,-8.44,21.0,ZnO_12_0_2hav.dlg,0.6111874088299939,-0.6111874088299939,-1.4138130829620992,1.4138130829620992,0.8026256741321053,0.40131283706605264
PEG-dithiol_n_3,3ghg,-3.329,226.3630000000001,226.069736436,0.8957999999999999,27.69,2,5,12,13,31,1.0,0,0,24.04124145231932,11.44948974278318,2.2981908436031366,12.580000000000002,115.59587558255896,0.171649681169801,0.8831101506329518,0.0009607777003021,0.4691657083046938,0.7515545264974332,782.2356058649981,1253.0598463805495,1667.290665150201,2.8597947587391768,0.3253843285109241,30.0,0.0333333333333331,0.0045657988144528,0.10687769862087,0.0045657988144528,11.95,0.57,-0.4884129158405464,-1.4236808893155,0.51966788561821,0.51966788561821,0.57,11.95,7.910275904374332,0.00251863305,30.0,1.0,,,0.9999999999999948,1.0,1.94334877493371,0.77862271,0.67401723,-1.69521057,0.2071666044389799,7.4079761292001e-05,0.78689820089465,0.13357007025297,33.58,16.51,,,,,0.7915245187729855,-0.7915245187729855,,,,
PEG-thiol_n_3,1ao6,-3.783,166.24200000000013,166.066365308,-0.0582999999999999,38.69,2,4,9,10,24,1.0,0,0,18.632993161855453,8.791241452319316,1.615030082487558,9.230000000000002,86.17750560270493,0.7368460808850907,0.9951978484530394,0.0061439130277221,0.0978838211066638,0.9708006045406706,158.01014763071765,1567.1266723057904,1614.2621512347207,3.1691936650475427,0.2677691704939773,30.0,0.0333333333333333,1.1108950231215e-05,0.082205752865337,1.1108950231215e-05,26.75,0.57,0.9347891803044168,-0.44483482639491,5.0462012227604,5.0462012227604,0.57,26.75,8.109947212321666,0.0342464109,30.0,1.0,,,1.0000000000000004,1.0,5.49103604915531,-0.06472323,-0.16932871,-2.41251328,0.2391396245182915,8.452054388204e-05,0.90868095223786,0.15655502592759,33.58,16.51,Ag_13,-2.24,22.0,Ag_13_1ao6.dlg,0.6808006563301697,-0.6808006563301697,0.7264062428081293,-0.7264062428081293,-1.4072068991382989,-0.7036034495691494
PEG-thiol_n_3,1ao6,-3.783,166.24200000000013,166.066365308,-0.0582999999999999,38.69,2,4,9,10,24,1.0,0,0,18.632993161855453,8.791241452319316,1.615030082487558,9.230000000000002,86.17750560270493,0.7368460808850907,0.9951978484530394,0.0061439130277221,0.0978838211066638,0.9708006045406706,158.01014763071765,1567.1266723057904,1614.2621512347207,3.1691936650475427,0.2677691704939773,30.0,0.0333333333333333,1.1108950231215e-05,0.082205752865337,1.1108950231215e-05,26.75,0.57,0.9347891803044168,-0.44483482639491,5.0462012227604,5.0462012227604,0.57,26.75,8.109947212321666,0.0342464109,30.0,1.0,,,1.0000000000000004,1.0,5.49103604915531,-0.06472323,-0.16932871,-2.41251328,0.2391396245182915,8.452054388204e-05,0.90868095223786,0.15655502592759,33.58,16.51,Au_13,-2.34,22.0,Au_13_1ao6.dlg,0.6808006563301697,-0.6808006563301697,0.6876301088504001,-0.6876301088504001,-1.3684307651805698,-0.6842153825902849
PEG-thiol_n_3,1ao6,-3.783,166.24200000000013,166.066365308,-0.0582999999999999,38.69,2,4,9,10,24,1.0,0,0,18.632993161855453,8.791241452319316,1.615030082487558,9.230000000000002,86.17750560270493,0.7368460808850907,0.9951978484530394,0.0061439130277221,0.0978838211066638,0.9708006045406706,158.01014763071765,1567.1266723057904,1614.2621512347207,3.1691936650475427,0.2677691704939773,30.0,0.0333333333333333,1.1108950231215e-05,0.082205752865337,1.1108950231215e-05,26.75,0.57,0.9347891803044168,-0.44483482639491,5.0462012227604,5.0462012227604,0.57,26.75,8.109947212321666,0.0342464109,30.0,1.0,,,1.0000000000000004,1.0,5.49103604915531,-0.06472323,-0.16932871,-2.41251328,0.2391396245182915,8.452054388204e-05,0.90868095223786,0.15655502592759,33.58,16.51,ZnO_12_0,-7.76,22.0,ZnO_12_0_1ao6.dlg,0.6808006563301697,-0.6808006563301697,-1.4140363516585295,1.4140363516585295,0.7332356953283597,0.3666178476641799
PEG-thiol_n_3,1hzh,-3.581,166.24200000000013,166.066365308,-0.0582999999999999,38.69,2,4,9,10,24,1.0,0,0,18.632993161855453,8.791241452319316,1.615030082487558,9.230000000000002,86.17750560270493,0.7368460808850907,0.9951978484530394,0.0061439130277221,0.0978838211066638,0.9708006045406706,158.01014763071765,1567.1266723057904,1614.2621512347207,3.1691936650475427,0.2677691704939773,30.0,0.0333333333333333,1.1108950231215e-05,0.082205752865337,1.1108950231215e-05,26.75,0.57,0.9347891803044168,-0.44483482639491,5.0462012227604,5.0462012227604,0.57,26.75,8.109947212321666,0.0342464109,30.0,1.0,,,1.0000000000000004,1.0,5.49103604915531,-0.06472323,-0.16932871,-2.41251328,0.2391396245182915,8.452054388204e-05,0.90868095223786,0.15655502592759,33.58,16.51,Ag_13,-2.13,20.0,Ag_13_1hzh.dlg,0.7824901233852786,-0.7824901233852786,0.7050874408894409,-0.7050874408894409,-1.4875775642747193,-0.7437887821373597
PEG-thiol_n_3,1hzh,-3.581,166.24200000000013,166.066365308,-0.0582999999999999,38.69,2,4,9,10,24,1.0,0,0,18.632993161855453,8.791241452319316,1.615030082487558,9.230000000000002,86.17750560270493,0.7368460808850907,0.9951978484530394,0.0061439130277221,0.0978838211066638,0.9708006045406706,158.01014763071765,1567.1266723057904,1614.2621512347207,3.1691936650475427,0.2677691704939773,30.0,0.0333333333333333,1.1108950231215e-05,0.082205752865337,1.1108950231215e-05,26.75,0.57,0.9347891803044168,-0.44483482639491,5.0462012227604,5.0462012227604,0.57,26.75,8.109947212321666,0.0342464109,30.0,1.0,,,1.0000000000000004,1.0,5.49103604915531,-0.06472323,-0.16932871,-2.41251328,0.2391396245182915,8.452054388204e-05,0.90868095223786,0.15655502592759,33.58,16.51,Au_13,-2.12,19.0,Au_13_1hzh.dlg,0.7824901233852786,-0.7824901233852786,0.7091242010472047,-0.7091242010472047,-1.4916143244324833,-0.7458071622162417
PEG-thiol_n_3,1hzh,-3.581,166.24200000000013,166.066365308,-0.0582999999999999,38.69,2,4,9,10,24,1.0,0,0,18.632993161855453,8.791241452319316,1.615030082487558,9.230000000000002,86.17750560270493,0.7368460808850907,0.9951978484530394,0.0061439130277221,0.0978838211066638,0.9708006045406706,158.01014763071765,1567.1266723057904,1614.2621512347207,3.1691936650475427,0.2677691704939773,30.0,0.0333333333333333,1.1108950231215e-05,0.082205752865337,1.1108950231215e-05,26.75,0.57,0.9347891803044168,-0.44483482639491,5.0462012227604,5.0462012227604,0.57,26.75,8.109947212321666,0.0342464109,30.0,1.0,,,1.0000000000000004,1.0,5.49103604915531,-0.06472323,-0.16932871,-2.41251328,0.2391396245182915,8.452054388204e-05,0.90868095223786,0.15655502592759,33.58,16.51,ZnO_12_0,-7.38,22.0,ZnO_12_0_1hzh.dlg,0.7824901233852786,-0.7824901233852786,-1.4142116419366457,1.4142116419366457,0.6317215185513672,0.3158607592756836
PEG-thiol_n_3,2hav,-4.248,166.24200000000013,166.066365308,-0.0582999999999999,38.69,2,4,9,10,24,1.0,0,0,18.632993161855453,8.791241452319316,1.615030082487558,9.230000000000002,86.17750560270493,0.7368460808850907,0.9951978484530394,0.0061439130277221,0.0978838211066638,0.9708006045406706,158.01014763071765,1567.1266723057904,1614.2621512347207,3.1691936650475427,0.2677691704939773,30.0,0.0333333333333333,1.1108950231215e-05,0.082205752865337,1.1108950231215e-05,26.75,0.57,0.9347891803044168,-0.44483482639491,5.0462012227604,5.0462012227604,0.57,26.75,8.109947212321666,0.0342464109,30.0,1.0,,,1.0000000000000004,1.0,5.49103604915531,-0.06472323,-0.16932871,-2.41251328,0.2391396245182915,8.452054388204e-05,0.90868095223786,0.15655502592759,33.58,16.51,Ag_13,-2.17,23.0,Ag_13_2hav.dlg,0.5404997205727391,-0.5404997205727391,0.7360514352688697,-0.7360514352688697,-1.276551155841609,-0.6382755779208045
PEG-thiol_n_3,2hav,-4.248,166.24200000000013,166.066365308,-0.0582999999999999,38.69,2,4,9,10,24,1.0,0,0,18.632993161855453,8.791241452319316,1.615030082487558,9.230000000000002,86.17750560270493,0.7368460808850907,0.9951978484530394,0.0061439130277221,0.0978838211066638,0.9708006045406706,158.01014763071765,1567.1266723057904,1614.2621512347207,3.1691936650475427,0.2677691704939773,30.0,0.0333333333333333,1.1108950231215e-05,0.082205752865337,1.1108950231215e-05,26.75,0.57,0.9347891803044168,-0.44483482639491,5.0462012227604,5.0462012227604,0.57,26.75,8.109947212321666,0.0342464109,30.0,1.0,,,1.0000000000000004,1.0,5.49103604915531,-0.06472323,-0.16932871,-2.41251328,0.2391396245182915,8.452054388204e-05,0.90868095223786,0.15655502592759,33.58,16.51,Au_13,-2.34,21.0,Au_13_2hav.dlg,0.5404997205727391,-0.5404997205727391,0.6777616476932294,-0.6777616476932294,-1.2182613682659684,-0.6091306841329842
PEG-thiol_n_3,2hav,-4.248,166.24200000000013,166.066365308,-0.0582999999999999,38.69,2,4,9,10,24,1.0,0,0,18.632993161855453,8.791241452319316,1.615030082487558,9.230000000000002,86.17750560270493,0.7368460808850907,0.9951978484530394,0.0061439130277221,0.0978838211066638,0.9708006045406706,158.01014763071765,1567.1266723057904,1614.2621512347207,3.1691936650475427,0.2677691704939773,30.0,0.0333333333333333,1.1108950231215e-05,0.082205752865337,1.1108950231215e-05,26.75,0.57,0.9347891803044168,-0.44483482639491,5.0462012227604,5.0462012227604,0.57,26.75,8.109947212321666,0.0342464109,30.0,1.0,,,1.0000000000000004,1.0,5.49103604915531,-0.06472323,-0.16932871,-2.41251328,0.2391396245182915,8.452054388204e-05,0.90868095223786,0.15655502592759,33.58,16.51,ZnO_12_0,-8.44,21.0,ZnO_12_0_2hav.dlg,0.5404997205727391,-0.5404997205727391,-1.4138130829620992,1.4138130829620992,0.8733133623893601,0.43665668119468004
PEG-thiol_n_3,3ghg,-3.186,166.24200000000013,166.066365308,-0.0582999999999999,38.69,2,4,9,10,24,1.0,0,0,18.632993161855453,8.791241452319316,1.615030082487558,9.230000000000002,86.17750560270493,0.7368460808850907,0.9951978484530394,0.0061439130277221,0.0978838211066638,0.9708006045406706,158.01014763071765,1567.1266723057904,1614.2621512347207,3.1691936650475427,0.2677691704939773,30.0,0.0333333333333333,1.1108950231215e-05,0.082205752865337,1.1108950231215e-05,26.75,0.57,0.9347891803044168,-0.44483482639491,5.0462012227604,5.0462012227604,0.57,26.75,8.109947212321666,0.0342464109,30.0,1.0,,,1.0000000000000004,1.0,5.49103604915531,-0.06472323,-0.16932871,-2.41251328,0.2391396245182915,8.452054388204e-05,0.90868095223786,0.15655502592759,33.58,16.51,,,,,0.8955576126925968,-0.8955576126925968,,,,
PEG-thiol_n_4,1ao6,-4.114,210.29500000000016,210.092580056,-0.0417,47.92,2,5,12,13,31,1.0,0,0,24.04124145231932,11.44948974278318,2.150433320558621,12.19,109.64081706167624,0.3131446353055909,0.9401277482885312,0.0010622306790677,0.340822265848251,0.7027287709242135,661.5594755189512,1364.0449105273312,1941.068826217787,3.0710277469729625,0.1871151703798739,30.0,0.0333333333333333,0.0001335802941022,0.09481179783142,0.0001335802941022,13.09,0.57,0.2437743320467315,-0.94686831955116,3.0993129371053,3.0993129371053,0.57,13.09,7.922254644203,0.0033272874,30.0,1.0,,,1.0,1.0,4.04618125665646,0.42221666,0.31761118,-1.89723648,0.1996326603765895,7.1106740648646e-05,0.75666666355548,0.13142931293779,33.58,16.51,Ag_13,-2.24,22.0,Ag_13_1ao6.dlg,0.45948114862132355,-0.45948114862132355,0.7264062428081293,-0.7264062428081293,-1.1858873914294528,-0.5929436957147264
PEG-thiol_n_4,1ao6,-4.114,210.29500000000016,210.092580056,-0.0417,47.92,2,5,12,13,31,1.0,0,0,24.04124145231932,11.44948974278318,2.150433320558621,12.19,109.64081706167624,0.3131446353055909,0.9401277482885312,0.0010622306790677,0.340822265848251,0.7027287709242135,661.5594755189512,1364.0449105273312,1941.068826217787,3.0710277469729625,0.1871151703798739,30.0,0.0333333333333333,0.0001335802941022,0.09481179783142,0.0001335802941022,13.09,0.57,0.2437743320467315,-0.94686831955116,3.0993129371053,3.0993129371053,0.57,13.09,7.922254644203,0.0033272874,30.0,1.0,,,1.0,1.0,4.04618125665646,0.42221666,0.31761118,-1.89723648,0.1996326603765895,7.1106740648646e-05,0.75666666355548,0.13142931293779,33.58,16.51,Au_13,-2.34,22.0,Au_13_1ao6.dlg,0.45948114862132355,-0.45948114862132355,0.6876301088504001,-0.6876301088504001,-1.1471112574717237,-0.5735556287358619
PEG-thiol_n_4,1ao6,-4.114,210.29500000000016,210.092580056,-0.0417,47.92,2,5,12,13,31,1.0,0,0,24.04124145231932,11.44948974278318,2.150433320558621,12.19,109.64081706167624,0.3131446353055909,0.9401277482885312,0.0010622306790677,0.340822265848251,0.7027287709242135,661.5594755189512,1364.0449105273312,1941.068826217787,3.0710277469729625,0.1871151703798739,30.0,0.0333333333333333,0.0001335802941022,0.09481179783142,0.0001335802941022,13.09,0.57,0.2437743320467315,-0.94686831955116,3.0993129371053,3.0993129371053,0.57,13.09,7.922254644203,0.0033272874,30.0,1.0,,,1.0,1.0,4.04618125665646,0.42221666,0.31761118,-1.89723648,0.1996326603765895,7.1106740648646e-05,0.75666666355548,0.13142931293779,33.58,16.51,ZnO_12_0,-7.76,22.0,ZnO_12_0_1ao6.dlg,0.45948114862132355,-0.45948114862132355,-1.4140363516585295,1.4140363516585295,0.954555203037206,0.477277601518603
PEG-thiol_n_4,1hzh,-3.586,210.29500000000016,210.092580056,-0.0417,47.92,2,5,12,13,31,1.0,0,0,24.04124145231932,11.44948974278318,2.150433320558621,12.19,109.64081706167624,0.3131446353055909,0.9401277482885312,0.0010622306790677,0.340822265848251,0.7027287709242135,661.5594755189512,1364.0449105273312,1941.068826217787,3.0710277469729625,0.1871151703798739,30.0,0.0333333333333333,0.0001335802941022,0.09481179783142,0.0001335802941022,13.09,0.57,0.2437743320467315,-0.94686831955116,3.0993129371053,3.0993129371053,0.57,13.09,7.922254644203,0.0033272874,30.0,1.0,,,1.0,1.0,4.04618125665646,0.42221666,0.31761118,-1.89723648,0.1996326603765895,7.1106740648646e-05,0.75666666355548,0.13142931293779,33.58,16.51,Ag_13,-2.13,20.0,Ag_13_1hzh.dlg,0.7790131475863401,-0.7790131475863401,0.7050874408894409,-0.7050874408894409,-1.484100588475781,-0.7420502942378905
PEG-thiol_n_4,1hzh,-3.586,210.29500000000016,210.092580056,-0.0417,47.92,2,5,12,13,31,1.0,0,0,24.04124145231932,11.44948974278318,2.150433320558621,12.19,109.64081706167624,0.3131446353055909,0.9401277482885312,0.0010622306790677,0.340822265848251,0.7027287709242135,661.5594755189512,1364.0449105273312,1941.068826217787,3.0710277469729625,0.1871151703798739,30.0,0.0333333333333333,0.0001335802941022,0.09481179783142,0.0001335802941022,13.09,0.57,0.2437743320467315,-0.94686831955116,3.0993129371053,3.0993129371053,0.57,13.09,7.922254644203,0.0033272874,30.0,1.0,,,1.0,1.0,4.04618125665646,0.42221666,0.31761118,-1.89723648,0.1996326603765895,7.1106740648646e-05,0.75666666355548,0.13142931293779,33.58,16.51,Au_13,-2.12,19.0,Au_13_1hzh.dlg,0.7790131475863401,-0.7790131475863401,0.7091242010472047,-0.7091242010472047,-1.4881373486335447,-0.7440686743167724
PEG-thiol_n_4,1hzh,-3.586,210.29500000000016,210.092580056,-0.0417,47.92,2,5,12,13,31,1.0,0,0,24.04124145231932,11.44948974278318,2.150433320558621,12.19,109.64081706167624,0.3131446353055909,0.9401277482885312,0.0010622306790677,0.340822265848251,0.7027287709242135,661.5594755189512,1364.0449105273312,1941.068826217787,3.0710277469729625,0.1871151703798739,30.0,0.0333333333333333,0.0001335802941022,0.09481179783142,0.0001335802941022,13.09,0.57,0.2437743320467315,-0.94686831955116,3.0993129371053,3.0993129371053,0.57,13.09,7.922254644203,0.0033272874,30.0,1.0,,,1.0,1.0,4.04618125665646,0.42221666,0.31761118,-1.89723648,0.1996326603765895,7.1106740648646e-05,0.75666666355548,0.13142931293779,33.58,16.51,ZnO_12_0,-7.38,22.0,ZnO_12_0_1hzh.dlg,0.7790131475863401,-0.7790131475863401,-1.4142116419366457,1.4142116419366457,0.6351984943503056,0.3175992471751528
PEG-thiol_n_4,2hav,-4.264,210.29500000000016,210.092580056,-0.0417,47.92,2,5,12,13,31,1.0,0,0,24.04124145231932,11.44948974278318,2.150433320558621,12.19,109.64081706167624,0.3131446353055909,0.9401277482885312,0.0010622306790677,0.340822265848251,0.7027287709242135,661.5594755189512,1364.0449105273312,1941.068826217787,3.0710277469729625,0.1871151703798739,30.0,0.0333333333333333,0.0001335802941022,0.09481179783142,0.0001335802941022,13.09,0.57,0.2437743320467315,-0.94686831955116,3.0993129371053,3.0993129371053,0.57,13.09,7.922254644203,0.0033272874,30.0,1.0,,,1.0,1.0,4.04618125665646,0.42221666,0.31761118,-1.89723648,0.1996326603765895,7.1106740648646e-05,0.75666666355548,0.13142931293779,33.58,16.51,Ag_13,-2.17,23.0,Ag_13_2hav.dlg,0.5309149492836198,-0.5309149492836198,0.7360514352688697,-0.7360514352688697,-1.2669663845524894,-0.6334831922762447
PEG-thiol_n_4,2hav,-4.264,210.29500000000016,210.092580056,-0.0417,47.92,2,5,12,13,31,1.0,0,0,24.04124145231932,11.44948974278318,2.150433320558621,12.19,109.64081706167624,0.3131446353055909,0.9401277482885312,0.0010622306790677,0.340822265848251,0.7027287709242135,661.5594755189512,1364.0449105273312,1941.068826217787,3.0710277469729625,0.1871151703798739,30.0,0.0333333333333333,0.0001335802941022,0.09481179783142,0.0001335802941022,13.09,0.57,0.2437743320467315,-0.94686831955116,3.0993129371053,3.0993129371053,0.57,13.09,7.922254644203,0.0033272874,30.0,1.0,,,1.0,1.0,4.04618125665646,0.42221666,0.31761118,-1.89723648,0.1996326603765895,7.1106740648646e-05,0.75666666355548,0.13142931293779,33.58,16.51,Au_13,-2.34,21.0,Au_13_2hav.dlg,0.5309149492836198,-0.5309149492836198,0.6777616476932294,-0.6777616476932294,-1.2086765969768494,-0.6043382984884247
PEG-thiol_n_4,2hav,-4.264,210.29500000000016,210.092580056,-0.0417,47.92,2,5,12,13,31,1.0,0,0,24.04124145231932,11.44948974278318,2.150433320558621,12.19,109.64081706167624,0.3131446353055909,0.9401277482885312,0.0010622306790677,0.340822265848251,0.7027287709242135,661.5594755189512,1364.0449105273312,1941.068826217787,3.0710277469729625,0.1871151703798739,30.0,0.0333333333333333,0.0001335802941022,0.09481179783142,0.0001335802941022,13.09,0.57,0.2437743320467315,-0.94686831955116,3.0993129371053,3.0993129371053,0.57,13.09,7.922254644203,0.0033272874,30.0,1.0,,,1.0,1.0,4.04618125665646,0.42221666,0.31761118,-1.89723648,0.1996326603765895,7.1106740648646e-05,0.75666666355548,0.13142931293779,33.58,16.51,ZnO_12_0,-8.44,21.0,ZnO_12_0_2hav.dlg,0.5309149492836198,-0.5309149492836198,-1.4138130829620992,1.4138130829620992,0.8828981336784794,0.4414490668392397
PEG-thiol_n_4,3ghg,-3.39,210.29500000000016,210.092580056,-0.0417,47.92,2,5,12,13,31,1.0,0,0,24.04124145231932,11.44948974278318,2.150433320558621,12.19,109.64081706167624,0.3131446353055909,0.9401277482885312,0.0010622306790677,0.340822265848251,0.7027287709242135,661.5594755189512,1364.0449105273312,1941.068826217787,3.0710277469729625,0.1871151703798739,30.0,0.0333333333333333,0.0001335802941022,0.09481179783142,0.0001335802941022,13.09,0.57,0.2437743320467315,-0.94686831955116,3.0993129371053,3.0993129371053,0.57,13.09,7.922254644203,0.0033272874,30.0,1.0,,,1.0,1.0,4.04618125665646,0.42221666,0.31761118,-1.89723648,0.1996326603765895,7.1106740648646e-05,0.75666666355548,0.13142931293779,33.58,16.51,,,,,0.7471467654226619,-0.7471467654226619,,,,
PEG-thiol_n_6,1ao6,-3.933,298.40099999999944,298.1450095520007,-0.008499999999999,66.38000000000001,2,7,18,19,45,1.0,0,0,34.857738033247045,16.765986323710905,3.221242883701897,18.11,156.56743997961894,0.8301436926155756,0.9981780780571748,0.0017594080316854,0.0603367589955301,0.965215201870956,548.6022483064005,8776.063525141453,9092.33869102982,5.555131727923191,0.0869748469969964,30.0,0.0333333333333331,0.0003229939018727,0.080650169279972,0.0003229939018727,26.75,0.57,0.4228604079717374,-0.53523807142166,2.8670597407719,2.8670597407719,0.57,26.75,8.222824845549999,0.187390103,30.0,1.0,,,0.9999999999999958,1.0,3.4022978121935603,0.09692407,-0.00768141,-2.48176126,0.1167764726185999,4.3274146223318e-05,0.4389510289367,0.080028659346504,33.58,16.51,Ag_13,-2.24,22.0,Ag_13_1ao6.dlg,0.5805048069152848,-0.5805048069152848,0.7264062428081293,-0.7264062428081293,-1.3069110497234142,-0.6534555248617071
PEG-thiol_n_6,1ao6,-3.933,298.40099999999944,298.1450095520007,-0.008499999999999,66.38000000000001,2,7,18,19,45,1.0,0,0,34.857738033247045,16.765986323710905,3.221242883701897,18.11,156.56743997961894,0.8301436926155756,0.9981780780571748,0.0017594080316854,0.0603367589955301,0.965215201870956,548.6022483064005,8776.063525141453,9092.33869102982,5.555131727923191,0.0869748469969964,30.0,0.0333333333333331,0.0003229939018727,0.080650169279972,0.0003229939018727,26.75,0.57,0.4228604079717374,-0.53523807142166,2.8670597407719,2.8670597407719,0.57,26.75,8.222824845549999,0.187390103,30.0,1.0,,,0.9999999999999958,1.0,3.4022978121935603,0.09692407,-0.00768141,-2.48176126,0.1167764726185999,4.3274146223318e-05,0.4389510289367,0.080028659346504,33.58,16.51,Au_13,-2.34,22.0,Au_13_1ao6.dlg,0.5805048069152848,-0.5805048069152848,0.6876301088504001,-0.6876301088504001,-1.268134915765685,-0.6340674578828425
PEG-thiol_n_6,1ao6,-3.933,298.40099999999944,298.1450095520007,-0.008499999999999,66.38000000000001,2,7,18,19,45,1.0,0,0,34.857738033247045,16.765986323710905,3.221242883701897,18.11,156.56743997961894,0.8301436926155756,0.9981780780571748,0.0017594080316854,0.0603367589955301,0.965215201870956,548.6022483064005,8776.063525141453,9092.33869102982,5.555131727923191,0.0869748469969964,30.0,0.0333333333333331,0.0003229939018727,0.080650169279972,0.0003229939018727,26.75,0.57,0.4228604079717374,-0.53523807142166,2.8670597407719,2.8670597407719,0.57,26.75,8.222824845549999,0.187390103,30.0,1.0,,,0.9999999999999958,1.0,3.4022978121935603,0.09692407,-0.00768141,-2.48176126,0.1167764726185999,4.3274146223318e-05,0.4389510289367,0.080028659346504,33.58,16.51,ZnO_12_0,-7.76,22.0,ZnO_12_0_1ao6.dlg,0.5805048069152848,-0.5805048069152848,-1.4140363516585295,1.4140363516585295,0.8335315447432446,0.4167657723716223
PEG-thiol_n_6,1hzh,-3.894,298.40099999999944,298.1450095520007,-0.008499999999999,66.38000000000001,2,7,18,19,45,1.0,0,0,34.857738033247045,16.765986323710905,3.221242883701897,18.11,156.56743997961894,0.8301436926155756,0.9981780780571748,0.0017594080316854,0.0603367589955301,0.965215201870956,548.6022483064005,8776.063525141453,9092.33869102982,5.555131727923191,0.0869748469969964,30.0,0.0333333333333331,0.0003229939018727,0.080650169279972,0.0003229939018727,26.75,0.57,0.4228604079717374,-0.53523807142166,2.8670597407719,2.8670597407719,0.57,26.75,8.222824845549999,0.187390103,30.0,1.0,,,0.9999999999999958,1.0,3.4022978121935603,0.09692407,-0.00768141,-2.48176126,0.1167764726185999,4.3274146223318e-05,0.4389510289367,0.080028659346504,33.58,16.51,Ag_13,-2.13,20.0,Ag_13_1hzh.dlg,0.5648314383717238,-0.5648314383717238,0.7050874408894409,-0.7050874408894409,-1.2699188792611646,-0.6349594396305823
PEG-thiol_n_6,1hzh,-3.894,298.40099999999944,298.1450095520007,-0.008499999999999,66.38000000000001,2,7,18,19,45,1.0,0,0,34.857738033247045,16.765986323710905,3.221242883701897,18.11,156.56743997961894,0.8301436926155756,0.9981780780571748,0.0017594080316854,0.0603367589955301,0.965215201870956,548.6022483064005,8776.063525141453,9092.33869102982,5.555131727923191,0.0869748469969964,30.0,0.0333333333333331,0.0003229939018727,0.080650169279972,0.0003229939018727,26.75,0.57,0.4228604079717374,-0.53523807142166,2.8670597407719,2.8670597407719,0.57,26.75,8.222824845549999,0.187390103,30.0,1.0,,,0.9999999999999958,1.0,3.4022978121935603,0.09692407,-0.00768141,-2.48176126,0.1167764726185999,4.3274146223318e-05,0.4389510289367,0.080028659346504,33.58,16.51,Au_13,-2.12,19.0,Au_13_1hzh.dlg,0.5648314383717238,-0.5648314383717238,0.7091242010472047,-0.7091242010472047,-1.2739556394189284,-0.6369778197094642
PEG-thiol_n_6,1hzh,-3.894,298.40099999999944,298.1450095520007,-0.008499999999999,66.38000000000001,2,7,18,19,45,1.0,0,0,34.857738033247045,16.765986323710905,3.221242883701897,18.11,156.56743997961894,0.8301436926155756,0.9981780780571748,0.0017594080316854,0.0603367589955301,0.965215201870956,548.6022483064005,8776.063525141453,9092.33869102982,5.555131727923191,0.0869748469969964,30.0,0.0333333333333331,0.0003229939018727,0.080650169279972,0.0003229939018727,26.75,0.57,0.4228604079717374,-0.53523807142166,2.8670597407719,2.8670597407719,0.57,26.75,8.222824845549999,0.187390103,30.0,1.0,,,0.9999999999999958,1.0,3.4022978121935603,0.09692407,-0.00768141,-2.48176126,0.1167764726185999,4.3274146223318e-05,0.4389510289367,0.080028659346504,33.58,16.51,ZnO_12_0,-7.38,22.0,ZnO_12_0_1hzh.dlg,0.5648314383717238,-0.5648314383717238,-1.4142116419366457,1.4142116419366457,0.8493802035649219,0.42469010178246097
PEG-thiol_n_6,2hav,-4.643,298.40099999999944,298.1450095520007,-0.008499999999999,66.38000000000001,2,7,18,19,45,1.0,0,0,34.857738033247045,16.765986323710905,3.221242883701897,18.11,156.56743997961894,0.8301436926155756,0.9981780780571748,0.0017594080316854,0.0603367589955301,0.965215201870956,548.6022483064005,8776.063525141453,9092.33869102982,5.555131727923191,0.0869748469969964,30.0,0.0333333333333331,0.0003229939018727,0.080650169279972,0.0003229939018727,26.75,0.57,0.4228604079717374,-0.53523807142166,2.8670597407719,2.8670597407719,0.57,26.75,8.222824845549999,0.187390103,30.0,1.0,,,0.9999999999999958,1.0,3.4022978121935603,0.09692407,-0.00768141,-2.48176126,0.1167764726185999,4.3274146223318e-05,0.4389510289367,0.080028659346504,33.58,16.51,Ag_13,-2.17,23.0,Ag_13_2hav.dlg,0.3038756793726075,-0.3038756793726075,0.7360514352688697,-0.7360514352688697,-1.0399271146414772,-0.5199635573207386
PEG-thiol_n_6,2hav,-4.643,298.40099999999944,298.1450095520007,-0.008499999999999,66.38000000000001,2,7,18,19,45,1.0,0,0,34.857738033247045,16.765986323710905,3.221242883701897,18.11,156.56743997961894,0.8301436926155756,0.9981780780571748,0.0017594080316854,0.0603367589955301,0.965215201870956,548.6022483064005,8776.063525141453,9092.33869102982,5.555131727923191,0.0869748469969964,30.0,0.0333333333333331,0.0003229939018727,0.080650169279972,0.0003229939018727,26.75,0.57,0.4228604079717374,-0.53523807142166,2.8670597407719,2.8670597407719,0.57,26.75,8.222824845549999,0.187390103,30.0,1.0,,,0.9999999999999958,1.0,3.4022978121935603,0.09692407,-0.00768141,-2.48176126,0.1167764726185999,4.3274146223318e-05,0.4389510289367,0.080028659346504,33.58,16.51,Au_13,-2.34,21.0,Au_13_2hav.dlg,0.3038756793726075,-0.3038756793726075,0.6777616476932294,-0.6777616476932294,-0.981637327065837,-0.4908186635329185
PEG-thiol_n_6,2hav,-4.643,298.40099999999944,298.1450095520007,-0.008499999999999,66.38000000000001,2,7,18,19,45,1.0,0,0,34.857738033247045,16.765986323710905,3.221242883701897,18.11,156.56743997961894,0.8301436926155756,0.9981780780571748,0.0017594080316854,0.0603367589955301,0.965215201870956,548.6022483064005,8776.063525141453,9092.33869102982,5.555131727923191,0.0869748469969964,30.0,0.0333333333333331,0.0003229939018727,0.080650169279972,0.0003229939018727,26.75,0.57,0.4228604079717374,-0.53523807142166,2.8670597407719,2.8670597407719,0.57,26.75,8.222824845549999,0.187390103,30.0,1.0,,,0.9999999999999958,1.0,3.4022978121935603,0.09692407,-0.00768141,-2.48176126,0.1167764726185999,4.3274146223318e-05,0.4389510289367,0.080028659346504,33.58,16.51,ZnO_12_0,-8.44,21.0,ZnO_12_0_2hav.dlg,0.3038756793726075,-0.3038756793726075,-1.4138130829620992,1.4138130829620992,1.1099374035894916,0.5549687017947458
PEG-thiol_n_6,3ghg,-3.392,298.40099999999944,298.1450095520007,-0.008499999999999,66.38000000000001,2,7,18,19,45,1.0,0,0,34.857738033247045,16.765986323710905,3.221242883701897,18.11,156.56743997961894,0.8301436926155756,0.9981780780571748,0.0017594080316854,0.0603367589955301,0.965215201870956,548.6022483064005,8776.063525141453,9092.33869102982,5.555131727923191,0.0869748469969964,30.0,0.0333333333333331,0.0003229939018727,0.080650169279972,0.0003229939018727,26.75,0.57,0.4228604079717374,-0.53523807142166,2.8670597407719,2.8670597407719,0.57,26.75,8.222824845549999,0.187390103,30.0,1.0,,,0.9999999999999958,1.0,3.4022978121935603,0.09692407,-0.00768141,-2.48176126,0.1167764726185999,4.3274146223318e-05,0.4389510289367,0.080028659346504,33.58,16.51,,,,,0.745691757116094,-0.745691757116094,,,,
Polyethyleneimine_fragment_ethylenediamine,1ao6,-2.975,60.100000000000016,60.06874825599999,-1.0962,52.04,2,2,3,4,12,1.0,0,0,9.894427190999917,4.48606797749979,0.2802892833662064,2.92,37.25596506654744,0.660943645312819,0.991509289587016,0.0506622802756386,0.130035874521806,0.9369058934876828,18.49316470538341,133.24288443806805,142.21586753186514,1.5638169436474672,0.3258906705365449,30.0,0.0333333333333334,5.4452642380495e-06,0.10538155978496,5.4452642380495e-06,33.58,0.57,1.8489285904375423,0.0,6.0835566501921,6.0835566501921,0.57,33.58,7.808334342169511,5.56917876e-05,30.0,1.0,,,1.0000000000000029,1.0,6.0835566501921,-1.96764176,-2.07224725,-3.17151222,0.3781463187548095,0.0001338294386639,1.4455910812107,0.24547332563021,33.58,16.51,Ag_13,-2.24,22.0,Ag_13_1ao6.dlg,1.2210609651783502,-1.2210609651783502,0.7264062428081293,-0.7264062428081293,-1.9474672079864794,-0.9737336039932397
Polyethyleneimine_fragment_ethylenediamine,1ao6,-2.975,60.100000000000016,60.06874825599999,-1.0962,52.04,2,2,3,4,12,1.0,0,0,9.894427190999917,4.48606797749979,0.2802892833662064,2.92,37.25596506654744,0.660943645312819,0.991509289587016,0.0506622802756386,0.130035874521806,0.9369058934876828,18.49316470538341,133.24288443806805,142.21586753186514,1.5638169436474672,0.3258906705365449,30.0,0.0333333333333334,5.4452642380495e-06,0.10538155978496,5.4452642380495e-06,33.58,0.57,1.8489285904375423,0.0,6.0835566501921,6.0835566501921,0.57,33.58,7.808334342169511,5.56917876e-05,30.0,1.0,,,1.0000000000000029,1.0,6.0835566501921,-1.96764176,-2.07224725,-3.17151222,0.3781463187548095,0.0001338294386639,1.4455910812107,0.24547332563021,33.58,16.51,Au_13,-2.34,22.0,Au_13_1ao6.dlg,1.2210609651783502,-1.2210609651783502,0.6876301088504001,-0.6876301088504001,-1.9086910740287504,-0.9543455370143752
Polyethyleneimine_fragment_ethylenediamine,1ao6,-2.975,60.100000000000016,60.06874825599999,-1.0962,52.04,2,2,3,4,12,1.0,0,0,9.894427190999917,4.48606797749979,0.2802892833662064,2.92,37.25596506654744,0.660943645312819,0.991509289587016,0.0506622802756386,0.130035874521806,0.9369058934876828,18.49316470538341,133.24288443806805,142.21586753186514,1.5638169436474672,0.3258906705365449,30.0,0.0333333333333334,5.4452642380495e-06,0.10538155978496,5.4452642380495e-06,33.58,0.57,1.8489285904375423,0.0,6.0835566501921,6.0835566501921,0.57,33.58,7.808334342169511,5.56917876e-05,30.0,1.0,,,1.0000000000000029,1.0,6.0835566501921,-1.96764176,-2.07224725,-3.17151222,0.3781463187548095,0.0001338294386639,1.4455910812107,0.24547332563021,33.58,16.51,ZnO_12_0,-7.76,22.0,ZnO_12_0_1ao6.dlg,1.2210609651783502,-1.2210609651783502,-1.4140363516585295,1.4140363516585295,0.1929753864801793,0.09648769324008966
Polyethyleneimine_fragment_ethylenediamine,1hzh,-2.94,60.100000000000016,60.06874825599999,-1.0962,52.04,2,2,3,4,12,1.0,0,0,9.894427190999917,4.48606797749979,0.2802892833662064,2.92,37.25596506654744,0.660943645312819,0.991509289587016,0.0506622802756386,0.130035874521806,0.9369058934876828,18.49316470538341,133.24288443806805,142.21586753186514,1.5638169436474672,0.3258906705365449,30.0,0.0333333333333334,5.4452642380495e-06,0.10538155978496,5.4452642380495e-06,33.58,0.57,1.8489285904375423,0.0,6.0835566501921,6.0835566501921,0.57,33.58,7.808334342169511,5.56917876e-05,30.0,1.0,,,1.0000000000000029,1.0,6.0835566501921,-1.96764176,-2.07224725,-3.17151222,0.3781463187548095,0.0001338294386639,1.4455910812107,0.24547332563021,33.58,16.51,Ag_13,-2.13,20.0,Ag_13_1hzh.dlg,1.2282384208092039,-1.2282384208092039,0.7050874408894409,-0.7050874408894409,-1.9333258616986448,-0.9666629308493224
Polyethyleneimine_fragment_ethylenediamine,1hzh,-2.94,60.100000000000016,60.06874825599999,-1.0962,52.04,2,2,3,4,12,1.0,0,0,9.894427190999917,4.48606797749979,0.2802892833662064,2.92,37.25596506654744,0.660943645312819,0.991509289587016,0.0506622802756386,0.130035874521806,0.9369058934876828,18.49316470538341,133.24288443806805,142.21586753186514,1.5638169436474672,0.3258906705365449,30.0,0.0333333333333334,5.4452642380495e-06,0.10538155978496,5.4452642380495e-06,33.58,0.57,1.8489285904375423,0.0,6.0835566501921,6.0835566501921,0.57,33.58,7.808334342169511,5.56917876e-05,30.0,1.0,,,1.0000000000000029,1.0,6.0835566501921,-1.96764176,-2.07224725,-3.17151222,0.3781463187548095,0.0001338294386639,1.4455910812107,0.24547332563021,33.58,16.51,Au_13,-2.12,19.0,Au_13_1hzh.dlg,1.2282384208092039,-1.2282384208092039,0.7091242010472047,-0.7091242010472047,-1.9373626218564086,-0.9686813109282043
Polyethyleneimine_fragment_ethylenediamine,1hzh,-2.94,60.100000000000016,60.06874825599999,-1.0962,52.04,2,2,3,4,12,1.0,0,0,9.894427190999917,4.48606797749979,0.2802892833662064,2.92,37.25596506654744,0.660943645312819,0.991509289587016,0.0506622802756386,0.130035874521806,0.9369058934876828,18.49316470538341,133.24288443806805,142.21586753186514,1.5638169436474672,0.3258906705365449,30.0,0.0333333333333334,5.4452642380495e-06,0.10538155978496,5.4452642380495e-06,33.58,0.57,1.8489285904375423,0.0,6.0835566501921,6.0835566501921,0.57,33.58,7.808334342169511,5.56917876e-05,30.0,1.0,,,1.0000000000000029,1.0,6.0835566501921,-1.96764176,-2.07224725,-3.17151222,0.3781463187548095,0.0001338294386639,1.4455910812107,0.24547332563021,33.58,16.51,ZnO_12_0,-7.38,22.0,ZnO_12_0_1hzh.dlg,1.2282384208092039,-1.2282384208092039,-1.4142116419366457,1.4142116419366457,0.18597322112744186,0.09298661056372093
Polyethyleneimine_fragment_ethylenediamine,2hav,-2.903,60.100000000000016,60.06874825599999,-1.0962,52.04,2,2,3,4,12,1.0,0,0,9.894427190999917,4.48606797749979,0.2802892833662064,2.92,37.25596506654744,0.660943645312819,0.991509289587016,0.0506622802756386,0.130035874521806,0.9369058934876828,18.49316470538341,133.24288443806805,142.21586753186514,1.5638169436474672,0.3258906705365449,30.0,0.0333333333333334,5.4452642380495e-06,0.10538155978496,5.4452642380495e-06,33.58,0.57,1.8489285904375423,0.0,6.0835566501921,6.0835566501921,0.57,33.58,7.808334342169511,5.56917876e-05,30.0,1.0,,,1.0000000000000029,1.0,6.0835566501921,-1.96764176,-2.07224725,-3.17151222,0.3781463187548095,0.0001338294386639,1.4455910812107,0.24547332563021,33.58,16.51,Ag_13,-2.17,23.0,Ag_13_2hav.dlg,1.3462195570643274,-1.3462195570643274,0.7360514352688697,-0.7360514352688697,-2.0822709923331972,-1.0411354961665986
Polyethyleneimine_fragment_ethylenediamine,2hav,-2.903,60.100000000000016,60.06874825599999,-1.0962,52.04,2,2,3,4,12,1.0,0,0,9.894427190999917,4.48606797749979,0.2802892833662064,2.92,37.25596506654744,0.660943645312819,0.991509289587016,0.0506622802756386,0.130035874521806,0.9369058934876828,18.49316470538341,133.24288443806805,142.21586753186514,1.5638169436474672,0.3258906705365449,30.0,0.0333333333333334,5.4452642380495e-06,0.10538155978496,5.4452642380495e-06,33.58,0.57,1.8489285904375423,0.0,6.0835566501921,6.0835566501921,0.57,33.58,7.808334342169511,5.56917876e-05,30.0,1.0,,,1.0000000000000029,1.0,6.0835566501921,-1.96764176,-2.07224725,-3.17151222,0.3781463187548095,0.0001338294386639,1.4455910812107,0.24547332563021,33.58,16.51,Au_13,-2.34,21.0,Au_13_2hav.dlg,1.3462195570643274,-1.3462195570643274,0.6777616476932294,-0.6777616476932294,-2.0239812047575567,-1.0119906023787784
Polyethyleneimine_fragment_ethylenediamine,2hav,-2.903,60.100000000000016,60.06874825599999,-1.0962,52.04,2,2,3,4,12,1.0,0,0,9.894427190999917,4.48606797749979,0.2802892833662064,2.92,37.25596506654744,0.660943645312819,0.991509289587016,0.0506622802756386,0.130035874521806,0.9369058934876828,18.49316470538341,133.24288443806805,142.21586753186514,1.5638169436474672,0.3258906705365449,30.0,0.0333333333333334,5.4452642380495e-06,0.10538155978496,5.4452642380495e-06,33.58,0.57,1.8489285904375423,0.0,6.0835566501921,6.0835566501921,0.57,33.58,7.808334342169511,5.56917876e-05,30.0,1.0,,,1.0000000000000029,1.0,6.0835566501921,-1.96764176,-2.07224725,-3.17151222,0.3781463187548095,0.0001338294386639,1.4455910812107,0.24547332563021,33.58,16.51,ZnO_12_0,-8.44,21.0,ZnO_12_0_2hav.dlg,1.3462195570643274,-1.3462195570643274,-1.4138130829620992,1.4138130829620992,0.06759352589777179,0.033796762948885894
Polyethyleneimine_fragment_ethylenediamine,3ghg,-2.935,60.100000000000016,60.06874825599999,-1.0962,52.04,2,2,3,4,12,1.0,0,0,9.894427190999917,4.48606797749979,0.2802892833662064,2.92,37.25596506654744,0.660943645312819,0.991509289587016,0.0506622802756386,0.130035874521806,0.9369058934876828,18.49316470538341,133.24288443806805,142.21586753186514,1.5638169436474672,0.3258906705365449,30.0,0.0333333333333334,5.4452642380495e-06,0.10538155978496,5.4452642380495e-06,33.58,0.57,1.8489285904375423,0.0,6.0835566501921,6.0835566501921,0.57,33.58,7.808334342169511,5.56917876e-05,30.0,1.0,,,1.0000000000000029,1.0,6.0835566501921,-1.96764176,-2.07224725,-3.17151222,0.3781463187548095,0.0001338294386639,1.4455910812107,0.24547332563021,33.58,16.51,,,,,1.0781611551668793,-1.0781611551668793,,,,
PVP_monomer_N-vinyl-2-pyrrolidone,1ao6,-4.441,125.17099999999992,125.084063972,0.7948,20.31,0,2,1,9,20,0.5714285714285714,1,0,15.35546188596382,7.624944538481868,1.1565354701766093,2.6672700037699983,70.60950080058879,0.3668909269499064,0.956368755512589,0.0047879865283044,0.292162289625649,0.7788151346251372,162.6602602202688,433.60240852413904,556.7462536958049,2.146097631567669,0.255172634183865,30.0,0.0333333333333334,0.0063438492760952,0.07888142135957,0.0063438492760952,13.09,0.57,-0.0566695297220026,-0.72023648364568,0.83320164617635,0.83320164617635,0.57,13.09,7.8764819614969985,0.000133930477,30.0,1.0,,,1.000000000000003,1.0,1.55343812982203,0.30793417,0.20332869,-1.77678628,0.3065269973544724,0.0001079266769668,1.1693606832325,0.19157307489313,33.58,16.51,Ag_13,-2.24,22.0,Ag_13_1ao6.dlg,0.24083619689687424,-0.24083619689687424,0.7264062428081293,-0.7264062428081293,-0.9672424397050035,-0.4836212198525017
PVP_monomer_N-vinyl-2-pyrrolidone,1ao6,-4.441,125.17099999999992,125.084063972,0.7948,20.31,0,2,1,9,20,0.5714285714285714,1,0,15.35546188596382,7.624944538481868,1.1565354701766093,2.6672700037699983,70.60950080058879,0.3668909269499064,0.956368755512589,0.0047879865283044,0.292162289625649,0.7788151346251372,162.6602602202688,433.60240852413904,556.7462536958049,2.146097631567669,0.255172634183865,30.0,0.0333333333333334,0.0063438492760952,0.07888142135957,0.0063438492760952,13.09,0.57,-0.0566695297220026,-0.72023648364568,0.83320164617635,0.83320164617635,0.57,13.09,7.8764819614969985,0.000133930477,30.0,1.0,,,1.000000000000003,1.0,1.55343812982203,0.30793417,0.20332869,-1.77678628,0.3065269973544724,0.0001079266769668,1.1693606832325,0.19157307489313,33.58,16.51,Au_13,-2.34,22.0,Au_13_1ao6.dlg,0.24083619689687424,-0.24083619689687424,0.6876301088504001,-0.6876301088504001,-0.9284663057472744,-0.4642331528736372
PVP_monomer_N-vinyl-2-pyrrolidone,1ao6,-4.441,125.17099999999992,125.084063972,0.7948,20.31,0,2,1,9,20,0.5714285714285714,1,0,15.35546188596382,7.624944538481868,1.1565354701766093,2.6672700037699983,70.60950080058879,0.3668909269499064,0.956368755512589,0.0047879865283044,0.292162289625649,0.7788151346251372,162.6602602202688,433.60240852413904,556.7462536958049,2.146097631567669,0.255172634183865,30.0,0.0333333333333334,0.0063438492760952,0.07888142135957,0.0063438492760952,13.09,0.57,-0.0566695297220026,-0.72023648364568,0.83320164617635,0.83320164617635,0.57,13.09,7.8764819614969985,0.000133930477,30.0,1.0,,,1.000000000000003,1.0,1.55343812982203,0.30793417,0.20332869,-1.77678628,0.3065269973544724,0.0001079266769668,1.1693606832325,0.19157307489313,33.58,16.51,ZnO_12_0,-7.76,22.0,ZnO_12_0_1ao6.dlg,0.24083619689687424,-0.24083619689687424,-1.4140363516585295,1.4140363516585295,1.1732001547616553,0.5866000773808276
PVP_monomer_N-vinyl-2-pyrrolidone,1hzh,-4.531,125.17099999999992,125.084063972,0.7948,20.31,0,2,1,9,20,0.5714285714285714,1,0,15.35546188596382,7.624944538481868,1.1565354701766093,2.6672700037699983,70.60950080058879,0.3668909269499064,0.956368755512589,0.0047879865283044,0.292162289625649,0.7788151346251372,162.6602602202688,433.60240852413904,556.7462536958049,2.146097631567669,0.255172634183865,30.0,0.0333333333333334,0.0063438492760952,0.07888142135957,0.0063438492760952,13.09,0.57,-0.0566695297220026,-0.72023648364568,0.83320164617635,0.83320164617635,0.57,13.09,7.8764819614969985,0.000133930477,30.0,1.0,,,1.000000000000003,1.0,1.55343812982203,0.30793417,0.20332869,-1.77678628,0.3065269973544724,0.0001079266769668,1.1693606832325,0.19157307489313,33.58,16.51,Ag_13,-2.13,20.0,Ag_13_1hzh.dlg,0.12186472158694978,-0.12186472158694978,0.7050874408894409,-0.7050874408894409,-0.8269521624763907,-0.41347608123819535
PVP_monomer_N-vinyl-2-pyrrolidone,1hzh,-4.531,125.17099999999992,125.084063972,0.7948,20.31,0,2,1,9,20,0.5714285714285714,1,0,15.35546188596382,7.624944538481868,1.1565354701766093,2.6672700037699983,70.60950080058879,0.3668909269499064,0.956368755512589,0.0047879865283044,0.292162289625649,0.7788151346251372,162.6602602202688,433.60240852413904,556.7462536958049,2.146097631567669,0.255172634183865,30.0,0.0333333333333334,0.0063438492760952,0.07888142135957,0.0063438492760952,13.09,0.57,-0.0566695297220026,-0.72023648364568,0.83320164617635,0.83320164617635,0.57,13.09,7.8764819614969985,0.000133930477,30.0,1.0,,,1.000000000000003,1.0,1.55343812982203,0.30793417,0.20332869,-1.77678628,0.3065269973544724,0.0001079266769668,1.1693606832325,0.19157307489313,33.58,16.51,Au_13,-2.12,19.0,Au_13_1hzh.dlg,0.12186472158694978,-0.12186472158694978,0.7091242010472047,-0.7091242010472047,-0.8309889226341545,-0.41549446131707723
PVP_monomer_N-vinyl-2-pyrrolidone,1hzh,-4.531,125.17099999999992,125.084063972,0.7948,20.31,0,2,1,9,20,0.5714285714285714,1,0,15.35546188596382,7.624944538481868,1.1565354701766093,2.6672700037699983,70.60950080058879,0.3668909269499064,0.956368755512589,0.0047879865283044,0.292162289625649,0.7788151346251372,162.6602602202688,433.60240852413904,556.7462536958049,2.146097631567669,0.255172634183865,30.0,0.0333333333333334,0.0063438492760952,0.07888142135957,0.0063438492760952,13.09,0.57,-0.0566695297220026,-0.72023648364568,0.83320164617635,0.83320164617635,0.57,13.09,7.8764819614969985,0.000133930477,30.0,1.0,,,1.000000000000003,1.0,1.55343812982203,0.30793417,0.20332869,-1.77678628,0.3065269973544724,0.0001079266769668,1.1693606832325,0.19157307489313,33.58,16.51,ZnO_12_0,-7.38,22.0,ZnO_12_0_1hzh.dlg,0.12186472158694978,-0.12186472158694978,-1.4142116419366457,1.4142116419366457,1.292346920349696,0.646173460174848
PVP_monomer_N-vinyl-2-pyrrolidone,2hav,-4.752,125.17099999999992,125.084063972,0.7948,20.31,0,2,1,9,20,0.5714285714285714,1,0,15.35546188596382,7.624944538481868,1.1565354701766093,2.6672700037699983,70.60950080058879,0.3668909269499064,0.956368755512589,0.0047879865283044,0.292162289625649,0.7788151346251372,162.6602602202688,433.60240852413904,556.7462536958049,2.146097631567669,0.255172634183865,30.0,0.0333333333333334,0.0063438492760952,0.07888142135957,0.0063438492760952,13.09,0.57,-0.0566695297220026,-0.72023648364568,0.83320164617635,0.83320164617635,0.57,13.09,7.8764819614969985,0.000133930477,30.0,1.0,,,1.000000000000003,1.0,1.55343812982203,0.30793417,0.20332869,-1.77678628,0.3065269973544724,0.0001079266769668,1.1693606832325,0.19157307489313,33.58,16.51,Ag_13,-2.17,23.0,Ag_13_2hav.dlg,0.23857942496548254,-0.23857942496548254,0.7360514352688697,-0.7360514352688697,-0.9746308602343523,-0.48731543011717615
PVP_monomer_N-vinyl-2-pyrrolidone,2hav,-4.752,125.17099999999992,125.084063972,0.7948,20.31,0,2,1,9,20,0.5714285714285714,1,0,15.35546188596382,7.624944538481868,1.1565354701766093,2.6672700037699983,70.60950080058879,0.3668909269499064,0.956368755512589,0.0047879865283044,0.292162289625649,0.7788151346251372,162.6602602202688,433.60240852413904,556.7462536958049,2.146097631567669,0.255172634183865,30.0,0.0333333333333334,0.0063438492760952,0.07888142135957,0.0063438492760952,13.09,0.57,-0.0566695297220026,-0.72023648364568,0.83320164617635,0.83320164617635,0.57,13.09,7.8764819614969985,0.000133930477,30.0,1.0,,,1.000000000000003,1.0,1.55343812982203,0.30793417,0.20332869,-1.77678628,0.3065269973544724,0.0001079266769668,1.1693606832325,0.19157307489313,33.58,16.51,Au_13,-2.34,21.0,Au_13_2hav.dlg,0.23857942496548254,-0.23857942496548254,0.6777616476932294,-0.6777616476932294,-0.916341072658712,-0.458170536329356
PVP_monomer_N-vinyl-2-pyrrolidone,2hav,-4.752,125.17099999999992,125.084063972,0.7948,20.31,0,2,1,9,20,0.5714285714285714,1,0,15.35546188596382,7.624944538481868,1.1565354701766093,2.6672700037699983,70.60950080058879,0.3668909269499064,0.956368755512589,0.0047879865283044,0.292162289625649,0.7788151346251372,162.6602602202688,433.60240852413904,556.7462536958049,2.146097631567669,0.255172634183865,30.0,0.0333333333333334,0.0063438492760952,0.07888142135957,0.0063438492760952,13.09,0.57,-0.0566695297220026,-0.72023648364568,0.83320164617635,0.83320164617635,0.57,13.09,7.8764819614969985,0.000133930477,30.0,1.0,,,1.000000000000003,1.0,1.55343812982203,0.30793417,0.20332869,-1.77678628,0.3065269973544724,0.0001079266769668,1.1693606832325,0.19157307489313,33.58,16.51,ZnO_12_0,-8.44,21.0,ZnO_12_0_2hav.dlg,0.23857942496548254,-0.23857942496548254,-1.4138130829620992,1.4138130829620992,1.1752336579966167,0.5876168289983084
PVP_monomer_N-vinyl-2-pyrrolidone,3ghg,-4.263,125.17099999999992,125.084063972,0.7948,20.31,0,2,1,9,20,0.5714285714285714,1,0,15.35546188596382,7.624944538481868,1.1565354701766093,2.6672700037699983,70.60950080058879,0.3668909269499064,0.956368755512589,0.0047879865283044,0.292162289625649,0.7788151346251372,162.6602602202688,433.60240852413904,556.7462536958049,2.146097631567669,0.255172634183865,30.0,0.0333333333333334,0.0063438492760952,0.07888142135957,0.0063438492760952,13.09,0.57,-0.0566695297220026,-0.72023648364568,0.83320164617635,0.83320164617635,0.57,13.09,7.8764819614969985,0.000133930477,30.0,1.0,,,1.000000000000003,1.0,1.55343812982203,0.30793417,0.20332869,-1.77678628,0.3065269973544724,0.0001079266769668,1.1693606832325,0.19157307489313,33.58,16.51,,,,,0.11203563960573505,-0.11203563960573505,,,,
RGD_peptide_Arg-Gly-Asp,1ao6,-6.553,346.34399999999965,346.1600824240005,-3.262729999999996,220.72,8,8,12,24,46,0.5833333333333334,0,0,33.132771315782925,15.631411396068792,4.814396910061463,10.77257933284937,168.55003371272667,0.2193353204578502,0.9075599731211385,0.0003755569409023,0.4199224871191808,0.7265712749349363,1934.6501044269223,3347.4301473346127,4607.16004446277,3.778440893388359,0.2428002495393799,30.0,0.0333333333333331,8.4404246785379e-21,0.11551702752813,8.4404246785379e-21,19.92,0.57,6.212848520120366,-1.1950796514714,25.962270698618,25.962270698618,0.57,19.92,8.535553230841666,0.0534867805,30.0,1.0,,,0.9999999999999948,1.0,27.1573503500894,0.54774623,0.44314075,-16.89587027,0.1214534316068567,4.1726834176647e-05,0.46228081808653,0.08231715653725,33.58,16.51,Ag_13,-2.24,22.0,Ag_13_1ao6.dlg,-1.1713293628647066,1.1713293628647066,0.7264062428081293,-0.7264062428081293,0.4449231200565773,0.22246156002828865
RGD_peptide_Arg-Gly-Asp,1ao6,-6.553,346.34399999999965,346.1600824240005,-3.262729999999996,220.72,8,8,12,24,46,0.5833333333333334,0,0,33.132771315782925,15.631411396068792,4.814396910061463,10.77257933284937,168.55003371272667,0.2193353204578502,0.9075599731211385,0.0003755569409023,0.4199224871191808,0.7265712749349363,1934.6501044269223,3347.4301473346127,4607.16004446277,3.778440893388359,0.2428002495393799,30.0,0.0333333333333331,8.4404246785379e-21,0.11551702752813,8.4404246785379e-21,19.92,0.57,6.212848520120366,-1.1950796514714,25.962270698618,25.962270698618,0.57,19.92,8.535553230841666,0.0534867805,30.0,1.0,,,0.9999999999999948,1.0,27.1573503500894,0.54774623,0.44314075,-16.89587027,0.1214534316068567,4.1726834176647e-05,0.46228081808653,0.08231715653725,33.58,16.51,Au_13,-2.34,22.0,Au_13_1ao6.dlg,-1.1713293628647066,1.1713293628647066,0.6876301088504001,-0.6876301088504001,0.48369925401430647,0.24184962700715323
RGD_peptide_Arg-Gly-Asp,1ao6,-6.553,346.34399999999965,346.1600824240005,-3.262729999999996,220.72,8,8,12,24,46,0.5833333333333334,0,0,33.132771315782925,15.631411396068792,4.814396910061463,10.77257933284937,168.55003371272667,0.2193353204578502,0.9075599731211385,0.0003755569409023,0.4199224871191808,0.7265712749349363,1934.6501044269223,3347.4301473346127,4607.16004446277,3.778440893388359,0.2428002495393799,30.0,0.0333333333333331,8.4404246785379e-21,0.11551702752813,8.4404246785379e-21,19.92,0.57,6.212848520120366,-1.1950796514714,25.962270698618,25.962270698618,0.57,19.92,8.535553230841666,0.0534867805,30.0,1.0,,,0.9999999999999948,1.0,27.1573503500894,0.54774623,0.44314075,-16.89587027,0.1214534316068567,4.1726834176647e-05,0.46228081808653,0.08231715653725,33.58,16.51,ZnO_12_0,-7.76,22.0,ZnO_12_0_1ao6.dlg,-1.1713293628647066,1.1713293628647066,-1.4140363516585295,1.4140363516585295,2.585365714523236,1.292682857261618
RGD_peptide_Arg-Gly-Asp,1hzh,-6.305,346.34399999999965,346.1600824240005,-3.262729999999996,220.72,8,8,12,24,46,0.5833333333333334,0,0,33.132771315782925,15.631411396068792,4.814396910061463,10.77257933284937,168.55003371272667,0.2193353204578502,0.9075599731211385,0.0003755569409023,0.4199224871191808,0.7265712749349363,1934.6501044269223,3347.4301473346127,4607.16004446277,3.778440893388359,0.2428002495393799,30.0,0.0333333333333331,8.4404246785379e-21,0.11551702752813,8.4404246785379e-21,19.92,0.57,6.212848520120366,-1.1950796514714,25.962270698618,25.962270698618,0.57,19.92,8.535553230841666,0.0534867805,30.0,1.0,,,0.9999999999999948,1.0,27.1573503500894,0.54774623,0.44314075,-16.89587027,0.1214534316068567,4.1726834176647e-05,0.46228081808653,0.08231715653725,33.58,16.51,Ag_13,-2.13,20.0,Ag_13_1hzh.dlg,-1.1117662918764561,1.1117662918764561,0.7050874408894409,-0.7050874408894409,0.4066788509870153,0.20333942549350764
RGD_peptide_Arg-Gly-Asp,1hzh,-6.305,346.34399999999965,346.1600824240005,-3.262729999999996,220.72,8,8,12,24,46,0.5833333333333334,0,0,33.132771315782925,15.631411396068792,4.814396910061463,10.77257933284937,168.55003371272667,0.2193353204578502,0.9075599731211385,0.0003755569409023,0.4199224871191808,0.7265712749349363,1934.6501044269223,3347.4301473346127,4607.16004446277,3.778440893388359,0.2428002495393799,30.0,0.0333333333333331,8.4404246785379e-21,0.11551702752813,8.4404246785379e-21,19.92,0.57,6.212848520120366,-1.1950796514714,25.962270698618,25.962270698618,0.57,19.92,8.535553230841666,0.0534867805,30.0,1.0,,,0.9999999999999948,1.0,27.1573503500894,0.54774623,0.44314075,-16.89587027,0.1214534316068567,4.1726834176647e-05,0.46228081808653,0.08231715653725,33.58,16.51,Au_13,-2.12,19.0,Au_13_1hzh.dlg,-1.1117662918764561,1.1117662918764561,0.7091242010472047,-0.7091242010472047,0.4026420908292514,0.2013210454146257
RGD_peptide_Arg-Gly-Asp,1hzh,-6.305,346.34399999999965,346.1600824240005,-3.262729999999996,220.72,8,8,12,24,46,0.5833333333333334,0,0,33.132771315782925,15.631411396068792,4.814396910061463,10.77257933284937,168.55003371272667,0.2193353204578502,0.9075599731211385,0.0003755569409023,0.4199224871191808,0.7265712749349363,1934.6501044269223,3347.4301473346127,4607.16004446277,3.778440893388359,0.2428002495393799,30.0,0.0333333333333331,8.4404246785379e-21,0.11551702752813,8.4404246785379e-21,19.92,0.57,6.212848520120366,-1.1950796514714,25.962270698618,25.962270698618,0.57,19.92,8.535553230841666,0.0534867805,30.0,1.0,,,0.9999999999999948,1.0,27.1573503500894,0.54774623,0.44314075,-16.89587027,0.1214534316068567,4.1726834176647e-05,0.46228081808653,0.08231715653725,33.58,16.51,ZnO_12_0,-7.38,22.0,ZnO_12_0_1hzh.dlg,-1.1117662918764561,1.1117662918764561,-1.4142116419366457,1.4142116419366457,2.5259779338131017,1.2629889669065508
RGD_peptide_Arg-Gly-Asp,2hav,-7.214,346.34399999999965,346.1600824240005,-3.262729999999996,220.72,8,8,12,24,46,0.5833333333333334,0,0,33.132771315782925,15.631411396068792,4.814396910061463,10.77257933284937,168.55003371272667,0.2193353204578502,0.9075599731211385,0.0003755569409023,0.4199224871191808,0.7265712749349363,1934.6501044269223,3347.4301473346127,4607.16004446277,3.778440893388359,0.2428002495393799,30.0,0.0333333333333331,8.4404246785379e-21,0.11551702752813,8.4404246785379e-21,19.92,0.57,6.212848520120366,-1.1950796514714,25.962270698618,25.962270698618,0.57,19.92,8.535553230841666,0.0534867805,30.0,1.0,,,0.9999999999999948,1.0,27.1573503500894,0.54774623,0.44314075,-16.89587027,0.1214534316068567,4.1726834176647e-05,0.46228081808653,0.08231715653725,33.58,16.51,Ag_13,-2.17,23.0,Ag_13_2hav.dlg,-1.2362772571477447,1.2362772571477447,0.7360514352688697,-0.7360514352688697,0.500225821878875,0.2501129109394375
RGD_peptide_Arg-Gly-Asp,2hav,-7.214,346.34399999999965,346.1600824240005,-3.262729999999996,220.72,8,8,12,24,46,0.5833333333333334,0,0,33.132771315782925,15.631411396068792,4.814396910061463,10.77257933284937,168.55003371272667,0.2193353204578502,0.9075599731211385,0.0003755569409023,0.4199224871191808,0.7265712749349363,1934.6501044269223,3347.4301473346127,4607.16004446277,3.778440893388359,0.2428002495393799,30.0,0.0333333333333331,8.4404246785379e-21,0.11551702752813,8.4404246785379e-21,19.92,0.57,6.212848520120366,-1.1950796514714,25.962270698618,25.962270698618,0.57,19.92,8.535553230841666,0.0534867805,30.0,1.0,,,0.9999999999999948,1.0,27.1573503500894,0.54774623,0.44314075,-16.89587027,0.1214534316068567,4.1726834176647e-05,0.46228081808653,0.08231715653725,33.58,16.51,Au_13,-2.34,21.0,Au_13_2hav.dlg,-1.2362772571477447,1.2362772571477447,0.6777616476932294,-0.6777616476932294,0.5585156094545153,0.27925780472725764
RGD_peptide_Arg-Gly-Asp,2hav,-7.214,346.34399999999965,346.1600824240005,-3.262729999999996,220.72,8,8,12,24,46,0.5833333333333334,0,0,33.132771315782925,15.631411396068792,4.814396910061463,10.77257933284937,168.55003371272667,0.2193353204578502,0.9075599731211385,0.0003755569409023,0.4199224871191808,0.7265712749349363,1934.6501044269223,3347.4301473346127,4607.16004446277,3.778440893388359,0.2428002495393799,30.0,0.0333333333333331,8.4404246785379e-21,0.11551702752813,8.4404246785379e-21,19.92,0.57,6.212848520120366,-1.1950796514714,25.962270698618,25.962270698618,0.57,19.92,8.535553230841666,0.0534867805,30.0,1.0,,,0.9999999999999948,1.0,27.1573503500894,0.54774623,0.44314075,-16.89587027,0.1214534316068567,4.1726834176647e-05,0.46228081808653,0.08231715653725,33.58,16.51,ZnO_12_0,-8.44,21.0,ZnO_12_0_2hav.dlg,-1.2362772571477447,1.2362772571477447,-1.4138130829620992,1.4138130829620992,2.650090340109844,1.325045170054922
RGD_peptide_Arg-Gly-Asp,3ghg,-5.404,346.34399999999965,346.1600824240005,-3.262729999999996,220.72,8,8,12,24,46,0.5833333333333334,0,0,33.132771315782925,15.631411396068792,4.814396910061463,10.77257933284937,168.55003371272667,0.2193353204578502,0.9075599731211385,0.0003755569409023,0.4199224871191808,0.7265712749349363,1934.6501044269223,3347.4301473346127,4607.16004446277,3.778440893388359,0.2428002495393799,30.0,0.0333333333333331,8.4404246785379e-21,0.11551702752813,8.4404246785379e-21,19.92,0.57,6.212848520120366,-1.1950796514714,25.962270698618,25.962270698618,0.57,19.92,8.535553230841666,0.0534867805,30.0,1.0,,,0.9999999999999948,1.0,27.1573503500894,0.54774623,0.44314075,-16.89587027,0.1214534316068567,4.1726834176647e-05,0.46228081808653,0.08231715653725,33.58,16.51,,,,,-0.7180465992913024,0.7180465992913024,,,,
SDS_dodecyl_sulfate_anion,1ao6,-5.268,265.3949999999999,265.1473552800003,4.680000000000004,68.93,0,1,12,17,42,1.0,0,0,33.04124145231931,16.120790811898594,2.6557426627037204,11.29007945572376,142.26933553000674,0.7812359714962298,0.9968086997201554,0.0020903617813736,0.0798274148536273,0.9794708439435912,468.5652276420635,5749.227628161609,5869.728194270491,4.77207494477756,0.1734319786311085,,,,,,,,,,,,,,,,,,,,,,,,,,,,,,,,Ag_13,-2.24,22.0,Ag_13_1ao6.dlg,-0.3121282528771917,0.3121282528771917,0.7264062428081293,-0.7264062428081293,-0.41427798993093756,-0.20713899496546878
SDS_dodecyl_sulfate_anion,1ao6,-5.268,265.3949999999999,265.1473552800003,4.680000000000004,68.93,0,1,12,17,42,1.0,0,0,33.04124145231931,16.120790811898594,2.6557426627037204,11.29007945572376,142.26933553000674,0.7812359714962298,0.9968086997201554,0.0020903617813736,0.0798274148536273,0.9794708439435912,468.5652276420635,5749.227628161609,5869.728194270491,4.77207494477756,0.1734319786311085,,,,,,,,,,,,,,,,,,,,,,,,,,,,,,,,Au_13,-2.34,22.0,Au_13_1ao6.dlg,-0.3121282528771917,0.3121282528771917,0.6876301088504001,-0.6876301088504001,-0.3755018559732084,-0.1877509279866042
SDS_dodecyl_sulfate_anion,1ao6,-5.268,265.3949999999999,265.1473552800003,4.680000000000004,68.93,0,1,12,17,42,1.0,0,0,33.04124145231931,16.120790811898594,2.6557426627037204,11.29007945572376,142.26933553000674,0.7812359714962298,0.9968086997201554,0.0020903617813736,0.0798274148536273,0.9794708439435912,468.5652276420635,5749.227628161609,5869.728194270491,4.77207494477756,0.1734319786311085,,,,,,,,,,,,,,,,,,,,,,,,,,,,,,,,ZnO_12_0,-7.76,22.0,ZnO_12_0_1ao6.dlg,-0.3121282528771917,0.3121282528771917,-1.4140363516585295,1.4140363516585295,1.7261646045357213,0.8630823022678606
SDS_dodecyl_sulfate_anion,1hzh,-4.842,265.3949999999999,265.1473552800003,4.680000000000004,68.93,0,1,12,17,42,1.0,0,0,33.04124145231931,16.120790811898594,2.6557426627037204,11.29007945572376,142.26933553000674,0.7812359714962298,0.9968086997201554,0.0020903617813736,0.0798274148536273,0.9794708439435912,468.5652276420635,5749.227628161609,5869.728194270491,4.77207494477756,0.1734319786311085,,,,,,,,,,,,,,,,,,,,,,,,,,,,,,,,Ag_13,-2.13,20.0,Ag_13_1hzh.dlg,-0.09440317310702948,0.09440317310702948,0.7050874408894409,-0.7050874408894409,-0.6106842677824114,-0.3053421338912057
SDS_dodecyl_sulfate_anion,1hzh,-4.842,265.3949999999999,265.1473552800003,4.680000000000004,68.93,0,1,12,17,42,1.0,0,0,33.04124145231931,16.120790811898594,2.6557426627037204,11.29007945572376,142.26933553000674,0.7812359714962298,0.9968086997201554,0.0020903617813736,0.0798274148536273,0.9794708439435912,468.5652276420635,5749.227628161609,5869.728194270491,4.77207494477756,0.1734319786311085,,,,,,,,,,,,,,,,,,,,,,,,,,,,,,,,Au_13,-2.12,19.0,Au_13_1hzh.dlg,-0.09440317310702948,0.09440317310702948,0.7091242010472047,-0.7091242010472047,-0.6147210279401752,-0.3073605139700876
SDS_dodecyl_sulfate_anion,1hzh,-4.842,265.3949999999999,265.1473552800003,4.680000000000004,68.93,0,1,12,17,42,1.0,0,0,33.04124145231931,16.120790811898594,2.6557426627037204,11.29007945572376,142.26933553000674,0.7812359714962298,0.9968086997201554,0.0020903617813736,0.0798274148536273,0.9794708439435912,468.5652276420635,5749.227628161609,5869.728194270491,4.77207494477756,0.1734319786311085,,,,,,,,,,,,,,,,,,,,,,,,,,,,,,,,ZnO_12_0,-7.38,22.0,ZnO_12_0_1hzh.dlg,-0.09440317310702948,0.09440317310702948,-1.4142116419366457,1.4142116419366457,1.5086148150436751,0.7543074075218376
SDS_dodecyl_sulfate_anion,2hav,-5.888,265.3949999999999,265.1473552800003,4.680000000000004,68.93,0,1,12,17,42,1.0,0,0,33.04124145231931,16.120790811898594,2.6557426627037204,11.29007945572376,142.26933553000674,0.7812359714962298,0.9968086997201554,0.0020903617813736,0.0798274148536273,0.9794708439435912,468.5652276420635,5749.227628161609,5869.728194270491,4.77207494477756,0.1734319786311085,,,,,,,,,,,,,,,,,,,,,,,,,,,,,,,,Ag_13,-2.17,23.0,Ag_13_2hav.dlg,-0.4419393365619853,0.4419393365619853,0.7360514352688697,-0.7360514352688697,-0.29411209870688443,-0.14705604935344221
SDS_dodecyl_sulfate_anion,2hav,-5.888,265.3949999999999,265.1473552800003,4.680000000000004,68.93,0,1,12,17,42,1.0,0,0,33.04124145231931,16.120790811898594,2.6557426627037204,11.29007945572376,142.26933553000674,0.7812359714962298,0.9968086997201554,0.0020903617813736,0.0798274148536273,0.9794708439435912,468.5652276420635,5749.227628161609,5869.728194270491,4.77207494477756,0.1734319786311085,,,,,,,,,,,,,,,,,,,,,,,,,,,,,,,,Au_13,-2.34,21.0,Au_13_2hav.dlg,-0.4419393365619853,0.4419393365619853,0.6777616476932294,-0.6777616476932294,-0.23582231113124413,-0.11791115556562207
SDS_dodecyl_sulfate_anion,2hav,-5.888,265.3949999999999,265.1473552800003,4.680000000000004,68.93,0,1,12,17,42,1.0,0,0,33.04124145231931,16.120790811898594,2.6557426627037204,11.29007945572376,142.26933553000674,0.7812359714962298,0.9968086997201554,0.0020903617813736,0.0798274148536273,0.9794708439435912,468.5652276420635,5749.227628161609,5869.728194270491,4.77207494477756,0.1734319786311085,,,,,,,,,,,,,,,,,,,,,,,,,,,,,,,,ZnO_12_0,-8.44,21.0,ZnO_12_0_2hav.dlg,-0.4419393365619853,0.4419393365619853,-1.4138130829620992,1.4138130829620992,1.8557524195240844,0.9278762097620422
SDS_dodecyl_sulfate_anion,3ghg,-5.152,265.3949999999999,265.1473552800003,4.680000000000004,68.93,0,1,12,17,42,1.0,0,0,33.04124145231931,16.120790811898594,2.6557426627037204,11.29007945572376,142.26933553000674,0.7812359714962298,0.9968086997201554,0.0020903617813736,0.0798274148536273,0.9794708439435912,468.5652276420635,5749.227628161609,5869.728194270491,4.77207494477756,0.1734319786311085,,,,,,,,,,,,,,,,,,,,,,,,,,,,,,,,,,,,-0.534715552663736,0.534715552663736,,,,
Sodium_citrate_citrate3-,1ao6,-4.811,189.099,189.0035275,-1.631,131.14,1,4,6,13,18,0.5,0,0,10.857738033247042,5.087117307087384,5.175713671318919,3.853986625290123,79.33698566769422,0.1615949180260436,0.8796475577983507,0.0018434383830031,0.4756260863949718,0.8251694741657585,447.6251996128465,776.5903955931129,941.1283619988988,2.392785852415252,0.5299365560885201,30.0,0.0333333333333329,7.7150201967969e-08,0.19775996776927,7.7150201967969e-08,16.51,0.57,-1.7718238318006798,-5.4863651304003,3.60871746261,3.60871746261,0.57,16.51,7.996938430891666,0.0019002569,30.0,1.0,,,0.9999999999999882,1.0,9.0950825930103,3.44084227,3.33623679,-0.9560769,0.2820570952651485,9.1103680000313e-05,1.0880168205057,0.1748621866566,33.58,16.51,Ag_13,-2.24,22.0,Ag_13_1ao6.dlg,-0.006560231659842157,0.006560231659842157,0.7264062428081293,-0.7264062428081293,-0.7198460111482871,-0.35992300557414353
Sodium_citrate_citrate3-,1ao6,-4.811,189.099,189.0035275,-1.631,131.14,1,4,6,13,18,0.5,0,0,10.857738033247042,5.087117307087384,5.175713671318919,3.853986625290123,79.33698566769422,0.1615949180260436,0.8796475577983507,0.0018434383830031,0.4756260863949718,0.8251694741657585,447.6251996128465,776.5903955931129,941.1283619988988,2.392785852415252,0.5299365560885201,30.0,0.0333333333333329,7.7150201967969e-08,0.19775996776927,7.7150201967969e-08,16.51,0.57,-1.7718238318006798,-5.4863651304003,3.60871746261,3.60871746261,0.57,16.51,7.996938430891666,0.0019002569,30.0,1.0,,,0.9999999999999882,1.0,9.0950825930103,3.44084227,3.33623679,-0.9560769,0.2820570952651485,9.1103680000313e-05,1.0880168205057,0.1748621866566,33.58,16.51,Au_13,-2.34,22.0,Au_13_1ao6.dlg,-0.006560231659842157,0.006560231659842157,0.6876301088504001,-0.6876301088504001,-0.6810698771905579,-0.34053493859527895
Sodium_citrate_citrate3-,1ao6,-4.811,189.099,189.0035275,-1.631,131.14,1,4,6,13,18,0.5,0,0,10.857738033247042,5.087117307087384,5.175713671318919,3.853986625290123,79.33698566769422,0.1615949180260436,0.8796475577983507,0.0018434383830031,0.4756260863949718,0.8251694741657585,447.6251996128465,776.5903955931129,941.1283619988988,2.392785852415252,0.5299365560885201,30.0,0.0333333333333329,7.7150201967969e-08,0.19775996776927,7.7150201967969e-08,16.51,0.57,-1.7718238318006798,-5.4863651304003,3.60871746261,3.60871746261,0.57,16.51,7.996938430891666,0.0019002569,30.0,1.0,,,0.9999999999999882,1.0,9.0950825930103,3.44084227,3.33623679,-0.9560769,0.2820570952651485,9.1103680000313e-05,1.0880168205057,0.1748621866566,33.58,16.51,ZnO_12_0,-7.76,22.0,ZnO_12_0_1ao6.dlg,-0.006560231659842157,0.006560231659842157,-1.4140363516585295,1.4140363516585295,1.4205965833183716,0.7102982916591858
Sodium_citrate_citrate3-,1hzh,-5.172,189.099,189.0035275,-1.631,131.14,1,4,6,13,18,0.5,0,0,10.857738033247042,5.087117307087384,5.175713671318919,3.853986625290123,79.33698566769422,0.1615949180260436,0.8796475577983507,0.0018434383830031,0.4756260863949718,0.8251694741657585,447.6251996128465,776.5903955931129,941.1283619988988,2.392785852415252,0.5299365560885201,30.0,0.0333333333333329,7.7150201967969e-08,0.19775996776927,7.7150201967969e-08,16.51,0.57,-1.7718238318006798,-5.4863651304003,3.60871746261,3.60871746261,0.57,16.51,7.996938430891666,0.0019002569,30.0,1.0,,,0.9999999999999882,1.0,9.0950825930103,3.44084227,3.33623679,-0.9560769,0.2820570952651485,9.1103680000313e-05,1.0880168205057,0.1748621866566,33.58,16.51,Ag_13,-2.13,20.0,Ag_13_1hzh.dlg,-0.3238835758369754,0.3238835758369754,0.7050874408894409,-0.7050874408894409,-0.38120386505246545,-0.19060193252623273
Sodium_citrate_citrate3-,1hzh,-5.172,189.099,189.0035275,-1.631,131.14,1,4,6,13,18,0.5,0,0,10.857738033247042,5.087117307087384,5.175713671318919,3.853986625290123,79.33698566769422,0.1615949180260436,0.8796475577983507,0.0018434383830031,0.4756260863949718,0.8251694741657585,447.6251996128465,776.5903955931129,941.1283619988988,2.392785852415252,0.5299365560885201,30.0,0.0333333333333329,7.7150201967969e-08,0.19775996776927,7.7150201967969e-08,16.51,0.57,-1.7718238318006798,-5.4863651304003,3.60871746261,3.60871746261,0.57,16.51,7.996938430891666,0.0019002569,30.0,1.0,,,0.9999999999999882,1.0,9.0950825930103,3.44084227,3.33623679,-0.9560769,0.2820570952651485,9.1103680000313e-05,1.0880168205057,0.1748621866566,33.58,16.51,Au_13,-2.12,19.0,Au_13_1hzh.dlg,-0.3238835758369754,0.3238835758369754,0.7091242010472047,-0.7091242010472047,-0.38524062521022934,-0.19262031260511467
Sodium_citrate_citrate3-,1hzh,-5.172,189.099,189.0035275,-1.631,131.14,1,4,6,13,18,0.5,0,0,10.857738033247042,5.087117307087384,5.175713671318919,3.853986625290123,79.33698566769422,0.1615949180260436,0.8796475577983507,0.0018434383830031,0.4756260863949718,0.8251694741657585,447.6251996128465,776.5903955931129,941.1283619988988,2.392785852415252,0.5299365560885201,30.0,0.0333333333333329,7.7150201967969e-08,0.19775996776927,7.7150201967969e-08,16.51,0.57,-1.7718238318006798,-5.4863651304003,3.60871746261,3.60871746261,0.57,16.51,7.996938430891666,0.0019002569,30.0,1.0,,,0.9999999999999882,1.0,9.0950825930103,3.44084227,3.33623679,-0.9560769,0.2820570952651485,9.1103680000313e-05,1.0880168205057,0.1748621866566,33.58,16.51,ZnO_12_0,-7.38,22.0,ZnO_12_0_1hzh.dlg,-0.3238835758369754,0.3238835758369754,-1.4142116419366457,1.4142116419366457,1.738095217773621,0.8690476088868105
Sodium_citrate_citrate3-,2hav,-5.775,189.099,189.0035275,-1.631,131.14,1,4,6,13,18,0.5,0,0,10.857738033247042,5.087117307087384,5.175713671318919,3.853986625290123,79.33698566769422,0.1615949180260436,0.8796475577983507,0.0018434383830031,0.4756260863949718,0.8251694741657585,447.6251996128465,776.5903955931129,941.1283619988988,2.392785852415252,0.5299365560885201,30.0,0.0333333333333329,7.7150201967969e-08,0.19775996776927,7.7150201967969e-08,16.51,0.57,-1.7718238318006798,-5.4863651304003,3.60871746261,3.60871746261,0.57,16.51,7.996938430891666,0.0019002569,30.0,1.0,,,0.9999999999999882,1.0,9.0950825930103,3.44084227,3.33623679,-0.9560769,0.2820570952651485,9.1103680000313e-05,1.0880168205057,0.1748621866566,33.58,16.51,Ag_13,-2.17,23.0,Ag_13_2hav.dlg,-0.37424688933258077,0.37424688933258077,0.7360514352688697,-0.7360514352688697,-0.36180454593628897,-0.18090227296814448
Sodium_citrate_citrate3-,2hav,-5.775,189.099,189.0035275,-1.631,131.14,1,4,6,13,18,0.5,0,0,10.857738033247042,5.087117307087384,5.175713671318919,3.853986625290123,79.33698566769422,0.1615949180260436,0.8796475577983507,0.0018434383830031,0.4756260863949718,0.8251694741657585,447.6251996128465,776.5903955931129,941.1283619988988,2.392785852415252,0.5299365560885201,30.0,0.0333333333333329,7.7150201967969e-08,0.19775996776927,7.7150201967969e-08,16.51,0.57,-1.7718238318006798,-5.4863651304003,3.60871746261,3.60871746261,0.57,16.51,7.996938430891666,0.0019002569,30.0,1.0,,,0.9999999999999882,1.0,9.0950825930103,3.44084227,3.33623679,-0.9560769,0.2820570952651485,9.1103680000313e-05,1.0880168205057,0.1748621866566,33.58,16.51,Au_13,-2.34,21.0,Au_13_2hav.dlg,-0.37424688933258077,0.37424688933258077,0.6777616476932294,-0.6777616476932294,-0.3035147583606487,-0.15175737918032434
Sodium_citrate_citrate3-,2hav,-5.775,189.099,189.0035275,-1.631,131.14,1,4,6,13,18,0.5,0,0,10.857738033247042,5.087117307087384,5.175713671318919,3.853986625290123,79.33698566769422,0.1615949180260436,0.8796475577983507,0.0018434383830031,0.4756260863949718,0.8251694741657585,447.6251996128465,776.5903955931129,941.1283619988988,2.392785852415252,0.5299365560885201,30.0,0.0333333333333329,7.7150201967969e-08,0.19775996776927,7.7150201967969e-08,16.51,0.57,-1.7718238318006798,-5.4863651304003,3.60871746261,3.60871746261,0.57,16.51,7.996938430891666,0.0019002569,30.0,1.0,,,0.9999999999999882,1.0,9.0950825930103,3.44084227,3.33623679,-0.9560769,0.2820570952651485,9.1103680000313e-05,1.0880168205057,0.1748621866566,33.58,16.51,ZnO_12_0,-8.44,21.0,ZnO_12_0_2hav.dlg,-0.37424688933258077,0.37424688933258077,-1.4138130829620992,1.4138130829620992,1.78805997229468,0.89402998614734
Sodium_citrate_citrate3-,3ghg,-4.75,189.099,189.0035275,-1.631,131.14,1,4,6,13,18,0.5,0,0,10.857738033247042,5.087117307087384,5.175713671318919,3.853986625290123,79.33698566769422,0.1615949180260436,0.8796475577983507,0.0018434383830031,0.4756260863949718,0.8251694741657585,447.6251996128465,776.5903955931129,941.1283619988988,2.392785852415252,0.5299365560885201,30.0,0.0333333333333329,7.7150201967969e-08,0.19775996776927,7.7150201967969e-08,16.51,0.57,-1.7718238318006798,-5.4863651304003,3.60871746261,3.60871746261,0.57,16.51,7.996938430891666,0.0019002569,30.0,1.0,,,0.9999999999999882,1.0,9.0950825930103,3.44084227,3.33623679,-0.9560769,0.2820570952651485,9.1103680000313e-05,1.0880168205057,0.1748621866566,33.58,16.51,,,,,-0.24225888304357024,0.24225888304357024,,,,
Tannic_acid_approx,1ao6,-7.531,280.1439999999999,279.9855317080001,-0.0306000000000003,151.32,3,9,3,20,24,0.0,3,0,13.174234614174768,6.674234614174768,8.04396899625805,3.63360480734488,111.9563429867668,0.3224036916808666,0.9410213402862756,0.0007753824961679,0.3383472138585176,0.6803608872247956,877.4519551153998,1764.412314413436,2593.3476593731098,3.056760925199851,0.0264641862582893,30.0,0.033333333333333,7.1970524439925e-11,0.18551853084411,7.1970524439925e-11,17.64,0.57,0.2588698320047873,-4.075617095033,9.2803809850887,9.2803809850887,0.57,17.64,8.103658389578333,0.0173197279,30.0,1.0,,,0.9999999999999905,1.0,13.3559980801217,2.4732198,2.36861432,-5.14783839,0.1970833790932332,6.450172425717e-05,0.7541470235304,0.13427944108457,33.58,16.51,Ag_13,-2.24,22.0,Ag_13_1ao6.dlg,-1.8252583010497567,1.8252583010497567,0.7264062428081293,-0.7264062428081293,1.0988520582416275,0.5494260291208137
Tannic_acid_approx,1ao6,-7.531,280.1439999999999,279.9855317080001,-0.0306000000000003,151.32,3,9,3,20,24,0.0,3,0,13.174234614174768,6.674234614174768,8.04396899625805,3.63360480734488,111.9563429867668,0.3224036916808666,0.9410213402862756,0.0007753824961679,0.3383472138585176,0.6803608872247956,877.4519551153998,1764.412314413436,2593.3476593731098,3.056760925199851,0.0264641862582893,30.0,0.033333333333333,7.1970524439925e-11,0.18551853084411,7.1970524439925e-11,17.64,0.57,0.2588698320047873,-4.075617095033,9.2803809850887,9.2803809850887,0.57,17.64,8.103658389578333,0.0173197279,30.0,1.0,,,0.9999999999999905,1.0,13.3559980801217,2.4732198,2.36861432,-5.14783839,0.1970833790932332,6.450172425717e-05,0.7541470235304,0.13427944108457,33.58,16.51,Au_13,-2.34,22.0,Au_13_1ao6.dlg,-1.8252583010497567,1.8252583010497567,0.6876301088504001,-0.6876301088504001,1.1376281921993567,0.5688140960996784
Tannic_acid_approx,1ao6,-7.531,280.1439999999999,279.9855317080001,-0.0306000000000003,151.32,3,9,3,20,24,0.0,3,0,13.174234614174768,6.674234614174768,8.04396899625805,3.63360480734488,111.9563429867668,0.3224036916808666,0.9410213402862756,0.0007753824961679,0.3383472138585176,0.6803608872247956,877.4519551153998,1764.412314413436,2593.3476593731098,3.056760925199851,0.0264641862582893,30.0,0.033333333333333,7.1970524439925e-11,0.18551853084411,7.1970524439925e-11,17.64,0.57,0.2588698320047873,-4.075617095033,9.2803809850887,9.2803809850887,0.57,17.64,8.103658389578333,0.0173197279,30.0,1.0,,,0.9999999999999905,1.0,13.3559980801217,2.4732198,2.36861432,-5.14783839,0.1970833790932332,6.450172425717e-05,0.7541470235304,0.13427944108457,33.58,16.51,ZnO_12_0,-7.76,22.0,ZnO_12_0_1ao6.dlg,-1.8252583010497567,1.8252583010497567,-1.4140363516585295,1.4140363516585295,3.239294652708286,1.619647326354143
Tannic_acid_approx,1hzh,-7.524,280.1439999999999,279.9855317080001,-0.0306000000000003,151.32,3,9,3,20,24,0.0,3,0,13.174234614174768,6.674234614174768,8.04396899625805,3.63360480734488,111.9563429867668,0.3224036916808666,0.9410213402862756,0.0007753824961679,0.3383472138585176,0.6803608872247956,877.4519551153998,1764.412314413436,2593.3476593731098,3.056760925199851,0.0264641862582893,30.0,0.033333333333333,7.1970524439925e-11,0.18551853084411,7.1970524439925e-11,17.64,0.57,0.2588698320047873,-4.075617095033,9.2803809850887,9.2803809850887,0.57,17.64,8.103658389578333,0.0173197279,30.0,1.0,,,0.9999999999999905,1.0,13.3559980801217,2.4732198,2.36861432,-5.14783839,0.1970833790932332,6.450172425717e-05,0.7541470235304,0.13427944108457,33.58,16.51,Ag_13,-2.13,20.0,Ag_13_1hzh.dlg,-1.9594529916576806,1.9594529916576806,0.7050874408894409,-0.7050874408894409,1.2543655507682399,0.6271827753841199
Tannic_acid_approx,1hzh,-7.524,280.1439999999999,279.9855317080001,-0.0306000000000003,151.32,3,9,3,20,24,0.0,3,0,13.174234614174768,6.674234614174768,8.04396899625805,3.63360480734488,111.9563429867668,0.3224036916808666,0.9410213402862756,0.0007753824961679,0.3383472138585176,0.6803608872247956,877.4519551153998,1764.412314413436,2593.3476593731098,3.056760925199851,0.0264641862582893,30.0,0.033333333333333,7.1970524439925e-11,0.18551853084411,7.1970524439925e-11,17.64,0.57,0.2588698320047873,-4.075617095033,9.2803809850887,9.2803809850887,0.57,17.64,8.103658389578333,0.0173197279,30.0,1.0,,,0.9999999999999905,1.0,13.3559980801217,2.4732198,2.36861432,-5.14783839,0.1970833790932332,6.450172425717e-05,0.7541470235304,0.13427944108457,33.58,16.51,Au_13,-2.12,19.0,Au_13_1hzh.dlg,-1.9594529916576806,1.9594529916576806,0.7091242010472047,-0.7091242010472047,1.2503287906104759,0.6251643953052379
Tannic_acid_approx,1hzh,-7.524,280.1439999999999,279.9855317080001,-0.0306000000000003,151.32,3,9,3,20,24,0.0,3,0,13.174234614174768,6.674234614174768,8.04396899625805,3.63360480734488,111.9563429867668,0.3224036916808666,0.9410213402862756,0.0007753824961679,0.3383472138585176,0.6803608872247956,877.4519551153998,1764.412314413436,2593.3476593731098,3.056760925199851,0.0264641862582893,30.0,0.033333333333333,7.1970524439925e-11,0.18551853084411,7.1970524439925e-11,17.64,0.57,0.2588698320047873,-4.075617095033,9.2803809850887,9.2803809850887,0.57,17.64,8.103658389578333,0.0173197279,30.0,1.0,,,0.9999999999999905,1.0,13.3559980801217,2.4732198,2.36861432,-5.14783839,0.1970833790932332,6.450172425717e-05,0.7541470235304,0.13427944108457,33.58,16.51,ZnO_12_0,-7.38,22.0,ZnO_12_0_1hzh.dlg,-1.9594529916576806,1.9594529916576806,-1.4142116419366457,1.4142116419366457,3.373664633594326,1.686832316797163
Tannic_acid_approx,2hav,-8.327,280.1439999999999,279.9855317080001,-0.0306000000000003,151.32,3,9,3,20,24,0.0,3,0,13.174234614174768,6.674234614174768,8.04396899625805,3.63360480734488,111.9563429867668,0.3224036916808666,0.9410213402862756,0.0007753824961679,0.3383472138585176,0.6803608872247956,877.4519551153998,1764.412314413436,2593.3476593731098,3.056760925199851,0.0264641862582893,30.0,0.033333333333333,7.1970524439925e-11,0.18551853084411,7.1970524439925e-11,17.64,0.57,0.2588698320047873,-4.075617095033,9.2803809850887,9.2803809850887,0.57,17.64,8.103658389578333,0.0173197279,30.0,1.0,,,0.9999999999999905,1.0,13.3559980801217,2.4732198,2.36861432,-5.14783839,0.1970833790932332,6.450172425717e-05,0.7541470235304,0.13427944108457,33.58,16.51,Ag_13,-2.17,23.0,Ag_13_2hav.dlg,-1.9030179099471032,1.9030179099471032,0.7360514352688697,-0.7360514352688697,1.1669664746782336,0.5834832373391168
Tannic_acid_approx,2hav,-8.327,280.1439999999999,279.9855317080001,-0.0306000000000003,151.32,3,9,3,20,24,0.0,3,0,13.174234614174768,6.674234614174768,8.04396899625805,3.63360480734488,111.9563429867668,0.3224036916808666,0.9410213402862756,0.0007753824961679,0.3383472138585176,0.6803608872247956,877.4519551153998,1764.412314413436,2593.3476593731098,3.056760925199851,0.0264641862582893,30.0,0.033333333333333,7.1970524439925e-11,0.18551853084411,7.1970524439925e-11,17.64,0.57,0.2588698320047873,-4.075617095033,9.2803809850887,9.2803809850887,0.57,17.64,8.103658389578333,0.0173197279,30.0,1.0,,,0.9999999999999905,1.0,13.3559980801217,2.4732198,2.36861432,-5.14783839,0.1970833790932332,6.450172425717e-05,0.7541470235304,0.13427944108457,33.58,16.51,Au_13,-2.34,21.0,Au_13_2hav.dlg,-1.9030179099471032,1.9030179099471032,0.6777616476932294,-0.6777616476932294,1.2252562622538736,0.6126281311269368
Tannic_acid_approx,2hav,-8.327,280.1439999999999,279.9855317080001,-0.0306000000000003,151.32,3,9,3,20,24,0.0,3,0,13.174234614174768,6.674234614174768,8.04396899625805,3.63360480734488,111.9563429867668,0.3224036916808666,0.9410213402862756,0.0007753824961679,0.3383472138585176,0.6803608872247956,877.4519551153998,1764.412314413436,2593.3476593731098,3.056760925199851,0.0264641862582893,30.0,0.033333333333333,7.1970524439925e-11,0.18551853084411,7.1970524439925e-11,17.64,0.57,0.2588698320047873,-4.075617095033,9.2803809850887,9.2803809850887,0.57,17.64,8.103658389578333,0.0173197279,30.0,1.0,,,0.9999999999999905,1.0,13.3559980801217,2.4732198,2.36861432,-5.14783839,0.1970833790932332,6.450172425717e-05,0.7541470235304,0.13427944108457,33.58,16.51,ZnO_12_0,-8.44,21.0,ZnO_12_0_2hav.dlg,-1.9030179099471032,1.9030179099471032,-1.4138130829620992,1.4138130829620992,3.3168309929092024,1.6584154964546012
Tannic_acid_approx,3ghg,-7.193,280.1439999999999,279.9855317080001,-0.0306000000000003,151.32,3,9,3,20,24,0.0,3,0,13.174234614174768,6.674234614174768,8.04396899625805,3.63360480734488,111.9563429867668,0.3224036916808666,0.9410213402862756,0.0007753824961679,0.3383472138585176,0.6803608872247956,877.4519551153998,1764.412314413436,2593.3476593731098,3.056760925199851,0.0264641862582893,30.0,0.033333333333333,7.1970524439925e-11,0.18551853084411,7.1970524439925e-11,17.64,0.57,0.2588698320047873,-4.075617095033,9.2803809850887,9.2803809850887,0.57,17.64,8.103658389578333,0.0173197279,30.0,1.0,,,0.9999999999999905,1.0,13.3559980801217,2.4732198,2.36861432,-5.14783839,0.1970833790932332,6.450172425717e-05,0.7541470235304,0.13427944108457,33.58,16.51,,,,,-2.019551529516368,2.019551529516368,,,,
TAT_peptide_fragment_YGRKKK_6_aa,1ao6,-7.4,808.9830000000023,808.4919216280019,-3.5868300000000115,389.24,15,14,36,57,121,0.6388888888888888,1,0,91.04079776017426,44.18941566147788,10.01418041343424,28.3267126485116,423.58056352739743,0.4682964896301705,0.9733447239556446,0.0001495609158196,0.2293470042265863,0.93781017375055,6270.422781317524,25640.03963281384,27340.330005455748,6.05149091938168,0.2411899738741485,30.0,0.0333333333333334,1.2441766889506e-21,0.17568146998421,1.2441766889506e-21,30.17,0.57,8.967509982947867,-0.61414114827005,27.981611077336,27.981611077336,0.57,30.17,8.929696021100002,0.988570936,30.0,1.0,,,1.0000000000000024,1.0,28.59575222560605,-0.23072546,-0.33533094,-19.0684606,0.0208261908315528,8.1399713745709e-06,0.077740807480673,0.015772229340674,33.58,16.51,Ag_13,-2.24,22.0,Ag_13_1ao6.dlg,-1.7376665925607575,1.7376665925607575,0.7264062428081293,-0.7264062428081293,1.0112603497526282,0.5056301748763141
TAT_peptide_fragment_YGRKKK_6_aa,1ao6,-7.4,808.9830000000023,808.4919216280019,-3.5868300000000115,389.24,15,14,36,57,121,0.6388888888888888,1,0,91.04079776017426,44.18941566147788,10.01418041343424,28.3267126485116,423.58056352739743,0.4682964896301705,0.9733447239556446,0.0001495609158196,0.2293470042265863,0.93781017375055,6270.422781317524,25640.03963281384,27340.330005455748,6.05149091938168,0.2411899738741485,30.0,0.0333333333333334,1.2441766889506e-21,0.17568146998421,1.2441766889506e-21,30.17,0.57,8.967509982947867,-0.61414114827005,27.981611077336,27.981611077336,0.57,30.17,8.929696021100002,0.988570936,30.0,1.0,,,1.0000000000000024,1.0,28.59575222560605,-0.23072546,-0.33533094,-19.0684606,0.0208261908315528,8.1399713745709e-06,0.077740807480673,0.015772229340674,33.58,16.51,Au_13,-2.34,22.0,Au_13_1ao6.dlg,-1.7376665925607575,1.7376665925607575,0.6876301088504001,-0.6876301088504001,1.0500364837103575,0.5250182418551788
TAT_peptide_fragment_YGRKKK_6_aa,1ao6,-7.4,808.9830000000023,808.4919216280019,-3.5868300000000115,389.24,15,14,36,57,121,0.6388888888888888,1,0,91.04079776017426,44.18941566147788,10.01418041343424,28.3267126485116,423.58056352739743,0.4682964896301705,0.9733447239556446,0.0001495609158196,0.2293470042265863,0.93781017375055,6270.422781317524,25640.03963281384,27340.330005455748,6.05149091938168,0.2411899738741485,30.0,0.0333333333333334,1.2441766889506e-21,0.17568146998421,1.2441766889506e-21,30.17,0.57,8.967509982947867,-0.61414114827005,27.981611077336,27.981611077336,0.57,30.17,8.929696021100002,0.988570936,30.0,1.0,,,1.0000000000000024,1.0,28.59575222560605,-0.23072546,-0.33533094,-19.0684606,0.0208261908315528,8.1399713745709e-06,0.077740807480673,0.015772229340674,33.58,16.51,ZnO_12_0,-7.76,22.0,ZnO_12_0_1ao6.dlg,-1.7376665925607575,1.7376665925607575,-1.4140363516585295,1.4140363516585295,3.151702944219287,1.5758514721096435
TAT_peptide_fragment_YGRKKK_6_aa,1hzh,-6.133,808.9830000000023,808.4919216280019,-3.5868300000000115,389.24,15,14,36,57,121,0.6388888888888888,1,0,91.04079776017426,44.18941566147788,10.01418041343424,28.3267126485116,423.58056352739743,0.4682964896301705,0.9733447239556446,0.0001495609158196,0.2293470042265863,0.93781017375055,6270.422781317524,25640.03963281384,27340.330005455748,6.05149091938168,0.2411899738741485,30.0,0.0333333333333334,1.2441766889506e-21,0.17568146998421,1.2441766889506e-21,30.17,0.57,8.967509982947867,-0.61414114827005,27.981611077336,27.981611077336,0.57,30.17,8.929696021100002,0.988570936,30.0,1.0,,,1.0000000000000024,1.0,28.59575222560605,-0.23072546,-0.33533094,-19.0684606,0.0208261908315528,8.1399713745709e-06,0.077740807480673,0.015772229340674,33.58,16.51,Ag_13,-2.13,20.0,Ag_13_1hzh.dlg,-0.9921583243929695,0.9921583243929695,0.7050874408894409,-0.7050874408894409,0.2870708835035286,0.1435354417517643
TAT_peptide_fragment_YGRKKK_6_aa,1hzh,-6.133,808.9830000000023,808.4919216280019,-3.5868300000000115,389.24,15,14,36,57,121,0.6388888888888888,1,0,91.04079776017426,44.18941566147788,10.01418041343424,28.3267126485116,423.58056352739743,0.4682964896301705,0.9733447239556446,0.0001495609158196,0.2293470042265863,0.93781017375055,6270.422781317524,25640.03963281384,27340.330005455748,6.05149091938168,0.2411899738741485,30.0,0.0333333333333334,1.2441766889506e-21,0.17568146998421,1.2441766889506e-21,30.17,0.57,8.967509982947867,-0.61414114827005,27.981611077336,27.981611077336,0.57,30.17,8.929696021100002,0.988570936,30.0,1.0,,,1.0000000000000024,1.0,28.59575222560605,-0.23072546,-0.33533094,-19.0684606,0.0208261908315528,8.1399713745709e-06,0.077740807480673,0.015772229340674,33.58,16.51,Au_13,-2.12,19.0,Au_13_1hzh.dlg,-0.9921583243929695,0.9921583243929695,0.7091242010472047,-0.7091242010472047,0.2830341233457647,0.14151706167288236
TAT_peptide_fragment_YGRKKK_6_aa,1hzh,-6.133,808.9830000000023,808.4919216280019,-3.5868300000000115,389.24,15,14,36,57,121,0.6388888888888888,1,0,91.04079776017426,44.18941566147788,10.01418041343424,28.3267126485116,423.58056352739743,0.4682964896301705,0.9733447239556446,0.0001495609158196,0.2293470042265863,0.93781017375055,6270.422781317524,25640.03963281384,27340.330005455748,6.05149091938168,0.2411899738741485,30.0,0.0333333333333334,1.2441766889506e-21,0.17568146998421,1.2441766889506e-21,30.17,0.57,8.967509982947867,-0.61414114827005,27.981611077336,27.981611077336,0.57,30.17,8.929696021100002,0.988570936,30.0,1.0,,,1.0000000000000024,1.0,28.59575222560605,-0.23072546,-0.33533094,-19.0684606,0.0208261908315528,8.1399713745709e-06,0.077740807480673,0.015772229340674,33.58,16.51,ZnO_12_0,-7.38,22.0,ZnO_12_0_1hzh.dlg,-0.9921583243929695,0.9921583243929695,-1.4142116419366457,1.4142116419366457,2.406369966329615,1.2031849831648076
TAT_peptide_fragment_YGRKKK_6_aa,2hav,-8.079,808.9830000000023,808.4919216280019,-3.5868300000000115,389.24,15,14,36,57,121,0.6388888888888888,1,0,91.04079776017426,44.18941566147788,10.01418041343424,28.3267126485116,423.58056352739743,0.4682964896301705,0.9733447239556446,0.0001495609158196,0.2293470042265863,0.93781017375055,6270.422781317524,25640.03963281384,27340.330005455748,6.05149091938168,0.2411899738741485,30.0,0.0333333333333334,1.2441766889506e-21,0.17568146998421,1.2441766889506e-21,30.17,0.57,8.967509982947867,-0.61414114827005,27.981611077336,27.981611077336,0.57,30.17,8.929696021100002,0.988570936,30.0,1.0,,,1.0000000000000024,1.0,28.59575222560605,-0.23072546,-0.33533094,-19.0684606,0.0208261908315528,8.1399713745709e-06,0.077740807480673,0.015772229340674,33.58,16.51,Ag_13,-2.17,23.0,Ag_13_2hav.dlg,-1.754453954965755,1.754453954965755,0.7360514352688697,-0.7360514352688697,1.0184025196968851,0.5092012598484426
TAT_peptide_fragment_YGRKKK_6_aa,2hav,-8.079,808.9830000000023,808.4919216280019,-3.5868300000000115,389.24,15,14,36,57,121,0.6388888888888888,1,0,91.04079776017426,44.18941566147788,10.01418041343424,28.3267126485116,423.58056352739743,0.4682964896301705,0.9733447239556446,0.0001495609158196,0.2293470042265863,0.93781017375055,6270.422781317524,25640.03963281384,27340.330005455748,6.05149091938168,0.2411899738741485,30.0,0.0333333333333334,1.2441766889506e-21,0.17568146998421,1.2441766889506e-21,30.17,0.57,8.967509982947867,-0.61414114827005,27.981611077336,27.981611077336,0.57,30.17,8.929696021100002,0.988570936,30.0,1.0,,,1.0000000000000024,1.0,28.59575222560605,-0.23072546,-0.33533094,-19.0684606,0.0208261908315528,8.1399713745709e-06,0.077740807480673,0.015772229340674,33.58,16.51,Au_13,-2.34,21.0,Au_13_2hav.dlg,-1.754453954965755,1.754453954965755,0.6777616476932294,-0.6777616476932294,1.0766923072725256,0.5383461536362628
TAT_peptide_fragment_YGRKKK_6_aa,2hav,-8.079,808.9830000000023,808.4919216280019,-3.5868300000000115,389.24,15,14,36,57,121,0.6388888888888888,1,0,91.04079776017426,44.18941566147788,10.01418041343424,28.3267126485116,423.58056352739743,0.4682964896301705,0.9733447239556446,0.0001495609158196,0.2293470042265863,0.93781017375055,6270.422781317524,25640.03963281384,27340.330005455748,6.05149091938168,0.2411899738741485,30.0,0.0333333333333334,1.2441766889506e-21,0.17568146998421,1.2441766889506e-21,30.17,0.57,8.967509982947867,-0.61414114827005,27.981611077336,27.981611077336,0.57,30.17,8.929696021100002,0.988570936,30.0,1.0,,,1.0000000000000024,1.0,28.59575222560605,-0.23072546,-0.33533094,-19.0684606,0.0208261908315528,8.1399713745709e-06,0.077740807480673,0.015772229340674,33.58,16.51,ZnO_12_0,-8.44,21.0,ZnO_12_0_2hav.dlg,-1.754453954965755,1.754453954965755,-1.4138130829620992,1.4138130829620992,3.168267037927854,1.584133518963927
TAT_peptide_fragment_YGRKKK_6_aa,3ghg,-6.552,808.9830000000023,808.4919216280019,-3.5868300000000115,389.24,15,14,36,57,121,0.6388888888888888,1,0,91.04079776017426,44.18941566147788,10.01418041343424,28.3267126485116,423.58056352739743,0.4682964896301705,0.9733447239556446,0.0001495609158196,0.2293470042265863,0.93781017375055,6270.422781317524,25640.03963281384,27340.330005455748,6.05149091938168,0.2411899738741485,30.0,0.0333333333333334,1.2441766889506e-21,0.17568146998421,1.2441766889506e-21,30.17,0.57,8.967509982947867,-0.61414114827005,27.981611077336,27.981611077336,0.57,30.17,8.929696021100002,0.988570936,30.0,1.0,,,1.0000000000000024,1.0,28.59575222560605,-0.23072546,-0.33533094,-19.0684606,0.0208261908315528,8.1399713745709e-06,0.077740807480673,0.015772229340674,33.58,16.51,,,,,-1.5532213672613275,1.5532213672613275,,,,
Thioacetic_acid,1ao6,-2.705,76.11999999999998,75.998285748,0.4626999999999999,17.07,1,2,0,4,8,0.5,0,0,5.816496580927726,2.5664965809277263,0.7439876299705358,1.3511258278145688,35.72155977414717,0.3269238846902,0.942781986988193,0.0135106556552976,0.3334098454014138,0.6871323411871646,50.85854889046272,104.81560232995244,152.54063307347988,1.4228605744157956,0.2220594287444899,30.0,0.0333333333333334,0.0033370420929825,0.071010210794978,0.0033370420929825,15.37,0.57,-0.1798377122553003,-0.88649334605589,0.99808650833703,0.99808650833703,0.57,15.37,7.874072420502083,9.774097e-05,30.0,1.0,,,1.000000000000003,1.0,1.88457985439292,0.5328883,0.42828282,-1.25456743,0.399655535533396,0.0001372402674099,1.531802953986,0.24393448604547,33.58,16.51,Ag_13,-2.24,22.0,Ag_13_1ao6.dlg,1.4015934941251431,-1.4015934941251431,0.7264062428081293,-0.7264062428081293,-2.1279997369332726,-1.0639998684666363
Thioacetic_acid,1ao6,-2.705,76.11999999999998,75.998285748,0.4626999999999999,17.07,1,2,0,4,8,0.5,0,0,5.816496580927726,2.5664965809277263,0.7439876299705358,1.3511258278145688,35.72155977414717,0.3269238846902,0.942781986988193,0.0135106556552976,0.3334098454014138,0.6871323411871646,50.85854889046272,104.81560232995244,152.54063307347988,1.4228605744157956,0.2220594287444899,30.0,0.0333333333333334,0.0033370420929825,0.071010210794978,0.0033370420929825,15.37,0.57,-0.1798377122553003,-0.88649334605589,0.99808650833703,0.99808650833703,0.57,15.37,7.874072420502083,9.774097e-05,30.0,1.0,,,1.000000000000003,1.0,1.88457985439292,0.5328883,0.42828282,-1.25456743,0.399655535533396,0.0001372402674099,1.531802953986,0.24393448604547,33.58,16.51,Au_13,-2.34,22.0,Au_13_1ao6.dlg,1.4015934941251431,-1.4015934941251431,0.6876301088504001,-0.6876301088504001,-2.0892236029755433,-1.0446118014877717
Thioacetic_acid,1ao6,-2.705,76.11999999999998,75.998285748,0.4626999999999999,17.07,1,2,0,4,8,0.5,0,0,5.816496580927726,2.5664965809277263,0.7439876299705358,1.3511258278145688,35.72155977414717,0.3269238846902,0.942781986988193,0.0135106556552976,0.3334098454014138,0.6871323411871646,50.85854889046272,104.81560232995244,152.54063307347988,1.4228605744157956,0.2220594287444899,30.0,0.0333333333333334,0.0033370420929825,0.071010210794978,0.0033370420929825,15.37,0.57,-0.1798377122553003,-0.88649334605589,0.99808650833703,0.99808650833703,0.57,15.37,7.874072420502083,9.774097e-05,30.0,1.0,,,1.000000000000003,1.0,1.88457985439292,0.5328883,0.42828282,-1.25456743,0.399655535533396,0.0001372402674099,1.531802953986,0.24393448604547,33.58,16.51,ZnO_12_0,-7.76,22.0,ZnO_12_0_1ao6.dlg,1.4015934941251431,-1.4015934941251431,-1.4140363516585295,1.4140363516585295,0.012442857533386364,0.006221428766693182
Thioacetic_acid,1hzh,-2.524,76.11999999999998,75.998285748,0.4626999999999999,17.07,1,2,0,4,8,0.5,0,0,5.816496580927726,2.5664965809277263,0.7439876299705358,1.3511258278145688,35.72155977414717,0.3269238846902,0.942781986988193,0.0135106556552976,0.3334098454014138,0.6871323411871646,50.85854889046272,104.81560232995244,152.54063307347988,1.4228605744157956,0.2220594287444899,30.0,0.0333333333333334,0.0033370420929825,0.071010210794978,0.0033370420929825,15.37,0.57,-0.1798377122553003,-0.88649334605589,0.99808650833703,0.99808650833703,0.57,15.37,7.874072420502083,9.774097e-05,30.0,1.0,,,1.000000000000003,1.0,1.88457985439292,0.5328883,0.42828282,-1.25456743,0.399655535533396,0.0001372402674099,1.531802953986,0.24393448604547,33.58,16.51,Ag_13,-2.13,20.0,Ag_13_1hzh.dlg,1.517522807280893,-1.517522807280893,0.7050874408894409,-0.7050874408894409,-2.222610248170334,-1.111305124085167
Thioacetic_acid,1hzh,-2.524,76.11999999999998,75.998285748,0.4626999999999999,17.07,1,2,0,4,8,0.5,0,0,5.816496580927726,2.5664965809277263,0.7439876299705358,1.3511258278145688,35.72155977414717,0.3269238846902,0.942781986988193,0.0135106556552976,0.3334098454014138,0.6871323411871646,50.85854889046272,104.81560232995244,152.54063307347988,1.4228605744157956,0.2220594287444899,30.0,0.0333333333333334,0.0033370420929825,0.071010210794978,0.0033370420929825,15.37,0.57,-0.1798377122553003,-0.88649334605589,0.99808650833703,0.99808650833703,0.57,15.37,7.874072420502083,9.774097e-05,30.0,1.0,,,1.000000000000003,1.0,1.88457985439292,0.5328883,0.42828282,-1.25456743,0.399655535533396,0.0001372402674099,1.531802953986,0.24393448604547,33.58,16.51,Au_13,-2.12,19.0,Au_13_1hzh.dlg,1.517522807280893,-1.517522807280893,0.7091242010472047,-0.7091242010472047,-2.226647008328098,-1.113323504164049
Thioacetic_acid,1hzh,-2.524,76.11999999999998,75.998285748,0.4626999999999999,17.07,1,2,0,4,8,0.5,0,0,5.816496580927726,2.5664965809277263,0.7439876299705358,1.3511258278145688,35.72155977414717,0.3269238846902,0.942781986988193,0.0135106556552976,0.3334098454014138,0.6871323411871646,50.85854889046272,104.81560232995244,152.54063307347988,1.4228605744157956,0.2220594287444899,30.0,0.0333333333333334,0.0033370420929825,0.071010210794978,0.0033370420929825,15.37,0.57,-0.1798377122553003,-0.88649334605589,0.99808650833703,0.99808650833703,0.57,15.37,7.874072420502083,9.774097e-05,30.0,1.0,,,1.000000000000003,1.0,1.88457985439292,0.5328883,0.42828282,-1.25456743,0.399655535533396,0.0001372402674099,1.531802953986,0.24393448604547,33.58,16.51,ZnO_12_0,-7.38,22.0,ZnO_12_0_1hzh.dlg,1.517522807280893,-1.517522807280893,-1.4142116419366457,1.4142116419366457,-0.10331116534424734,-0.05165558267212367
Thioacetic_acid,2hav,-2.728,76.11999999999998,75.998285748,0.4626999999999999,17.07,1,2,0,4,8,0.5,0,0,5.816496580927726,2.5664965809277263,0.7439876299705358,1.3511258278145688,35.72155977414717,0.3269238846902,0.942781986988193,0.0135106556552976,0.3334098454014138,0.6871323411871646,50.85854889046272,104.81560232995244,152.54063307347988,1.4228605744157956,0.2220594287444899,30.0,0.0333333333333334,0.0033370420929825,0.071010210794978,0.0033370420929825,15.37,0.57,-0.1798377122553003,-0.88649334605589,0.99808650833703,0.99808650833703,0.57,15.37,7.874072420502083,9.774097e-05,30.0,1.0,,,1.000000000000003,1.0,1.88457985439292,0.5328883,0.42828282,-1.25456743,0.399655535533396,0.0001372402674099,1.531802953986,0.24393448604547,33.58,16.51,Ag_13,-2.17,23.0,Ag_13_2hav.dlg,1.4510529930390692,-1.4510529930390692,0.7360514352688697,-0.7360514352688697,-2.187104428307939,-1.0935522141539695
Thioacetic_acid,2hav,-2.728,76.11999999999998,75.998285748,0.4626999999999999,17.07,1,2,0,4,8,0.5,0,0,5.816496580927726,2.5664965809277263,0.7439876299705358,1.3511258278145688,35.72155977414717,0.3269238846902,0.942781986988193,0.0135106556552976,0.3334098454014138,0.6871323411871646,50.85854889046272,104.81560232995244,152.54063307347988,1.4228605744157956,0.2220594287444899,30.0,0.0333333333333334,0.0033370420929825,0.071010210794978,0.0033370420929825,15.37,0.57,-0.1798377122553003,-0.88649334605589,0.99808650833703,0.99808650833703,0.57,15.37,7.874072420502083,9.774097e-05,30.0,1.0,,,1.000000000000003,1.0,1.88457985439292,0.5328883,0.42828282,-1.25456743,0.399655535533396,0.0001372402674099,1.531802953986,0.24393448604547,33.58,16.51,Au_13,-2.34,21.0,Au_13_2hav.dlg,1.4510529930390692,-1.4510529930390692,0.6777616476932294,-0.6777616476932294,-2.1288146407322985,-1.0644073203661493
Thioacetic_acid,2hav,-2.728,76.11999999999998,75.998285748,0.4626999999999999,17.07,1,2,0,4,8,0.5,0,0,5.816496580927726,2.5664965809277263,0.7439876299705358,1.3511258278145688,35.72155977414717,0.3269238846902,0.942781986988193,0.0135106556552976,0.3334098454014138,0.6871323411871646,50.85854889046272,104.81560232995244,152.54063307347988,1.4228605744157956,0.2220594287444899,30.0,0.0333333333333334,0.0033370420929825,0.071010210794978,0.0033370420929825,15.37,0.57,-0.1798377122553003,-0.88649334605589,0.99808650833703,0.99808650833703,0.57,15.37,7.874072420502083,9.774097e-05,30.0,1.0,,,1.000000000000003,1.0,1.88457985439292,0.5328883,0.42828282,-1.25456743,0.399655535533396,0.0001372402674099,1.531802953986,0.24393448604547,33.58,16.51,ZnO_12_0,-8.44,21.0,ZnO_12_0_2hav.dlg,1.4510529930390692,-1.4510529930390692,-1.4138130829620992,1.4138130829620992,-0.03723991007697003,-0.018619955038485014
Thioacetic_acid,3ghg,-2.48,76.11999999999998,75.998285748,0.4626999999999999,17.07,1,2,0,4,8,0.5,0,0,5.816496580927726,2.5664965809277263,0.7439876299705358,1.3511258278145688,35.72155977414717,0.3269238846902,0.942781986988193,0.0135106556552976,0.3334098454014138,0.6871323411871646,50.85854889046272,104.81560232995244,152.54063307347988,1.4228605744157956,0.2220594287444899,30.0,0.0333333333333334,0.0033370420929825,0.071010210794978,0.0033370420929825,15.37,0.57,-0.1798377122553003,-0.88649334605589,0.99808650833703,0.99808650833703,0.57,15.37,7.874072420502083,9.774097e-05,30.0,1.0,,,1.000000000000003,1.0,1.88457985439292,0.5328883,0.42828282,-1.25456743,0.399655535533396,0.0001372402674099,1.531802953986,0.24393448604547,33.58,16.51,,,,,1.4091755449110968,-1.4091755449110968,,,,
Thioglycolic_acid_mercaptoacetic_acid,1ao6,-3.074,92.11899999999996,91.993200368,0.0008,37.3,2,3,2,5,9,0.5,0,0,6.224744871391589,2.678869016623521,1.1501652919591057,2.0817801047120423,40.60246378447042,0.3948316457664289,0.9622643623230772,0.0137553200081861,0.2721163299086657,0.8845783666438579,64.30809069635778,209.0486294933588,236.32573141767136,1.663260352566622,0.5010870630702543,30.0,0.0333333333333333,1.742469642951e-08,0.16079874836525,1.742469642951e-08,19.92,0.57,0.8509113354254274,-2.205490838402,7.6790905833494,7.6790905833494,0.57,19.92,8.01545610010625,0.000168650835,30.0,1.0,,,0.9999999999999994,1.0,9.8845814217514,1.1920395,1.08743402,-3.64572624,0.3671015637453546,0.0001225963392347,1.4096114617116,0.23308685646903,33.58,16.51,Ag_13,-2.24,22.0,Ag_13_1ao6.dlg,1.1548657045645263,-1.1548657045645263,0.7264062428081293,-0.7264062428081293,-1.8812719473726556,-0.9406359736863278
Thioglycolic_acid_mercaptoacetic_acid,1ao6,-3.074,92.11899999999996,91.993200368,0.0008,37.3,2,3,2,5,9,0.5,0,0,6.224744871391589,2.678869016623521,1.1501652919591057,2.0817801047120423,40.60246378447042,0.3948316457664289,0.9622643623230772,0.0137553200081861,0.2721163299086657,0.8845783666438579,64.30809069635778,209.0486294933588,236.32573141767136,1.663260352566622,0.5010870630702543,30.0,0.0333333333333333,1.742469642951e-08,0.16079874836525,1.742469642951e-08,19.92,0.57,0.8509113354254274,-2.205490838402,7.6790905833494,7.6790905833494,0.57,19.92,8.01545610010625,0.000168650835,30.0,1.0,,,0.9999999999999994,1.0,9.8845814217514,1.1920395,1.08743402,-3.64572624,0.3671015637453546,0.0001225963392347,1.4096114617116,0.23308685646903,33.58,16.51,Au_13,-2.34,22.0,Au_13_1ao6.dlg,1.1548657045645263,-1.1548657045645263,0.6876301088504001,-0.6876301088504001,-1.8424958134149265,-0.9212479067074633
Thioglycolic_acid_mercaptoacetic_acid,1ao6,-3.074,92.11899999999996,91.993200368,0.0008,37.3,2,3,2,5,9,0.5,0,0,6.224744871391589,2.678869016623521,1.1501652919591057,2.0817801047120423,40.60246378447042,0.3948316457664289,0.9622643623230772,0.0137553200081861,0.2721163299086657,0.8845783666438579,64.30809069635778,209.0486294933588,236.32573141767136,1.663260352566622,0.5010870630702543,30.0,0.0333333333333333,1.742469642951e-08,0.16079874836525,1.742469642951e-08,19.92,0.57,0.8509113354254274,-2.205490838402,7.6790905833494,7.6790905833494,0.57,19.92,8.01545610010625,0.000168650835,30.0,1.0,,,0.9999999999999994,1.0,9.8845814217514,1.1920395,1.08743402,-3.64572624,0.3671015637453546,0.0001225963392347,1.4096114617116,0.23308685646903,33.58,16.51,ZnO_12_0,-7.76,22.0,ZnO_12_0_1ao6.dlg,1.1548657045645263,-1.1548657045645263,-1.4140363516585295,1.4140363516585295,0.25917064709400317,0.12958532354700159
Thioglycolic_acid_mercaptoacetic_acid,1hzh,-2.822,92.11899999999996,91.993200368,0.0008,37.3,2,3,2,5,9,0.5,0,0,6.224744871391589,2.678869016623521,1.1501652919591057,2.0817801047120423,40.60246378447042,0.3948316457664289,0.9622643623230772,0.0137553200081861,0.2721163299086657,0.8845783666438579,64.30809069635778,209.0486294933588,236.32573141767136,1.663260352566622,0.5010870630702543,30.0,0.0333333333333333,1.742469642951e-08,0.16079874836525,1.742469642951e-08,19.92,0.57,0.8509113354254274,-2.205490838402,7.6790905833494,7.6790905833494,0.57,19.92,8.01545610010625,0.000168650835,30.0,1.0,,,0.9999999999999994,1.0,9.8845814217514,1.1920395,1.08743402,-3.64572624,0.3671015637453546,0.0001225963392347,1.4096114617116,0.23308685646903,33.58,16.51,Ag_13,-2.13,20.0,Ag_13_1hzh.dlg,1.310295049664154,-1.310295049664154,0.7050874408894409,-0.7050874408894409,-2.015382490553595,-1.0076912452767974
Thioglycolic_acid_mercaptoacetic_acid,1hzh,-2.822,92.11899999999996,91.993200368,0.0008,37.3,2,3,2,5,9,0.5,0,0,6.224744871391589,2.678869016623521,1.1501652919591057,2.0817801047120423,40.60246378447042,0.3948316457664289,0.9622643623230772,0.0137553200081861,0.2721163299086657,0.8845783666438579,64.30809069635778,209.0486294933588,236.32573141767136,1.663260352566622,0.5010870630702543,30.0,0.0333333333333333,1.742469642951e-08,0.16079874836525,1.742469642951e-08,19.92,0.57,0.8509113354254274,-2.205490838402,7.6790905833494,7.6790905833494,0.57,19.92,8.01545610010625,0.000168650835,30.0,1.0,,,0.9999999999999994,1.0,9.8845814217514,1.1920395,1.08743402,-3.64572624,0.3671015637453546,0.0001225963392347,1.4096114617116,0.23308685646903,33.58,16.51,Au_13,-2.12,19.0,Au_13_1hzh.dlg,1.310295049664154,-1.310295049664154,0.7091242010472047,-0.7091242010472047,-2.019419250711359,-1.0097096253556794
Thioglycolic_acid_mercaptoacetic_acid,1hzh,-2.822,92.11899999999996,91.993200368,0.0008,37.3,2,3,2,5,9,0.5,0,0,6.224744871391589,2.678869016623521,1.1501652919591057,2.0817801047120423,40.60246378447042,0.3948316457664289,0.9622643623230772,0.0137553200081861,0.2721163299086657,0.8845783666438579,64.30809069635778,209.0486294933588,236.32573141767136,1.663260352566622,0.5010870630702543,30.0,0.0333333333333333,1.742469642951e-08,0.16079874836525,1.742469642951e-08,19.92,0.57,0.8509113354254274,-2.205490838402,7.6790905833494,7.6790905833494,0.57,19.92,8.01545610010625,0.000168650835,30.0,1.0,,,0.9999999999999994,1.0,9.8845814217514,1.1920395,1.08743402,-3.64572624,0.3671015637453546,0.0001225963392347,1.4096114617116,0.23308685646903,33.58,16.51,ZnO_12_0,-7.38,22.0,ZnO_12_0_1hzh.dlg,1.310295049664154,-1.310295049664154,-1.4142116419366457,1.4142116419366457,0.10391659227249161,0.05195829613624581
Thioglycolic_acid_mercaptoacetic_acid,2hav,-3.313,92.11899999999996,91.993200368,0.0008,37.3,2,3,2,5,9,0.5,0,0,6.224744871391589,2.678869016623521,1.1501652919591057,2.0817801047120423,40.60246378447042,0.3948316457664289,0.9622643623230772,0.0137553200081861,0.2721163299086657,0.8845783666438579,64.30809069635778,209.0486294933588,236.32573141767136,1.663260352566622,0.5010870630702543,30.0,0.0333333333333333,1.742469642951e-08,0.16079874836525,1.742469642951e-08,19.92,0.57,0.8509113354254274,-2.205490838402,7.6790905833494,7.6790905833494,0.57,19.92,8.01545610010625,0.000168650835,30.0,1.0,,,0.9999999999999994,1.0,9.8845814217514,1.1920395,1.08743402,-3.64572624,0.3671015637453546,0.0001225963392347,1.4096114617116,0.23308685646903,33.58,16.51,Ag_13,-2.17,23.0,Ag_13_2hav.dlg,1.1006097927806462,-1.1006097927806462,0.7360514352688697,-0.7360514352688697,-1.836661228049516,-0.918330614024758
Thioglycolic_acid_mercaptoacetic_acid,2hav,-3.313,92.11899999999996,91.993200368,0.0008,37.3,2,3,2,5,9,0.5,0,0,6.224744871391589,2.678869016623521,1.1501652919591057,2.0817801047120423,40.60246378447042,0.3948316457664289,0.9622643623230772,0.0137553200081861,0.2721163299086657,0.8845783666438579,64.30809069635778,209.0486294933588,236.32573141767136,1.663260352566622,0.5010870630702543,30.0,0.0333333333333333,1.742469642951e-08,0.16079874836525,1.742469642951e-08,19.92,0.57,0.8509113354254274,-2.205490838402,7.6790905833494,7.6790905833494,0.57,19.92,8.01545610010625,0.000168650835,30.0,1.0,,,0.9999999999999994,1.0,9.8845814217514,1.1920395,1.08743402,-3.64572624,0.3671015637453546,0.0001225963392347,1.4096114617116,0.23308685646903,33.58,16.51,Au_13,-2.34,21.0,Au_13_2hav.dlg,1.1006097927806462,-1.1006097927806462,0.6777616476932294,-0.6777616476932294,-1.7783714404738755,-0.8891857202369378
Thioglycolic_acid_mercaptoacetic_acid,2hav,-3.313,92.11899999999996,91.993200368,0.0008,37.3,2,3,2,5,9,0.5,0,0,6.224744871391589,2.678869016623521,1.1501652919591057,2.0817801047120423,40.60246378447042,0.3948316457664289,0.9622643623230772,0.0137553200081861,0.2721163299086657,0.8845783666438579,64.30809069635778,209.0486294933588,236.32573141767136,1.663260352566622,0.5010870630702543,30.0,0.0333333333333333,1.742469642951e-08,0.16079874836525,1.742469642951e-08,19.92,0.57,0.8509113354254274,-2.205490838402,7.6790905833494,7.6790905833494,0.57,19.92,8.01545610010625,0.000168650835,30.0,1.0,,,0.9999999999999994,1.0,9.8845814217514,1.1920395,1.08743402,-3.64572624,0.3671015637453546,0.0001225963392347,1.4096114617116,0.23308685646903,33.58,16.51,ZnO_12_0,-8.44,21.0,ZnO_12_0_2hav.dlg,1.1006097927806462,-1.1006097927806462,-1.4138130829620992,1.4138130829620992,0.313203290181453,0.1566016450907265
Thioglycolic_acid_mercaptoacetic_acid,3ghg,-3.024,92.11899999999996,91.993200368,0.0008,37.3,2,3,2,5,9,0.5,0,0,6.224744871391589,2.678869016623521,1.1501652919591057,2.0817801047120423,40.60246378447042,0.3948316457664289,0.9622643623230772,0.0137553200081861,0.2721163299086657,0.8845783666438579,64.30809069635778,209.0486294933588,236.32573141767136,1.663260352566622,0.5010870630702543,30.0,0.0333333333333333,1.742469642951e-08,0.16079874836525,1.742469642951e-08,19.92,0.57,0.8509113354254274,-2.205490838402,7.6790905833494,7.6790905833494,0.57,19.92,8.01545610010625,0.000168650835,30.0,1.0,,,0.9999999999999994,1.0,9.8845814217514,1.1920395,1.08743402,-3.64572624,0.3671015637453546,0.0001225963392347,1.4096114617116,0.23308685646903,33.58,16.51,,,,,1.0134132855246039,-1.0134132855246039,,,,
Thiomethyl_PEG_linker_2-_2-methoxyethoxy_ethanethiol,1ao6,-3.279,136.21600000000004,136.055800624,0.5792000000000002,18.46,1,3,6,8,20,1.0,0,0,15.72474487139159,7.428869016623521,1.1770933386187972,7.27,72.1217184776495,0.7314199432875844,0.9949705593109894,0.0095073930326095,0.1001677897548751,0.970472875596083,102.07560287740782,988.9566705530752,1019.046173697167,2.783045081829653,0.1787475962273904,30.0,0.0333333333333333,0.0033550725348228,0.085677958648644,0.0033550725348228,11.95,0.57,-0.0203467764213213,-0.79330969291658,1.2036787057589,1.2036787057589,0.57,11.95,7.845824298272884,0.000433430173,30.0,1.0,,,1.0000000000000018,1.0,1.99698839867548,0.33100471,0.22639923,-1.94142226,0.2712677169179135,9.6370853893625e-05,1.0327081731414,0.17269587539136,33.58,16.51,Ag_13,-2.24,22.0,Ag_13_1ao6.dlg,1.0177947103641833,-1.0177947103641833,0.7264062428081293,-0.7264062428081293,-1.7442009531723126,-0.8721004765861563
Thiomethyl_PEG_linker_2-_2-methoxyethoxy_ethanethiol,1ao6,-3.279,136.21600000000004,136.055800624,0.5792000000000002,18.46,1,3,6,8,20,1.0,0,0,15.72474487139159,7.428869016623521,1.1770933386187972,7.27,72.1217184776495,0.7314199432875844,0.9949705593109894,0.0095073930326095,0.1001677897548751,0.970472875596083,102.07560287740782,988.9566705530752,1019.046173697167,2.783045081829653,0.1787475962273904,30.0,0.0333333333333333,0.0033550725348228,0.085677958648644,0.0033550725348228,11.95,0.57,-0.0203467764213213,-0.79330969291658,1.2036787057589,1.2036787057589,0.57,11.95,7.845824298272884,0.000433430173,30.0,1.0,,,1.0000000000000018,1.0,1.99698839867548,0.33100471,0.22639923,-1.94142226,0.2712677169179135,9.6370853893625e-05,1.0327081731414,0.17269587539136,33.58,16.51,Au_13,-2.34,22.0,Au_13_1ao6.dlg,1.0177947103641833,-1.0177947103641833,0.6876301088504001,-0.6876301088504001,-1.7054248192145836,-0.8527124096072918
Thiomethyl_PEG_linker_2-_2-methoxyethoxy_ethanethiol,1ao6,-3.279,136.21600000000004,136.055800624,0.5792000000000002,18.46,1,3,6,8,20,1.0,0,0,15.72474487139159,7.428869016623521,1.1770933386187972,7.27,72.1217184776495,0.7314199432875844,0.9949705593109894,0.0095073930326095,0.1001677897548751,0.970472875596083,102.07560287740782,988.9566705530752,1019.046173697167,2.783045081829653,0.1787475962273904,30.0,0.0333333333333333,0.0033550725348228,0.085677958648644,0.0033550725348228,11.95,0.57,-0.0203467764213213,-0.79330969291658,1.2036787057589,1.2036787057589,0.57,11.95,7.845824298272884,0.000433430173,30.0,1.0,,,1.0000000000000018,1.0,1.99698839867548,0.33100471,0.22639923,-1.94142226,0.2712677169179135,9.6370853893625e-05,1.0327081731414,0.17269587539136,33.58,16.51,ZnO_12_0,-7.76,22.0,ZnO_12_0_1ao6.dlg,1.0177947103641833,-1.0177947103641833,-1.4140363516585295,1.4140363516585295,0.39624164129434614,0.19812082064717307
Thiomethyl_PEG_linker_2-_2-methoxyethoxy_ethanethiol,1hzh,-2.87,136.21600000000004,136.055800624,0.5792000000000002,18.46,1,3,6,8,20,1.0,0,0,15.72474487139159,7.428869016623521,1.1770933386187972,7.27,72.1217184776495,0.7314199432875844,0.9949705593109894,0.0095073930326095,0.1001677897548751,0.970472875596083,102.07560287740782,988.9566705530752,1019.046173697167,2.783045081829653,0.1787475962273904,30.0,0.0333333333333333,0.0033550725348228,0.085677958648644,0.0033550725348228,11.95,0.57,-0.0203467764213213,-0.79330969291658,1.2036787057589,1.2036787057589,0.57,11.95,7.845824298272884,0.000433430173,30.0,1.0,,,1.0000000000000018,1.0,1.99698839867548,0.33100471,0.22639923,-1.94142226,0.2712677169179135,9.6370853893625e-05,1.0327081731414,0.17269587539136,33.58,16.51,Ag_13,-2.13,20.0,Ag_13_1hzh.dlg,1.2769160819943437,-1.2769160819943437,0.7050874408894409,-0.7050874408894409,-1.9820035228837845,-0.9910017614418922
Thiomethyl_PEG_linker_2-_2-methoxyethoxy_ethanethiol,1hzh,-2.87,136.21600000000004,136.055800624,0.5792000000000002,18.46,1,3,6,8,20,1.0,0,0,15.72474487139159,7.428869016623521,1.1770933386187972,7.27,72.1217184776495,0.7314199432875844,0.9949705593109894,0.0095073930326095,0.1001677897548751,0.970472875596083,102.07560287740782,988.9566705530752,1019.046173697167,2.783045081829653,0.1787475962273904,30.0,0.0333333333333333,0.0033550725348228,0.085677958648644,0.0033550725348228,11.95,0.57,-0.0203467764213213,-0.79330969291658,1.2036787057589,1.2036787057589,0.57,11.95,7.845824298272884,0.000433430173,30.0,1.0,,,1.0000000000000018,1.0,1.99698839867548,0.33100471,0.22639923,-1.94142226,0.2712677169179135,9.6370853893625e-05,1.0327081731414,0.17269587539136,33.58,16.51,Au_13,-2.12,19.0,Au_13_1hzh.dlg,1.2769160819943437,-1.2769160819943437,0.7091242010472047,-0.7091242010472047,-1.9860402830415484,-0.9930201415207742
Thiomethyl_PEG_linker_2-_2-methoxyethoxy_ethanethiol,1hzh,-2.87,136.21600000000004,136.055800624,0.5792000000000002,18.46,1,3,6,8,20,1.0,0,0,15.72474487139159,7.428869016623521,1.1770933386187972,7.27,72.1217184776495,0.7314199432875844,0.9949705593109894,0.0095073930326095,0.1001677897548751,0.970472875596083,102.07560287740782,988.9566705530752,1019.046173697167,2.783045081829653,0.1787475962273904,30.0,0.0333333333333333,0.0033550725348228,0.085677958648644,0.0033550725348228,11.95,0.57,-0.0203467764213213,-0.79330969291658,1.2036787057589,1.2036787057589,0.57,11.95,7.845824298272884,0.000433430173,30.0,1.0,,,1.0000000000000018,1.0,1.99698839867548,0.33100471,0.22639923,-1.94142226,0.2712677169179135,9.6370853893625e-05,1.0327081731414,0.17269587539136,33.58,16.51,ZnO_12_0,-7.38,22.0,ZnO_12_0_1hzh.dlg,1.2769160819943437,-1.2769160819943437,-1.4142116419366457,1.4142116419366457,0.13729555994230203,0.06864777997115101
Thiomethyl_PEG_linker_2-_2-methoxyethoxy_ethanethiol,2hav,-3.527,136.21600000000004,136.055800624,0.5792000000000002,18.46,1,3,6,8,20,1.0,0,0,15.72474487139159,7.428869016623521,1.1770933386187972,7.27,72.1217184776495,0.7314199432875844,0.9949705593109894,0.0095073930326095,0.1001677897548751,0.970472875596083,102.07560287740782,988.9566705530752,1019.046173697167,2.783045081829653,0.1787475962273904,30.0,0.0333333333333333,0.0033550725348228,0.085677958648644,0.0033550725348228,11.95,0.57,-0.0203467764213213,-0.79330969291658,1.2036787057589,1.2036787057589,0.57,11.95,7.845824298272884,0.000433430173,30.0,1.0,,,1.0000000000000018,1.0,1.99698839867548,0.33100471,0.22639923,-1.94142226,0.2712677169179135,9.6370853893625e-05,1.0327081731414,0.17269587539136,33.58,16.51,Ag_13,-2.17,23.0,Ag_13_2hav.dlg,0.972413476788676,-0.972413476788676,0.7360514352688697,-0.7360514352688697,-1.7084649120575457,-0.8542324560287728
Thiomethyl_PEG_linker_2-_2-methoxyethoxy_ethanethiol,2hav,-3.527,136.21600000000004,136.055800624,0.5792000000000002,18.46,1,3,6,8,20,1.0,0,0,15.72474487139159,7.428869016623521,1.1770933386187972,7.27,72.1217184776495,0.7314199432875844,0.9949705593109894,0.0095073930326095,0.1001677897548751,0.970472875596083,102.07560287740782,988.9566705530752,1019.046173697167,2.783045081829653,0.1787475962273904,30.0,0.0333333333333333,0.0033550725348228,0.085677958648644,0.0033550725348228,11.95,0.57,-0.0203467764213213,-0.79330969291658,1.2036787057589,1.2036787057589,0.57,11.95,7.845824298272884,0.000433430173,30.0,1.0,,,1.0000000000000018,1.0,1.99698839867548,0.33100471,0.22639923,-1.94142226,0.2712677169179135,9.6370853893625e-05,1.0327081731414,0.17269587539136,33.58,16.51,Au_13,-2.34,21.0,Au_13_2hav.dlg,0.972413476788676,-0.972413476788676,0.6777616476932294,-0.6777616476932294,-1.6501751244819054,-0.8250875622409527
Thiomethyl_PEG_linker_2-_2-methoxyethoxy_ethanethiol,2hav,-3.527,136.21600000000004,136.055800624,0.5792000000000002,18.46,1,3,6,8,20,1.0,0,0,15.72474487139159,7.428869016623521,1.1770933386187972,7.27,72.1217184776495,0.7314199432875844,0.9949705593109894,0.0095073930326095,0.1001677897548751,0.970472875596083,102.07560287740782,988.9566705530752,1019.046173697167,2.783045081829653,0.1787475962273904,30.0,0.0333333333333333,0.0033550725348228,0.085677958648644,0.0033550725348228,11.95,0.57,-0.0203467764213213,-0.79330969291658,1.2036787057589,1.2036787057589,0.57,11.95,7.845824298272884,0.000433430173,30.0,1.0,,,1.0000000000000018,1.0,1.99698839867548,0.33100471,0.22639923,-1.94142226,0.2712677169179135,9.6370853893625e-05,1.0327081731414,0.17269587539136,33.58,16.51,ZnO_12_0,-8.44,21.0,ZnO_12_0_2hav.dlg,0.972413476788676,-0.972413476788676,-1.4138130829620992,1.4138130829620992,0.4413996061734232,0.2206998030867116
Thiomethyl_PEG_linker_2-_2-methoxyethoxy_ethanethiol,3ghg,-2.863,136.21600000000004,136.055800624,0.5792000000000002,18.46,1,3,6,8,20,1.0,0,0,15.72474487139159,7.428869016623521,1.1770933386187972,7.27,72.1217184776495,0.7314199432875844,0.9949705593109894,0.0095073930326095,0.1001677897548751,0.970472875596083,102.07560287740782,988.9566705530752,1019.046173697167,2.783045081829653,0.1787475962273904,30.0,0.0333333333333333,0.0033550725348228,0.085677958648644,0.0033550725348228,11.95,0.57,-0.0203467764213213,-0.79330969291658,1.2036787057589,1.2036787057589,0.57,11.95,7.845824298272884,0.000433430173,30.0,1.0,,,1.0000000000000018,1.0,1.99698839867548,0.33100471,0.22639923,-1.94142226,0.2712677169179135,9.6370853893625e-05,1.0327081731414,0.17269587539136,33.58,16.51,,,,,1.130541454203327,-1.130541454203327,,,,
Tris_buffer_Tris_base,1ao6,-3.688,121.13599999999994,121.073893212,-2.3391999999999995,86.71000000000001,4,4,7,8,19,1.0,0,0,14.671958466891548,6.705151295837279,1.152493715940397,2.9852263467168973,63.38746886532447,0.0696927316497702,0.7796993463547225,0.0037442623328926,0.626154077918541,0.8299663090789456,221.66350412679407,293.81464860723105,354.00792224119505,1.894434976014852,0.8395932235540855,30.0,0.0333333333333331,2.3876502640988e-07,0.10385442690516,2.3876502640988e-07,26.75,0.57,2.3206847050586386,-0.14120468244158,7.8606360733577,7.8606360733577,0.57,26.75,7.8975744266367665,0.000263851716,30.0,1.0,,,0.999999999999994,1.0,8.00184075579928,-1.0624572,-1.16706268,-4.0806865,0.313224223109195,0.0001096485286274,1.1917500902947,0.20404573361299,33.58,16.51,Ag_13,-2.24,22.0,Ag_13_1ao6.dlg,0.7443213609595968,-0.7443213609595968,0.7264062428081293,-0.7264062428081293,-1.4707276037677262,-0.7353638018838631
Tris_buffer_Tris_base,1ao6,-3.688,121.13599999999994,121.073893212,-2.3391999999999995,86.71000000000001,4,4,7,8,19,1.0,0,0,14.671958466891548,6.705151295837279,1.152493715940397,2.9852263467168973,63.38746886532447,0.0696927316497702,0.7796993463547225,0.0037442623328926,0.626154077918541,0.8299663090789456,221.66350412679407,293.81464860723105,354.00792224119505,1.894434976014852,0.8395932235540855,30.0,0.0333333333333331,2.3876502640988e-07,0.10385442690516,2.3876502640988e-07,26.75,0.57,2.3206847050586386,-0.14120468244158,7.8606360733577,7.8606360733577,0.57,26.75,7.8975744266367665,0.000263851716,30.0,1.0,,,0.999999999999994,1.0,8.00184075579928,-1.0624572,-1.16706268,-4.0806865,0.313224223109195,0.0001096485286274,1.1917500902947,0.20404573361299,33.58,16.51,Au_13,-2.34,22.0,Au_13_1ao6.dlg,0.7443213609595968,-0.7443213609595968,0.6876301088504001,-0.6876301088504001,-1.4319514698099969,-0.7159757349049984
Tris_buffer_Tris_base,1ao6,-3.688,121.13599999999994,121.073893212,-2.3391999999999995,86.71000000000001,4,4,7,8,19,1.0,0,0,14.671958466891548,6.705151295837279,1.152493715940397,2.9852263467168973,63.38746886532447,0.0696927316497702,0.7796993463547225,0.0037442623328926,0.626154077918541,0.8299663090789456,221.66350412679407,293.81464860723105,354.00792224119505,1.894434976014852,0.8395932235540855,30.0,0.0333333333333331,2.3876502640988e-07,0.10385442690516,2.3876502640988e-07,26.75,0.57,2.3206847050586386,-0.14120468244158,7.8606360733577,7.8606360733577,0.57,26.75,7.8975744266367665,0.000263851716,30.0,1.0,,,0.999999999999994,1.0,8.00184075579928,-1.0624572,-1.16706268,-4.0806865,0.313224223109195,0.0001096485286274,1.1917500902947,0.20404573361299,33.58,16.51,ZnO_12_0,-7.76,22.0,ZnO_12_0_1ao6.dlg,0.7443213609595968,-0.7443213609595968,-1.4140363516585295,1.4140363516585295,0.6697149906989327,0.33485749534946635
Tris_buffer_Tris_base,1hzh,-3.93,121.13599999999994,121.073893212,-2.3391999999999995,86.71000000000001,4,4,7,8,19,1.0,0,0,14.671958466891548,6.705151295837279,1.152493715940397,2.9852263467168973,63.38746886532447,0.0696927316497702,0.7796993463547225,0.0037442623328926,0.626154077918541,0.8299663090789456,221.66350412679407,293.81464860723105,354.00792224119505,1.894434976014852,0.8395932235540855,30.0,0.0333333333333331,2.3876502640988e-07,0.10385442690516,2.3876502640988e-07,26.75,0.57,2.3206847050586386,-0.14120468244158,7.8606360733577,7.8606360733577,0.57,26.75,7.8975744266367665,0.000263851716,30.0,1.0,,,0.999999999999994,1.0,8.00184075579928,-1.0624572,-1.16706268,-4.0806865,0.313224223109195,0.0001096485286274,1.1917500902947,0.20404573361299,33.58,16.51,Ag_13,-2.13,20.0,Ag_13_1hzh.dlg,0.539797212619366,-0.539797212619366,0.7050874408894409,-0.7050874408894409,-1.244884653508807,-0.6224423267544035
Tris_buffer_Tris_base,1hzh,-3.93,121.13599999999994,121.073893212,-2.3391999999999995,86.71000000000001,4,4,7,8,19,1.0,0,0,14.671958466891548,6.705151295837279,1.152493715940397,2.9852263467168973,63.38746886532447,0.0696927316497702,0.7796993463547225,0.0037442623328926,0.626154077918541,0.8299663090789456,221.66350412679407,293.81464860723105,354.00792224119505,1.894434976014852,0.8395932235540855,30.0,0.0333333333333331,2.3876502640988e-07,0.10385442690516,2.3876502640988e-07,26.75,0.57,2.3206847050586386,-0.14120468244158,7.8606360733577,7.8606360733577,0.57,26.75,7.8975744266367665,0.000263851716,30.0,1.0,,,0.999999999999994,1.0,8.00184075579928,-1.0624572,-1.16706268,-4.0806865,0.313224223109195,0.0001096485286274,1.1917500902947,0.20404573361299,33.58,16.51,Au_13,-2.12,19.0,Au_13_1hzh.dlg,0.539797212619366,-0.539797212619366,0.7091242010472047,-0.7091242010472047,-1.2489214136665707,-0.6244607068332854
Tris_buffer_Tris_base,1hzh,-3.93,121.13599999999994,121.073893212,-2.3391999999999995,86.71000000000001,4,4,7,8,19,1.0,0,0,14.671958466891548,6.705151295837279,1.152493715940397,2.9852263467168973,63.38746886532447,0.0696927316497702,0.7796993463547225,0.0037442623328926,0.626154077918541,0.8299663090789456,221.66350412679407,293.81464860723105,354.00792224119505,1.894434976014852,0.8395932235540855,30.0,0.0333333333333331,2.3876502640988e-07,0.10385442690516,2.3876502640988e-07,26.75,0.57,2.3206847050586386,-0.14120468244158,7.8606360733577,7.8606360733577,0.57,26.75,7.8975744266367665,0.000263851716,30.0,1.0,,,0.999999999999994,1.0,8.00184075579928,-1.0624572,-1.16706268,-4.0806865,0.313224223109195,0.0001096485286274,1.1917500902947,0.20404573361299,33.58,16.51,ZnO_12_0,-7.38,22.0,ZnO_12_0_1hzh.dlg,0.539797212619366,-0.539797212619366,-1.4142116419366457,1.4142116419366457,0.8744144293172798,0.4372072146586399
Tris_buffer_Tris_base,2hav,-4.001,121.13599999999994,121.073893212,-2.3391999999999995,86.71000000000001,4,4,7,8,19,1.0,0,0,14.671958466891548,6.705151295837279,1.152493715940397,2.9852263467168973,63.38746886532447,0.0696927316497702,0.7796993463547225,0.0037442623328926,0.626154077918541,0.8299663090789456,221.66350412679407,293.81464860723105,354.00792224119505,1.894434976014852,0.8395932235540855,30.0,0.0333333333333331,2.3876502640988e-07,0.10385442690516,2.3876502640988e-07,26.75,0.57,2.3206847050586386,-0.14120468244158,7.8606360733577,7.8606360733577,0.57,26.75,7.8975744266367665,0.000263851716,30.0,1.0,,,0.999999999999994,1.0,8.00184075579928,-1.0624572,-1.16706268,-4.0806865,0.313224223109195,0.0001096485286274,1.1917500902947,0.20404573361299,33.58,16.51,Ag_13,-2.17,23.0,Ag_13_2hav.dlg,0.6884646273485177,-0.6884646273485177,0.7360514352688697,-0.7360514352688697,-1.4245160626173874,-0.7122580313086937
Tris_buffer_Tris_base,2hav,-4.001,121.13599999999994,121.073893212,-2.3391999999999995,86.71000000000001,4,4,7,8,19,1.0,0,0,14.671958466891548,6.705151295837279,1.152493715940397,2.9852263467168973,63.38746886532447,0.0696927316497702,0.7796993463547225,0.0037442623328926,0.626154077918541,0.8299663090789456,221.66350412679407,293.81464860723105,354.00792224119505,1.894434976014852,0.8395932235540855,30.0,0.0333333333333331,2.3876502640988e-07,0.10385442690516,2.3876502640988e-07,26.75,0.57,2.3206847050586386,-0.14120468244158,7.8606360733577,7.8606360733577,0.57,26.75,7.8975744266367665,0.000263851716,30.0,1.0,,,0.999999999999994,1.0,8.00184075579928,-1.0624572,-1.16706268,-4.0806865,0.313224223109195,0.0001096485286274,1.1917500902947,0.20404573361299,33.58,16.51,Au_13,-2.34,21.0,Au_13_2hav.dlg,0.6884646273485177,-0.6884646273485177,0.6777616476932294,-0.6777616476932294,-1.366226275041747,-0.6831131375208735
Tris_buffer_Tris_base,2hav,-4.001,121.13599999999994,121.073893212,-2.3391999999999995,86.71000000000001,4,4,7,8,19,1.0,0,0,14.671958466891548,6.705151295837279,1.152493715940397,2.9852263467168973,63.38746886532447,0.0696927316497702,0.7796993463547225,0.0037442623328926,0.626154077918541,0.8299663090789456,221.66350412679407,293.81464860723105,354.00792224119505,1.894434976014852,0.8395932235540855,30.0,0.0333333333333331,2.3876502640988e-07,0.10385442690516,2.3876502640988e-07,26.75,0.57,2.3206847050586386,-0.14120468244158,7.8606360733577,7.8606360733577,0.57,26.75,7.8975744266367665,0.000263851716,30.0,1.0,,,0.999999999999994,1.0,8.00184075579928,-1.0624572,-1.16706268,-4.0806865,0.313224223109195,0.0001096485286274,1.1917500902947,0.20404573361299,33.58,16.51,ZnO_12_0,-8.44,21.0,ZnO_12_0_2hav.dlg,0.6884646273485177,-0.6884646273485177,-1.4138130829620992,1.4138130829620992,0.7253484556135815,0.36267422780679076
Tris_buffer_Tris_base,3ghg,-3.589,121.13599999999994,121.073893212,-2.3391999999999995,86.71000000000001,4,4,7,8,19,1.0,0,0,14.671958466891548,6.705151295837279,1.152493715940397,2.9852263467168973,63.38746886532447,0.0696927316497702,0.7796993463547225,0.0037442623328926,0.626154077918541,0.8299663090789456,221.66350412679407,293.81464860723105,354.00792224119505,1.894434976014852,0.8395932235540855,30.0,0.0333333333333331,2.3876502640988e-07,0.10385442690516,2.3876502640988e-07,26.75,0.57,2.3206847050586386,-0.14120468244158,7.8606360733577,7.8606360733577,0.57,26.75,7.8975744266367665,0.000263851716,30.0,1.0,,,0.999999999999994,1.0,8.00184075579928,-1.0624572,-1.16706268,-4.0806865,0.313224223109195,0.0001096485286274,1.1917500902947,0.20404573361299,33.58,16.51,,,,,0.6023734389191472,-0.6023734389191472,,,,
